Rating,App,Category,Reviews,Size,Installs,Type,Price,Content Rating,Genres,Last Updated,Current Ver,Android Ver
4.7,"U Launcher Lite – FREE Live Cool Themes, Hide Apps",ART_AND_DESIGN,87.51,8.7M,500.0,Free,0.0,Everyone,Art & Design,2018-08-01,1.2.4,4.0.3 and up
4.5,Sketch - Draw & Paint,ART_AND_DESIGN,215.644,25M,5000.0,Free,0.0,Teen,Art & Design,2018-06-08,Varies with device,4.2 and up
4.1,Infinite Painter,ART_AND_DESIGN,36.815,29M,100.0,Free,0.0,Everyone,Art & Design,2018-06-14,6.1.61.1,4.2 and up
4.4,Name Art Photo Editor - Focus n Filters,ART_AND_DESIGN,8.788,12M,100.0,Free,0.0,Everyone,Art & Design,2018-07-31,1.0.15,4.0 and up
4.6,Mandala Coloring Book,ART_AND_DESIGN,4.326,21M,10.0,Free,0.0,Everyone,Art & Design,2018-06-26,1.0.4,4.4 and up
4.4,3D Color Pixel by Number - Sandbox Art Coloring,ART_AND_DESIGN,1.518,37M,10.0,Free,0.0,Everyone,Art & Design,2018-08-03,1.2.3,2.3 and up
4.7,Photo Designer - Write your name with shapes,ART_AND_DESIGN,3.632,5.5M,50.0,Free,0.0,Everyone,Art & Design,2018-07-31,3.1,4.1 and up
4.3,FlipaClip - Cartoon animation,ART_AND_DESIGN,194.216,39M,500.0,Free,0.0,Everyone,Art & Design,2018-08-03,2.2.5,4.0.3 and up
4.6,ibis Paint X,ART_AND_DESIGN,224.399,31M,1000.0,Free,0.0,Everyone,Art & Design,2018-07-30,5.5.4,4.1 and up
4.7,Superheroes Wallpapers | 4K Backgrounds,ART_AND_DESIGN,7.699,4.2M,50.0,Free,0.0,Everyone 10+,Art & Design,2018-07-12,2.2.6.2,4.0.3 and up
4.2,Pink Silver Bow Keyboard Theme,ART_AND_DESIGN,1.12,9.2M,10.0,Free,0.0,Everyone,Art & Design,2018-07-12,6.7.12.2018,4.0.3 and up
4.5,Anime Manga Coloring Book,ART_AND_DESIGN,5.035,11M,10.0,Free,0.0,Everyone,Art & Design,2018-07-19,2.2,4.0 and up
4.7,UNICORN - Color By Number & Pixel Art Coloring,ART_AND_DESIGN,8.145,24M,50.0,Free,0.0,Everyone,Art & Design;Creativity,2018-08-02,1.0.9,4.4 and up
4.1,Floor Plan Creator,ART_AND_DESIGN,36.639,Varies with device,500.0,Free,0.0,Everyone,Art & Design,2018-07-14,Varies with device,2.3.3 and up
4.4,Textgram - write on photos,ART_AND_DESIGN,295.221,Varies with device,1000.0,Free,0.0,Everyone,Art & Design,2018-07-30,Varies with device,Varies with device
3.8,Paint Splash!,ART_AND_DESIGN,2.206,1.2M,10.0,Free,0.0,Everyone,Art & Design;Creativity,2018-04-15,1.46,4.1 and up
4.7,"Canva: Poster, banner, card maker & graphic design",ART_AND_DESIGN,174.531,24M,1000.0,Free,0.0,Everyone,Art & Design,2018-07-31,1.6.1,4.1 and up
4.0,Real Tractor Farming,AUTO_AND_VEHICLES,1.598,56M,100.0,Free,0.0,Everyone,Auto & Vehicles,2018-07-26,11,4.1 and up
4.6,Used Cars and Trucks for Sale,AUTO_AND_VEHICLES,17.057,Varies with device,100.0,Free,0.0,Everyone,Auto & Vehicles,2018-07-30,Varies with device,Varies with device
4.9,Tickets SDA 2018 and Exam from the State Traffic Safety Inspectorate with Drom.ru,AUTO_AND_VEHICLES,10.479,33M,10.0,Free,0.0,Everyone,Auto & Vehicles,2018-07-18,1.7.1,4.0 and up
3.9,"REG - Check the regnumber, find information about Swedish vehicles",AUTO_AND_VEHICLES,3.971,3.6M,10.0,Free,0.0,Everyone,Auto & Vehicles,2018-07-30,2.493,4.4 and up
4.9,CDL Practice Test 2018 Edition,AUTO_AND_VEHICLES,7.774,17M,10.0,Free,0.0,Everyone,Auto & Vehicles,2018-07-03,1.7,4.2 and up
4.3,"ezETC (ETC balance inquiry, meter trial, real-time traffic)",AUTO_AND_VEHICLES,38.846,8.6M,100.0,Free,0.0,Everyone,Auto & Vehicles,2018-07-28,2.20 Build 02,4.1 and up
4.6,Free VIN Report for Used Cars,AUTO_AND_VEHICLES,2.431,2.4M,10.0,Free,0.0,Everyone,Auto & Vehicles,2018-06-12,1.37,4.0 and up
4.9,DMV Permit Practice Test 2018 Edition,AUTO_AND_VEHICLES,6.09,27M,10.0,Free,0.0,Everyone,Auto & Vehicles,2018-07-03,1.7,4.2 and up
4.3,Ulysse Speedometer,AUTO_AND_VEHICLES,40.211,Varies with device,500.0,Free,0.0,Everyone,Auto & Vehicles,2018-07-30,Varies with device,Varies with device
4.2,Used cars for sale - Trovit,AUTO_AND_VEHICLES,52.53,7.0M,500.0,Free,0.0,Everyone,Auto & Vehicles,2018-07-16,4.47.3,4.0.3 and up
4.8,"Fines of the State Traffic Safety Inspectorate are official: inspection, payment of fines",AUTO_AND_VEHICLES,116.986,35M,500.0,Free,0.0,Everyone,Auto & Vehicles,2018-08-02,1.9.7,4.0.3 and up
3.6,SK Enca Direct Malls - Used Cars Search,AUTO_AND_VEHICLES,1.379,16M,50.0,Free,0.0,Everyone,Auto & Vehicles,2018-08-02,2.2.21,4.2 and up
4.2,"Android Auto - Maps, Media, Messaging & Voice",AUTO_AND_VEHICLES,271.92,16M,1000.0,Free,0.0,Teen,Auto & Vehicles,2018-07-11,Varies with device,5.0 and up
4.8,Tickets SDA 2019 + Exam RF,AUTO_AND_VEHICLES,7.021,17M,50.0,Free,0.0,Everyone,Auto & Vehicles,2018-07-27,1.79,4.0 and up
4.3,Police Detector (Speed Camera Radar),AUTO_AND_VEHICLES,3.574,3.9M,100.0,Free,0.0,Everyone 10+,Auto & Vehicles,2018-07-04,1.6,4.0 and up
4.9,Tickets + PDA 2018 Exam,AUTO_AND_VEHICLES,197.136,38M,100.0,Free,0.0,Everyone,Auto & Vehicles,2018-07-15,8.31,4.1 and up
4.4,PakWheels: Buy & Sell Cars,AUTO_AND_VEHICLES,15.168,37M,100.0,Free,0.0,Everyone,Auto & Vehicles,2018-07-27,10.0.2,4.2 and up
4.0,Supervision service,AUTO_AND_VEHICLES,2.155,15M,50.0,Free,0.0,Everyone,Auto & Vehicles,2018-07-30,1.10.3,5.0 and up
3.7,Used car search Goo net whole car Go to net,AUTO_AND_VEHICLES,5.414,18M,100.0,Free,0.0,Everyone,Auto & Vehicles,2018-07-23,3.20.1,4.4 and up
4.4,CarMax – Cars for Sale: Search Used Car Inventory,AUTO_AND_VEHICLES,21.777,Varies with device,100.0,Free,0.0,Everyone,Auto & Vehicles,2018-08-04,Varies with device,Varies with device
4.6,AutoScout24 Switzerland – Find your new car,AUTO_AND_VEHICLES,13.372,Varies with device,100.0,Free,0.0,Everyone,Auto & Vehicles,2018-08-03,Varies with device,Varies with device
4.6,Zona Azul Digital Fácil SP CET - OFFICIAL São Paulo,AUTO_AND_VEHICLES,7.88,Varies with device,10.0,Free,0.0,Everyone,Auto & Vehicles,2018-05-10,4.6.5,Varies with device
4.5,SMS Park,AUTO_AND_VEHICLES,3.617,7.9M,10.0,Free,0.0,Everyone,Auto & Vehicles,2018-05-16,2.8.2,4.1 and up
3.7,SKencar,AUTO_AND_VEHICLES,4.806,35M,100.0,Free,0.0,Everyone,Auto & Vehicles,2018-07-31,4.0.3,4.0.3 and up
4.6,Fuelio: Gas log & costs,AUTO_AND_VEHICLES,65.786,Varies with device,100.0,Free,0.0,Everyone,Auto & Vehicles,2018-08-02,Varies with device,4.0.3 and up
4.6,auto fines,AUTO_AND_VEHICLES,31.433,17M,100.0,Free,0.0,Everyone,Auto & Vehicles,2018-08-02,1.4,4.0.3 and up
4.6,"Used car is the first car - used car purchase, used car quotation, dealer information to",AUTO_AND_VEHICLES,5.097,19M,100.0,Free,0.0,Everyone,Auto & Vehicles,2018-07-23,1.5.18,4.0.3 and up
4.0,All of the parking lot - National Park application (parking lot search / parking sharing / discount payment),AUTO_AND_VEHICLES,1.754,14M,50.0,Free,0.0,Everyone,Auto & Vehicles,2018-06-02,2.3.4,4.0 and up
4.0,Gas Station,AUTO_AND_VEHICLES,1.288,4.5M,10.0,Free,0.0,Everyone,Auto & Vehicles,2018-04-21,2.17,4.0 and up
4.7,Hush - Beauty for Everyone,BEAUTY,18.9,17M,50.0,Free,0.0,Everyone,Beauty,2018-08-02,6.10.1,5.0 and up
4.7,Natural recipes for your beauty,BEAUTY,1.15,9.8M,10.0,Free,0.0,Everyone,Beauty,2018-05-15,4,4.1 and up
3.9,"BestCam Selfie-selfie, beauty camera, photo editor",BEAUTY,1.739,21M,50.0,Free,0.0,Everyone,Beauty,2018-07-12,1.0.6,4.0.3 and up
4.6,Hairstyles step by step,BEAUTY,4.369,14M,10.0,Free,0.0,Everyone,Beauty,2018-07-25,1.9,4.0.3 and up
4.3,Filters for Selfie,BEAUTY,8.572,25M,100.0,Free,0.0,Everyone,Beauty,2018-05-10,1.1.0,4.0 and up
4.7,Ulta Beauty,BEAUTY,42.05,Varies with device,100.0,Free,0.0,Everyone,Beauty,2018-06-05,5.4,5.0 and up
4.1,Girls Hairstyles,BEAUTY,3.595,Varies with device,50.0,Free,0.0,Everyone,Beauty,2018-05-24,Varies with device,4.0 and up
4.5,"Sephora: Skin Care, Beauty Makeup & Fragrance Shop",BEAUTY,26.834,57M,100.0,Free,0.0,Everyone,Beauty,2018-07-24,18.5,5.0 and up
3.9,"Sticker Camera - Selfie Filters, Beauty Camera",BEAUTY,2.277,22M,50.0,Free,0.0,Everyone,Beauty,2018-07-12,1.1.0,4.0.3 and up
4.4,Filters for B Live,BEAUTY,2.28,24M,50.0,Free,0.0,Everyone,Beauty,2018-05-14,1.1.0,4.0 and up
3.7,Rainbow Camera,BEAUTY,3.871,23M,100.0,Free,0.0,Everyone,Beauty,2018-07-30,2.2.0,4.0 and up
4.6,Wattpad 📖 Free Books,BOOKS_AND_REFERENCE,2914.724,Varies with device,10000.0,Free,0.0,Teen,Books & Reference,2018-08-01,Varies with device,Varies with device
4.4,Wikipedia,BOOKS_AND_REFERENCE,577.55,Varies with device,1000.0,Free,0.0,Everyone,Books & Reference,2018-08-02,Varies with device,Varies with device
4.2,Amazon Kindle,BOOKS_AND_REFERENCE,814.08,Varies with device,10000.0,Free,0.0,Teen,Books & Reference,2018-07-27,Varies with device,Varies with device
4.5,Dictionary - Merriam-Webster,BOOKS_AND_REFERENCE,454.06,Varies with device,1000.0,Free,0.0,Everyone,Books & Reference,2018-05-18,Varies with device,Varies with device
4.5,NOOK: Read eBooks & Magazines,BOOKS_AND_REFERENCE,155.446,Varies with device,1000.0,Free,0.0,Teen,Books & Reference,2018-04-25,Varies with device,Varies with device
4.4,Book store,BOOKS_AND_REFERENCE,22.486,5.4M,100.0,Free,0.0,Teen,Books & Reference,2018-06-06,3.2.1,4.0 and up
4.5,FBReader: Favorite Book Reader,BOOKS_AND_REFERENCE,203.13,Varies with device,1000.0,Free,0.0,Everyone,Books & Reference,2018-06-28,Varies with device,Varies with device
4.8,Free Books - Spirit Fanfiction and Stories,BOOKS_AND_REFERENCE,116.507,5.0M,100.0,Free,0.0,Teen,Books & Reference,2018-08-01,2.0.075,4.0.3 and up
3.9,Google Play Books,BOOKS_AND_REFERENCE,1433.233,Varies with device,100000.0,Free,0.0,Teen,Books & Reference,2018-08-03,Varies with device,Varies with device
4.6,AlReader -any text book reader,BOOKS_AND_REFERENCE,90.468,5.9M,500.0,Free,0.0,Everyone,Books & Reference,2018-05-27,1.91180527,2.3 and up
4.1,Oxford Dictionary of English : Free,BOOKS_AND_REFERENCE,363.934,7.1M,1000.0,Free,0.0,Everyone,Books & Reference,2018-07-11,9.1.363,4.1 and up
4.2,Spanish English Translator,BOOKS_AND_REFERENCE,87.873,Varies with device,1000.0,Free,0.0,Teen,Books & Reference,2018-05-28,Varies with device,Varies with device
4.3,FamilySearch Tree,BOOKS_AND_REFERENCE,17.506,17M,100.0,Free,0.0,Everyone,Books & Reference,2018-07-20,2.3.18,4.1 and up
3.3,Cloud of Books,BOOKS_AND_REFERENCE,1.862,19M,100.0,Free,0.0,Everyone,Books & Reference,2018-04-27,2.2.5,4.1 and up
4.6,Recipes of Prophetic Medicine for free,BOOKS_AND_REFERENCE,2.084,6.7M,50.0,Free,0.0,Everyone,Books & Reference,2018-05-17,15,2.3 and up
4.8,ReadEra – free ebook reader,BOOKS_AND_REFERENCE,47.303,21M,100.0,Free,0.0,Everyone,Books & Reference,2018-06-02,18.05.31+530,4.1 and up
4.7,NOOK App for NOOK Devices,BOOKS_AND_REFERENCE,19.08,Varies with device,50.0,Free,0.0,Everyone,Books & Reference,2018-04-25,Varies with device,Varies with device
4.1,Ebook Reader,BOOKS_AND_REFERENCE,85.842,37M,500.0,Free,0.0,Everyone,Books & Reference,2018-06-25,5.0.6,4.0 and up
4.6,Litnet - E-books,BOOKS_AND_REFERENCE,7.831,15M,10.0,Free,0.0,Teen,Books & Reference,2018-07-04,1.2.3,4.0 and up
4.1,Read books online,BOOKS_AND_REFERENCE,91.615,23M,500.0,Free,0.0,Mature 17+,Books & Reference,2018-06-29,3.12,4.1 and up
4.7,eBoox: book reader fb2 epub zip,BOOKS_AND_REFERENCE,21.336,23M,100.0,Free,0.0,Everyone,Books & Reference,2018-06-20,1.28,3.0 and up
4.5,English Persian Dictionary,BOOKS_AND_REFERENCE,26.875,73M,50.0,Free,0.0,Everyone,Books & Reference,2018-08-01,6.0.8,4.0.3 and up
4.4,All Maths Formulas,BOOKS_AND_REFERENCE,2.709,6.8M,100.0,Free,0.0,Everyone,Books & Reference,2018-07-11,1.9,4.4 and up
4.3,Ancestry,BOOKS_AND_REFERENCE,64.513,Varies with device,500.0,Free,0.0,Everyone,Books & Reference,2018-07-31,Varies with device,Varies with device
4.4,Pdf Book Download - Read Pdf Book,BOOKS_AND_REFERENCE,1.322,3.5M,10.0,Free,0.0,Everyone,Books & Reference,2018-05-28,6,4.0.3 and up
4.6,"Only 30 days in English, the guideline is guaranteed",BOOKS_AND_REFERENCE,1.065,2.3M,50.0,Free,0.0,Everyone,Books & Reference,2018-06-16,1.5,3.0 and up
4.4,Moon+ Reader,BOOKS_AND_REFERENCE,233.757,Varies with device,1000.0,Free,0.0,Everyone,Books & Reference,2018-05-01,Varies with device,Varies with device
4.4,English-Myanmar Dictionary,BOOKS_AND_REFERENCE,8.788,10M,100.0,Free,0.0,Everyone,Books & Reference,2018-07-28,2.5.3,4.0 and up
4.4,Golden Dictionary (EN-AR),BOOKS_AND_REFERENCE,51.269,6.1M,100.0,Free,0.0,Everyone,Books & Reference,2018-07-19,7.0.4.6,4.2 and up
4.4,All Language Translator Free,BOOKS_AND_REFERENCE,30.105,2.1M,100.0,Free,0.0,Everyone,Books & Reference,2018-07-29,1.15,4.0.3 and up
4.1,Visual Voicemail by MetroPCS,BUSINESS,16.129,Varies with device,1000.0,Free,0.0,Everyone,Business,2018-07-30,Varies with device,Varies with device
4.3,Indeed Job Search,BUSINESS,674.73,Varies with device,5000.0,Free,0.0,Everyone,Business,2018-05-21,Varies with device,Varies with device
4.4,Uber Driver,BUSINESS,1254.73,Varies with device,1000.0,Free,0.0,Everyone,Business,2018-08-03,Varies with device,Varies with device
4.3,ADP Mobile Solutions,BUSINESS,85.185,29M,500.0,Free,0.0,Everyone,Business,2018-07-17,3.4.2,5.0 and up
4.3,Snag - Jobs Hiring Now,BUSINESS,32.584,Varies with device,100.0,Free,0.0,Everyone,Business,2018-05-04,Varies with device,Varies with device
4.4,Google My Business,BUSINESS,70.991,Varies with device,500.0,Free,0.0,Everyone,Business,2018-07-24,2.19.0.204537701,4.4 and up
4.3,OfficeSuite : Free Office + PDF Editor,BUSINESS,1002.861,35M,10000.0,Free,0.0,Everyone,Business,2018-08-02,9.7.14188,4.1 and up
3.9,USPS MOBILE®,BUSINESS,16.589,9.1M,100.0,Free,0.0,Everyone,Business,2018-06-14,4.9.10,4.0.3 and up
4.8,Job Search by ZipRecruiter,BUSINESS,148.945,25M,100.0,Free,0.0,Everyone,Business,2018-07-19,5.2.8,5.0 and up
4.5,Curriculum vitae App CV Builder Free Resume Maker,BUSINESS,4.458,3.9M,50.0,Free,0.0,Everyone,Business,2018-07-08,3.3,4.1 and up
4.4,Google Primer,BUSINESS,62.272,18M,1000.0,Free,0.0,Everyone,Business,2018-06-26,3.550.2,4.1 and up
4.0,Alba Heaven - Alvarez Job Portal Services,BUSINESS,8.941,12M,500.0,Free,0.0,Everyone,Business,2018-07-31,4.6.30,4.0.3 and up
4.0,Facebook Pages Manager,BUSINESS,1279.184,Varies with device,5000.0,Free,0.0,Everyone,Business,2018-08-02,Varies with device,Varies with device
4.2,OfficeSuite Pro + PDF (Trial),BUSINESS,88.073,Varies with device,1000.0,Free,0.0,Everyone,Business,2018-07-09,Varies with device,Varies with device
4.5,My Space - Employment Center,BUSINESS,67.0,Varies with device,100.0,Free,0.0,Everyone,Business,2018-07-17,Varies with device,4.3 and up
4.2,Box,BUSINESS,159.872,Varies with device,1000.0,Free,0.0,Everyone,Business,2018-07-31,Varies with device,Varies with device
4.6,Call Blocker,BUSINESS,188.841,3.2M,500.0,Free,0.0,Everyone,Business,2018-06-21,1.1.13,4.0 and up
4.1,Jobs in Alabama - Jobs in Alba,BUSINESS,11.622,Varies with device,500.0,Free,0.0,Everyone,Business,2018-07-26,Varies with device,Varies with device
4.6,Square Point of Sale - POS,BUSINESS,95.912,Varies with device,500.0,Free,0.0,Everyone,Business,2018-07-30,Varies with device,Varies with device
3.9,Kariyer.net,BUSINESS,45.964,16M,100.0,Free,0.0,Everyone,Business,2018-07-18,5.1.5,4.1 and up
4.3,SEEK Job Search,BUSINESS,14.955,Varies with device,100.0,Free,0.0,Everyone,Business,2018-07-30,Varies with device,Varies with device
4.1,Become a Job - Find a job or advertise,BUSINESS,6.903,14M,100.0,Free,0.0,Everyone,Business,2018-07-10,2.3.6,4.1 and up
4.4,ZOOM Cloud Meetings,BUSINESS,31.614,37M,1000.0,Free,0.0,Everyone,Business,2018-07-20,4.1.28165.0716,4.0 and up
4.1,Easy Installer - Apps On SD,BUSINESS,23.055,Varies with device,500.0,Free,0.0,Everyone,Business,2018-06-08,Varies with device,Varies with device
4.1,Facebook Ads Manager,BUSINESS,19.023,Varies with device,100.0,Free,0.0,Everyone,Business,2018-08-01,99.0.0.35.75,4.1 and up
4.5,"IndiaMART: Search Products, Buy, Sell & Trade",BUSINESS,207.372,11M,500.0,Free,0.0,Everyone,Business,2018-08-02,12.2.4,4.0 and up
4.4,ViettelPost express delivery,BUSINESS,1.225,25M,10.0,Free,0.0,Everyone,Business,2018-08-01,1.0.6.8,4.1 and up
4.4,MyASUS - Service Center,BUSINESS,380.837,7.3M,1000.0,Free,0.0,Everyone,Business,2018-07-04,3.4.5,4.2 and up
4.3,Job Korea - Career Jobs,BUSINESS,10.6,6.5M,100.0,Free,0.0,Everyone,Business,2018-08-01,2.5.6,4.0 and up
4.4,"104 Looking for a job - looking for a job, looking for a job, looking for a part-time job, health checkup, resume, treatment room",BUSINESS,74.359,25M,100.0,Free,0.0,Everyone,Business,2018-07-27,1.12.5,4.0 and up
4.7,ATI Cargoes and Transportation,BUSINESS,4.162,7.5M,10.0,Free,0.0,Everyone,Business,2018-07-24,0.9.4,4.0.3 and up
3.9,UPS Mobile,BUSINESS,23.243,Varies with device,500.0,Free,0.0,Everyone,Business,2018-06-25,Varies with device,Varies with device
4.3,SignEasy | Sign and Fill PDF and other Documents,BUSINESS,8.978,Varies with device,100.0,Free,0.0,Everyone,Business,2018-07-25,Varies with device,Varies with device
4.4,Genius Scan - PDF Scanner,BUSINESS,42.492,Varies with device,100.0,Free,0.0,Everyone,Business,2018-07-11,Varies with device,Varies with device
4.5,Fast Scanner : Free PDF Scan,BUSINESS,103.755,14M,1000.0,Free,0.0,Everyone,Business,2018-07-11,3.9.2,4.1 and up
4.2,Mobile Doc Scanner (MDScan) Lite,BUSINESS,46.505,19M,100.0,Free,0.0,Everyone,Business,2018-08-02,3.4.49,4.1 and up
4.2,Box,BUSINESS,159.872,Varies with device,1000.0,Free,0.0,Everyone,Business,2018-07-31,Varies with device,Varies with device
4.3,Google Ads,BUSINESS,29.313,20M,500.0,Free,0.0,Everyone,Business,2018-07-30,1.12.0,4.0.3 and up
4.4,Google My Business,BUSINESS,70.991,Varies with device,500.0,Free,0.0,Everyone,Business,2018-07-24,2.19.0.204537701,4.4 and up
4.4,Slack,BUSINESS,51.507,Varies with device,500.0,Free,0.0,Everyone,Business,2018-08-02,Varies with device,Varies with device
4.1,FreshBooks Classic,BUSINESS,1.802,26M,10.0,Free,0.0,Everyone,Business,2018-04-18,1.7.14,4.2 and up
3.8,Insightly CRM,BUSINESS,1.383,51M,10.0,Free,0.0,Everyone,Business,2018-07-12,3.24.1,5.0 and up
4.3,QuickBooks Accounting: Invoicing & Expenses,BUSINESS,23.175,41M,100.0,Free,0.0,Everyone,Business,2018-07-13,18.7,4.1 and up
3.8,HipChat - Chat Built for Teams,BUSINESS,5.868,20M,50.0,Free,0.0,Everyone,Business,2018-07-03,3.19.005,4.1 and up
3.5,Xero Accounting Software,BUSINESS,2.111,Varies with device,10.0,Free,0.0,Everyone,Business,2018-07-30,Varies with device,Varies with device
4.1,"MailChimp - Email, Marketing Automation",BUSINESS,5.448,12M,50.0,Free,0.0,Everyone,Business,2018-07-25,4.9.1,5.0 and up
4.6,Crew - Free Messaging and Scheduling,BUSINESS,4.159,48M,50.0,Free,0.0,Everyone,Business,2018-07-20,6.1.2,4.0.3 and up
4.3,Asana: organize team projects,BUSINESS,20.815,10M,100.0,Free,0.0,Everyone,Business,2018-07-26,6.4.4,5.0 and up
4.1,AdWords Express,BUSINESS,7.149,11M,100.0,Free,0.0,Everyone,Business,2018-07-31,2.6.158,4.0 and up
4.5,Accounting App - Zoho Books,BUSINESS,3.079,8.5M,10.0,Free,0.0,Everyone,Business,2018-08-02,5.20.7,4.1 and up
4.6,Invoice & Time Tracking - Zoho,BUSINESS,5.8,8.6M,10.0,Free,0.0,Everyone,Business,2018-08-02,5.20.7,4.1 and up
4.0,join.me - Simple Meetings,BUSINESS,6.989,Varies with device,100.0,Free,0.0,Everyone,Business,2018-07-16,4.3.0.508,4.4 and up
4.2,Invoice 2go — Professional Invoices and Estimates,BUSINESS,16.422,28M,100.0,Free,0.0,Everyone,Business,2018-08-01,10.46.2,4.1 and up
4.4,Cisco Webex Meetings,BUSINESS,108.741,28M,1000.0,Free,0.0,Everyone,Business,2018-07-20,11.1.0,4.3 and up
4.4,ZOOM Cloud Meetings,BUSINESS,31.614,37M,1000.0,Free,0.0,Everyone,Business,2018-07-20,4.1.28165.0716,4.0 and up
4.2,Cisco Webex Teams,BUSINESS,1.661,46M,10.0,Free,0.0,Everyone,Business,2018-08-02,3.0.4651,4.4 and up
4.2,Microsoft Remote Desktop,BUSINESS,97.702,Varies with device,500.0,Free,0.0,Everyone,Business,2018-07-11,Varies with device,Varies with device
4.0,join.me - Simple Meetings,BUSINESS,6.989,Varies with device,100.0,Free,0.0,Everyone,Business,2018-07-16,4.3.0.508,4.4 and up
3.8,ClickMeeting Webinars,BUSINESS,5.211,26M,100.0,Free,0.0,Everyone,Business,2018-07-30,3.3.0,4.0 and up
3.9,BlueJeans for Android,BUSINESS,1.058,23M,50.0,Free,0.0,Everyone,Business,2018-06-29,2.22.397,5.0 and up
3.9,Skype for Business for Android,BUSINESS,78.172,Varies with device,1000.0,Free,0.0,Everyone,Business,2018-08-02,Varies with device,Varies with device
4.2,Box,BUSINESS,159.872,Varies with device,1000.0,Free,0.0,Everyone,Business,2018-07-31,Varies with device,Varies with device
4.3,Google Ads,BUSINESS,29.313,20M,500.0,Free,0.0,Everyone,Business,2018-07-30,1.12.0,4.0.3 and up
4.4,Google My Business,BUSINESS,70.991,Varies with device,500.0,Free,0.0,Everyone,Business,2018-07-24,2.19.0.204537701,4.4 and up
4.4,Slack,BUSINESS,51.507,Varies with device,500.0,Free,0.0,Everyone,Business,2018-08-02,Varies with device,Varies with device
4.1,FreshBooks Classic,BUSINESS,1.802,26M,10.0,Free,0.0,Everyone,Business,2018-04-18,1.7.14,4.2 and up
3.8,Insightly CRM,BUSINESS,1.383,51M,10.0,Free,0.0,Everyone,Business,2018-07-12,3.24.1,5.0 and up
4.3,QuickBooks Accounting: Invoicing & Expenses,BUSINESS,23.175,41M,100.0,Free,0.0,Everyone,Business,2018-07-13,18.7,4.1 and up
3.8,HipChat - Chat Built for Teams,BUSINESS,5.868,20M,50.0,Free,0.0,Everyone,Business,2018-07-03,3.19.005,4.1 and up
3.5,Xero Accounting Software,BUSINESS,2.111,Varies with device,10.0,Free,0.0,Everyone,Business,2018-07-30,Varies with device,Varies with device
4.1,"MailChimp - Email, Marketing Automation",BUSINESS,5.448,12M,50.0,Free,0.0,Everyone,Business,2018-07-25,4.9.1,5.0 and up
4.6,Crew - Free Messaging and Scheduling,BUSINESS,4.159,48M,50.0,Free,0.0,Everyone,Business,2018-07-20,6.1.2,4.0.3 and up
4.3,Asana: organize team projects,BUSINESS,20.815,10M,100.0,Free,0.0,Everyone,Business,2018-07-26,6.4.4,5.0 and up
4.1,AdWords Express,BUSINESS,7.149,11M,100.0,Free,0.0,Everyone,Business,2018-07-31,2.6.158,4.0 and up
4.5,Accounting App - Zoho Books,BUSINESS,3.079,8.5M,10.0,Free,0.0,Everyone,Business,2018-08-02,5.20.7,4.1 and up
4.6,Invoice & Time Tracking - Zoho,BUSINESS,5.8,8.6M,10.0,Free,0.0,Everyone,Business,2018-08-02,5.20.7,4.1 and up
4.0,join.me - Simple Meetings,BUSINESS,6.989,Varies with device,100.0,Free,0.0,Everyone,Business,2018-07-16,4.3.0.508,4.4 and up
4.2,Invoice 2go — Professional Invoices and Estimates,BUSINESS,16.422,28M,100.0,Free,0.0,Everyone,Business,2018-08-01,10.46.2,4.1 and up
4.3,SignEasy | Sign and Fill PDF and other Documents,BUSINESS,8.978,Varies with device,100.0,Free,0.0,Everyone,Business,2018-07-25,Varies with device,Varies with device
4.4,Genius Scan - PDF Scanner,BUSINESS,42.492,Varies with device,100.0,Free,0.0,Everyone,Business,2018-07-11,Varies with device,Varies with device
4.5,Fast Scanner : Free PDF Scan,BUSINESS,103.755,14M,1000.0,Free,0.0,Everyone,Business,2018-07-11,3.9.2,4.1 and up
4.2,Mobile Doc Scanner (MDScan) Lite,BUSINESS,46.505,19M,100.0,Free,0.0,Everyone,Business,2018-08-02,3.4.49,4.1 and up
4.3,OfficeSuite : Free Office + PDF Editor,BUSINESS,1002.859,35M,10000.0,Free,0.0,Everyone,Business,2018-08-02,9.7.14188,4.1 and up
4.4,Slack,BUSINESS,51.51,Varies with device,500.0,Free,0.0,Everyone,Business,2018-08-02,Varies with device,Varies with device
4.3,QuickBooks Accounting: Invoicing & Expenses,BUSINESS,23.175,41M,100.0,Free,0.0,Everyone,Business,2018-07-13,18.7,4.1 and up
4.5,LINE WEBTOON - Free Comics,COMICS,1013.635,Varies with device,1000.0,Free,0.0,Teen,Comics,2018-07-31,Varies with device,Varies with device
4.6,Manga Master - Best manga & comic reader,COMICS,24.005,4.9M,50.0,Free,0.0,Adults only 18+,Comics,2018-07-04,1.1.7.0,4.1 and up
4.7,GANMA! - All original stories free of charge for all original comics,COMICS,57.106,27M,100.0,Free,0.0,Teen,Comics,2018-07-23,2.11.3,4.1 and up
4.4,Manga Rock - Best Manga Reader,COMICS,238.97,28M,100.0,Free,0.0,Teen,Comics,2018-07-09,3.4.3_world,5.0 and up
3.2,comico Popular Original Cartoon Updated Everyday Comico,COMICS,93.965,15M,500.0,Free,0.0,Teen,Comics,2018-07-03,6.3.0,4.0.3 and up
3.2,Daily Manga - Comic & Webtoon,COMICS,1.446,7.1M,10.0,Free,0.0,Mature 17+,Comics,2018-05-18,1,4.0.3 and up
4.1,"漫咖 Comics - Manga,Novel and Stories",COMICS,12.088,21M,100.0,Free,0.0,Mature 17+,Comics,2018-07-06,2.3.1,4.0.3 and up
4.2,DC Comics,COMICS,25.671,Varies with device,100.0,Free,0.0,Teen,Comics,2018-06-05,Varies with device,Varies with device
4.2,Manga Zero - Japanese cartoon and comic reader,COMICS,15.194,15M,100.0,Free,0.0,Teen,Comics,2018-07-19,4.7.3,4.2 and up
3.7,Marvel Unlimited,COMICS,22.551,11M,100.0,Free,0.0,Teen,Comics,2018-07-24,3.16.0,4.4 and up
4.5,"Tapas – Comics, Novels, and Stories",COMICS,29.839,29M,100.0,Free,0.0,Teen,Comics,2018-07-31,4.1.0,4.4 and up
4.5,Narrator's Voice,COMICS,564.387,Varies with device,500.0,Free,0.0,Everyone,Comics,2018-07-05,Varies with device,Varies with device
4.7,Faustop Sounds,COMICS,1.677,40M,10.0,Free,0.0,Everyone,Comics,2018-05-26,1.7.7,4.1 and up
4.5,Buff Thun - Daily Free Webtoon / Comics / Web Fiction / Mini Game,COMICS,9.952,38M,50.0,Free,0.0,Everyone 10+,Comics,2018-07-31,4.3.0,4.1 and up
4.4,pixiv comic - everyone's manga app,COMICS,18.814,Varies with device,100.0,Free,0.0,Mature 17+,Comics,2018-07-30,Varies with device,Varies with device
4.4,Perfect Viewer,COMICS,51.981,Varies with device,500.0,Free,0.0,Everyone,Comics,2018-08-01,4.2.0.2,2.3 and up
4.4,Memes Button,COMICS,5.968,5.7M,100.0,Free,0.0,Everyone,Comics,2018-05-28,1.4,4.0 and up
4.6,"Laftel - Watching and Announcing Snooping, Streaming",COMICS,4.895,35M,10.0,Free,0.0,Everyone,Comics,2018-08-02,2.4.25,4.4 and up
4.0,Messenger – Text and Video Chat for Free,COMMUNICATION,56642.847,Varies with device,100000.0,Free,0.0,Everyone,Communication,2018-08-01,Varies with device,Varies with device
4.4,WhatsApp Messenger,COMMUNICATION,69119.316,Varies with device,100000.0,Free,0.0,Everyone,Communication,2018-08-03,Varies with device,Varies with device
4.3,Messenger for SMS,COMMUNICATION,125.257,17M,1000.0,Free,0.0,Teen,Communication,2018-06-06,1.8.9,4.1 and up
4.3,Google Chrome: Fast & Secure,COMMUNICATION,9642.995,Varies with device,100000.0,Free,0.0,Everyone,Communication,2018-08-01,Varies with device,Varies with device
4.4,Messenger Lite: Free Calls & Messages,COMMUNICATION,1429.035,Varies with device,10000.0,Free,0.0,Everyone,Communication,2018-07-25,37.0.0.7.163,2.3 and up
4.3,Gmail,COMMUNICATION,4604.324,Varies with device,100000.0,Free,0.0,Everyone,Communication,2018-08-02,Varies with device,Varies with device
4.0,Hangouts,COMMUNICATION,3419.249,Varies with device,100000.0,Free,0.0,Everyone,Communication,2018-07-21,Varies with device,Varies with device
4.3,Viber Messenger,COMMUNICATION,11334.799,Varies with device,50000.0,Free,0.0,Everyone,Communication,2018-07-18,Varies with device,Varies with device
4.3,My Tele2,COMMUNICATION,158.679,8.8M,500.0,Free,0.0,Everyone,Communication,2018-08-03,2.4.1,4.4 and up
4.4,Firefox Browser fast & private,COMMUNICATION,3075.028,Varies with device,10000.0,Free,0.0,Everyone,Communication,2018-07-10,Varies with device,Varies with device
4.3,Yahoo Mail – Stay Organized,COMMUNICATION,4187.998,16M,10000.0,Free,0.0,Everyone,Communication,2018-07-18,5.29.3,4.4 and up
4.3,imo beta free calls and text,COMMUNICATION,659.395,11M,10000.0,Free,0.0,Everyone,Communication,2018-06-07,9.8.000000010492,4.0 and up
4.3,imo free video calls and chat,COMMUNICATION,4785.892,11M,50000.0,Free,0.0,Everyone,Communication,2018-06-08,9.8.000000010501,4.0 and up
4.3,Contacts,COMMUNICATION,66.602,Varies with device,5000.0,Free,0.0,Everyone,Communication,2018-06-26,2.8.4.201036949,5.0 and up
4.3,Call Free – Free Call,COMMUNICATION,30.209,15M,500.0,Free,0.0,Everyone,Communication,2018-07-28,1.3.4,4.1 and up
4.0,Web Browser & Explorer,COMMUNICATION,36.901,6.6M,500.0,Free,0.0,Everyone,Communication,2018-07-04,11.8.6,4.0.3 - 7.1.1
4.5,Opera Mini - fast web browser,COMMUNICATION,5149.854,Varies with device,10000.0,Free,0.0,Everyone,Communication,2018-07-19,Varies with device,Varies with device
4.3,Browser 4G,COMMUNICATION,192.948,6.6M,1000.0,Free,0.0,Everyone,Communication,2018-06-19,24.6.6,4.0.3 - 7.1.1
3.7,MegaFon Dashboard,COMMUNICATION,99.559,Varies with device,1000.0,Free,0.0,Everyone,Communication,2018-07-30,Varies with device,Varies with device
4.5,ZenUI Dialer & Contacts,COMMUNICATION,437.674,Varies with device,1000.0,Free,0.0,Everyone,Communication,2018-08-01,Varies with device,Varies with device
3.9,Cricket Visual Voicemail,COMMUNICATION,13.698,5.1M,1000.0,Free,0.0,Everyone,Communication,2018-07-02,3.2.0.100171,4.1 and up
4.4,Opera Browser: Fast and Secure,COMMUNICATION,2473.509,Varies with device,10000.0,Free,0.0,Everyone,Communication,2018-07-31,47.1.2249.129326,Varies with device
3.6,TracFone My Account,COMMUNICATION,20.769,18M,100.0,Free,0.0,Everyone,Communication,2018-07-11,R6.0.3,4.1 and up
4.4,Firefox Focus: The privacy browser,COMMUNICATION,36.88,4.0M,100.0,Free,0.0,Everyone,Communication,2018-07-06,5.2,5.0 and up
4.2,Google Voice,COMMUNICATION,171.031,Varies with device,1000.0,Free,0.0,Everyone,Communication,2018-08-03,Varies with device,Varies with device
4.4,Chrome Dev,COMMUNICATION,63.543,Varies with device,500.0,Free,0.0,Everyone,Communication,2018-08-02,69.0.3497.24,Varies with device
4.4,TouchPal Keyboard - Fun Emoji & Android Keyboard,COMMUNICATION,615.381,37M,1000.0,Free,0.0,Mature 17+,Communication,2018-08-02,6.7.9.1,4.0.3 and up
4.3,Who,COMMUNICATION,2451.083,Varies with device,10000.0,Free,0.0,Teen,Communication,2018-08-03,Varies with device,Varies with device
4.2,Skype Lite - Free Video Call & Chat,COMMUNICATION,33.053,22M,500.0,Free,0.0,Everyone,Communication,2018-07-31,1.60.0.31354-release,4.0.3 and up
4.2,WeChat,COMMUNICATION,5387.333,Varies with device,10000.0,Free,0.0,Everyone,Communication,2018-07-31,Varies with device,Varies with device
4.4,UC Browser Mini -Tiny Fast Private & Secure,COMMUNICATION,3648.12,3.3M,10000.0,Free,0.0,Teen,Communication,2018-07-18,11.4.0,4.0 and up
4.4,WhatsApp Business,COMMUNICATION,136.662,32M,1000.0,Free,0.0,Everyone,Communication,2018-07-30,2.18.116,4.0.3 and up
3.9,My magenta,COMMUNICATION,42.37,37M,100.0,Free,0.0,Everyone,Communication,2018-06-25,7.5.1,5.0 and up
4.2,Android Messages,COMMUNICATION,781.81,Varies with device,10000.0,Free,0.0,Everyone,Communication,2018-08-01,Varies with device,Varies with device
4.4,Telegram,COMMUNICATION,3128.25,Varies with device,10000.0,Free,0.0,Mature 17+,Communication,2018-07-27,Varies with device,Varies with device
4.6,Google Duo - High Quality Video Calls,COMMUNICATION,2083.237,Varies with device,50000.0,Free,0.0,Everyone,Communication,2018-07-31,37.1.206017801.DR37_RC14,4.4 and up
4.3,Puffin Web Browser,COMMUNICATION,541.389,Varies with device,1000.0,Free,0.0,Everyone,Communication,2018-07-09,7.5.3.20547,4.1 and up
4.3,Seznam.cz,COMMUNICATION,46.702,Varies with device,100.0,Free,0.0,Everyone,Communication,2018-07-04,Varies with device,Varies with device
4.4,Antillean Gold Telegram (original version),COMMUNICATION,2.939,17M,10.0,Free,0.0,Everyone,Communication,2018-07-16,2.1,4.1 and up
3.7,AT&T Visual Voicemail,COMMUNICATION,13.761,Varies with device,1000.0,Free,0.0,Everyone,Communication,2018-06-27,Varies with device,Varies with device
4.3,GMX Mail,COMMUNICATION,258.556,Varies with device,1000.0,Free,0.0,Everyone,Communication,2018-07-25,Varies with device,Varies with device
4.5,UC Browser - Fast Download Private & Secure,COMMUNICATION,17712.922,40M,50000.0,Free,0.0,Teen,Communication,2018-08-02,12.8.5.1121,4.0 and up
3.7,My Vodacom SA,COMMUNICATION,25.021,61M,500.0,Free,0.0,Everyone,Communication,2018-06-26,9.9.0,4.3 and up
4.3,Microsoft Edge,COMMUNICATION,27.187,66M,500.0,Free,0.0,Everyone,Communication,2018-07-28,42.0.0.2059,4.4 and up
4.4,WhatsApp Messenger,COMMUNICATION,69119.316,Varies with device,100000.0,Free,0.0,Everyone,Communication,2018-08-03,Varies with device,Varies with device
4.0,Messenger – Text and Video Chat for Free,COMMUNICATION,56646.578,Varies with device,100000.0,Free,0.0,Everyone,Communication,2018-08-01,Varies with device,Varies with device
4.3,imo free video calls and chat,COMMUNICATION,4785.988,11M,50000.0,Free,0.0,Everyone,Communication,2018-06-08,9.8.000000010501,4.0 and up
4.3,Viber Messenger,COMMUNICATION,11334.973,Varies with device,50000.0,Free,0.0,Everyone,Communication,2018-07-18,Varies with device,Varies with device
4.0,Hangouts,COMMUNICATION,3419.433,Varies with device,100000.0,Free,0.0,Everyone,Communication,2018-07-21,Varies with device,Varies with device
4.1,"Talkatone: Free Texts, Calls & Phone Number",COMMUNICATION,132.014,25M,1000.0,Free,0.0,Everyone,Communication,2018-07-18,6.1,4.2 and up
4.2,Calls & Text by Mo+,COMMUNICATION,83.239,14M,500.0,Free,0.0,Everyone,Communication,2018-04-19,3.0.4,4.0 and up
4.2,free video calls and chat,COMMUNICATION,594.728,Varies with device,5000.0,Free,0.0,Everyone,Communication,2018-07-19,7.3(800241),4.4 and up
4.2,WeChat,COMMUNICATION,5387.446,Varies with device,10000.0,Free,0.0,Everyone,Communication,2018-07-31,Varies with device,Varies with device
4.1,Skype - free IM & video calls,COMMUNICATION,10484.169,Varies with device,100000.0,Free,0.0,Everyone,Communication,2018-08-03,Varies with device,Varies with device
4.4,Telegram,COMMUNICATION,3128.509,Varies with device,10000.0,Free,0.0,Mature 17+,Communication,2018-07-27,Varies with device,Varies with device
4.3,Who,COMMUNICATION,2451.093,Varies with device,10000.0,Free,0.0,Teen,Communication,2018-08-03,Varies with device,Varies with device
4.2,Google Voice,COMMUNICATION,171.031,Varies with device,1000.0,Free,0.0,Everyone,Communication,2018-08-03,Varies with device,Varies with device
4.4,"GO SMS Pro - Messenger, Free Themes, Emoji",COMMUNICATION,2876.5,24M,10000.0,Free,0.0,Everyone,Communication,2018-08-01,7.73,4.0 and up
4.2,Android Messages,COMMUNICATION,781.81,Varies with device,10000.0,Free,0.0,Everyone,Communication,2018-08-01,Varies with device,Varies with device
4.1,"Messaging+ SMS, MMS Free",COMMUNICATION,28.238,17M,100.0,Free,0.0,Everyone,Communication,2018-08-02,4.98,2.3 and up
4.3,chomp SMS,COMMUNICATION,335.646,8.3M,1000.0,Free,0.0,Everyone,Communication,2018-07-26,7.21,2.3 and up
4.3,Glide - Video Chat Messenger,COMMUNICATION,350.154,Varies with device,1000.0,Free,0.0,Everyone,Communication,2018-07-29,Varies with device,Varies with device
4.5,Text SMS,COMMUNICATION,349.384,8.2M,1000.0,Free,0.0,Everyone,Communication,2018-07-24,3.47,4.0.3 and up
4.2,Talkray - Free Calls & Texts,COMMUNICATION,244.863,Varies with device,1000.0,Free,0.0,Everyone,Communication,2018-05-29,Varies with device,Varies with device
4.2,LINE: Free Calls & Messages,COMMUNICATION,10790.289,Varies with device,50000.0,Free,0.0,Everyone,Communication,2018-07-26,Varies with device,Varies with device
4.5,GroupMe,COMMUNICATION,330.761,Varies with device,1000.0,Free,0.0,Everyone,Communication,2018-07-03,Varies with device,Varies with device
4.3,mysms SMS Text Messaging Sync,COMMUNICATION,37.32,8.4M,100.0,Free,0.0,Everyone,Communication,2018-07-30,6.5.1,4.0.3 and up
4.3,BBM - Free Calls & Messages,COMMUNICATION,12842.86,Varies with device,10000.0,Free,0.0,Everyone,Communication,2018-08-02,Varies with device,4.0.3 and up
4.3,KakaoTalk: Free Calls & Text,COMMUNICATION,2546.527,Varies with device,10000.0,Free,0.0,Everyone,Communication,2018-08-03,Varies with device,Varies with device
4.4,Firefox Focus: The privacy browser,COMMUNICATION,36.893,4.0M,100.0,Free,0.0,Everyone,Communication,2018-07-06,5.2,5.0 and up
4.2,2ndLine - Second Phone Number,COMMUNICATION,15.88,32M,100.0,Free,0.0,Everyone,Communication,2018-08-03,5.65.0,4.0 and up
4.3,Google Chrome: Fast & Secure,COMMUNICATION,9643.041,Varies with device,100000.0,Free,0.0,Everyone,Communication,2018-08-01,Varies with device,Varies with device
4.4,Firefox Browser fast & private,COMMUNICATION,3075.118,Varies with device,10000.0,Free,0.0,Everyone,Communication,2018-07-10,Varies with device,Varies with device
4.6,"CM Browser - Ad Blocker , Fast Download , Privacy",COMMUNICATION,2264.916,6.1M,5000.0,Free,0.0,Everyone,Communication,2018-07-31,5.22.18.0006,4.0 and up
4.3,Puffin Web Browser,COMMUNICATION,541.389,Varies with device,1000.0,Free,0.0,Everyone,Communication,2018-07-09,7.5.3.20547,4.1 and up
4.4,Opera Browser: Fast and Secure,COMMUNICATION,2473.693,Varies with device,10000.0,Free,0.0,Everyone,Communication,2018-07-31,47.1.2249.129326,Varies with device
4.5,Opera Mini - fast web browser,COMMUNICATION,5150.471,Varies with device,10000.0,Free,0.0,Everyone,Communication,2018-07-19,Varies with device,Varies with device
4.5,"Dolphin Browser - Fast, Private & Adblock🐬",COMMUNICATION,2511.13,Varies with device,5000.0,Free,0.0,Everyone,Communication,2018-07-02,Varies with device,Varies with device
4.4,UC Browser Mini -Tiny Fast Private & Secure,COMMUNICATION,3648.48,3.3M,10000.0,Free,0.0,Teen,Communication,2018-07-18,11.4.0,4.0 and up
4.5,UC Browser - Fast Download Private & Secure,COMMUNICATION,17714.85,40M,50000.0,Free,0.0,Teen,Communication,2018-08-02,12.8.5.1121,4.0 and up
4.2,InBrowser - Incognito Browsing,COMMUNICATION,27.156,Varies with device,100.0,Free,0.0,Everyone,Communication,2018-05-31,Varies with device,Varies with device
4.1,Web Browser for Android,COMMUNICATION,55.098,4.3M,100.0,Free,0.0,Everyone,Communication,2018-06-20,2.2,4.0 and up
4.0,Puffin Browser Pro,COMMUNICATION,18.247,Varies with device,10.0,Paid,3.99,Everyone,Communication,2018-07-05,7.5.3.20547,4.1 and up
4.2,Contacts+,COMMUNICATION,190.613,11M,1000.0,Free,0.0,Everyone,Communication,2018-07-31,5.85.1,4.0.3 and up
4.2,Calls & Text by Mo+,COMMUNICATION,83.239,14M,500.0,Free,0.0,Everyone,Communication,2018-04-19,3.0.4,4.0 and up
4.3,Viber Messenger,COMMUNICATION,11334.973,Varies with device,50000.0,Free,0.0,Everyone,Communication,2018-07-18,Varies with device,Varies with device
4.3,PHONE for Google Voice & GTalk,COMMUNICATION,72.065,13M,100.0,Free,0.0,Everyone,Communication,2018-04-18,3.0.7,4.0 and up
4.2,Full Screen Caller ID,COMMUNICATION,104.99,10M,500.0,Free,0.0,Everyone,Communication,2018-05-15,3.5.0,4.0.3 and up
4.4,Hiya - Caller ID & Block,COMMUNICATION,177.703,13M,1000.0,Free,0.0,Mature 17+,Communication,2018-07-25,8.1.2-6310,5.0 and up
4.1,Call Blocker,COMMUNICATION,17.529,10M,100.0,Free,0.0,Everyone,Communication,2018-07-26,5.86,4.0.3 and up
4.2,Mr. Number-Block calls & spam,COMMUNICATION,177.263,13M,1000.0,Free,0.0,Mature 17+,Communication,2018-07-13,5.1.2-6310,5.0 and up
4.8,Should I Answer?,COMMUNICATION,237.468,8.8M,100.0,Free,0.0,Everyone,Communication,2018-07-26,2018.1.715,4.0 and up
4.4,"CallApp: Caller ID, Blocker & Phone Call Recorder",COMMUNICATION,483.565,20M,1000.0,Free,0.0,Everyone,Communication,2018-07-29,1.286,4.1 and up
4.4,Whoscall - Caller ID & Block,COMMUNICATION,552.441,29M,1000.0,Free,0.0,Everyone,Communication,2018-08-01,6.19.1,4.1 and up
4.0,CIA - Caller ID & Call Blocker,COMMUNICATION,60.308,Varies with device,500.0,Free,0.0,Everyone,Communication,2018-06-22,Varies with device,Varies with device
4.5,Calls Blacklist - Call Blocker,COMMUNICATION,457.283,Varies with device,1000.0,Free,0.0,Everyone,Communication,2018-05-24,Varies with device,Varies with device
4.4,Call Control - Call Blocker,COMMUNICATION,93.825,11M,500.0,Free,0.0,Everyone,Communication,2018-07-05,2.17.3,4.1 and up
4.1,True Contact - Real Caller ID,COMMUNICATION,32.283,Varies with device,100.0,Free,0.0,Everyone,Communication,2018-07-26,Varies with device,Varies with device
4.5,Sync.ME – Caller ID & Block,COMMUNICATION,205.739,17M,500.0,Free,0.0,Everyone,Communication,2018-07-26,4.5.4,4.1 and up
4.3,Burner - Free Phone Number,COMMUNICATION,14.873,Varies with device,100.0,Free,0.0,Everyone,Communication,2018-07-12,Varies with device,Varies with device
4.5,"Truecaller: Caller ID, SMS spam blocking & Dialer",COMMUNICATION,7820.209,Varies with device,10000.0,Free,0.0,Everyone,Communication,2018-08-01,Varies with device,Varies with device
4.3,Gmail,COMMUNICATION,4604.483,Varies with device,100000.0,Free,0.0,Everyone,Communication,2018-08-02,Varies with device,Varies with device
4.3,Yahoo Mail – Stay Organized,COMMUNICATION,4188.142,16M,10000.0,Free,0.0,Everyone,Communication,2018-07-18,5.29.3,4.4 and up
4.5,"myMail – Email for Hotmail, Gmail and Outlook Mail",COMMUNICATION,305.218,Varies with device,1000.0,Free,0.0,Everyone,Communication,2018-08-03,Varies with device,Varies with device
4.6,Email TypeApp - Mail App,COMMUNICATION,183.374,44M,100.0,Free,0.0,Everyone,Communication,2018-08-01,1.9.4.74,4.1 and up
4.0,"Newton Mail - Email App for Gmail, Outlook, IMAP",COMMUNICATION,122.595,30M,100.0,Free,0.0,Everyone,Communication,2018-07-19,9.8.376,5.0 and up
4.6,Mail.Ru - Email App,COMMUNICATION,837.842,Varies with device,5000.0,Free,0.0,Everyone,Communication,2018-08-03,Varies with device,Varies with device
4.3,Daum Mail - Next Mail,COMMUNICATION,41.42,19M,500.0,Free,0.0,Everyone,Communication,2018-06-21,3.2.0,4.0 and up
4.2,mail.com mail,COMMUNICATION,44.706,Varies with device,100.0,Free,0.0,Everyone,Communication,2018-07-25,Varies with device,Varies with device
4.0,Hangouts,COMMUNICATION,3419.513,Varies with device,100000.0,Free,0.0,Everyone,Communication,2018-07-21,Varies with device,Varies with device
4.3,imo free video calls and chat,COMMUNICATION,4785.988,11M,50000.0,Free,0.0,Everyone,Communication,2018-06-08,9.8.000000010501,4.0 and up
4.2,free video calls and chat,COMMUNICATION,594.728,Varies with device,5000.0,Free,0.0,Everyone,Communication,2018-07-19,7.3(800241),4.4 and up
4.3,Viber Messenger,COMMUNICATION,11335.255,Varies with device,50000.0,Free,0.0,Everyone,Communication,2018-07-18,Varies with device,Varies with device
4.1,Skype - free IM & video calls,COMMUNICATION,10484.169,Varies with device,100000.0,Free,0.0,Everyone,Communication,2018-08-03,Varies with device,Varies with device
4.2,WeChat,COMMUNICATION,5387.446,Varies with device,10000.0,Free,0.0,Everyone,Communication,2018-07-31,Varies with device,Varies with device
4.6,JusTalk - Free Video Calls and Fun Video Chat,COMMUNICATION,191.032,26M,500.0,Free,0.0,Everyone,Communication,2018-08-04,7.2.29,4.0.3 and up
4.3,Glide - Video Chat Messenger,COMMUNICATION,350.154,Varies with device,1000.0,Free,0.0,Everyone,Communication,2018-07-29,Varies with device,Varies with device
4.2,Talkray - Free Calls & Texts,COMMUNICATION,244.863,Varies with device,1000.0,Free,0.0,Everyone,Communication,2018-05-29,Varies with device,Varies with device
4.2,LINE: Free Calls & Messages,COMMUNICATION,10790.289,Varies with device,50000.0,Free,0.0,Everyone,Communication,2018-07-26,Varies with device,Varies with device
4.3,KakaoTalk: Free Calls & Text,COMMUNICATION,2546.527,Varies with device,10000.0,Free,0.0,Everyone,Communication,2018-08-03,Varies with device,Varies with device
4.0,Zoosk Dating App: Meet Singles,DATING,516.801,Varies with device,1000.0,Free,0.0,Mature 17+,Dating,2018-08-02,Varies with device,Varies with device
4.1,OkCupid Dating,DATING,285.726,15M,1000.0,Free,0.0,Mature 17+,Dating,2018-07-30,11.10.1,4.1 and up
3.7,Match™ Dating - Meet Singles,DATING,76.646,Varies with device,1000.0,Free,0.0,Mature 17+,Dating,2018-07-23,Varies with device,Varies with device
4.1,"Hily: Dating, Chat, Match, Meet & Hook up",DATING,2.556,56M,10.0,Free,0.0,Mature 17+,Dating,2018-08-01,2.5.2,4.1 and up
4.2,Hinge: Dating & Relationships,DATING,7.779,12M,50.0,Free,0.0,Mature 17+,Dating,2018-08-03,6.1.3,5.0 and up
4.5,Casual Dating & Adult Singles - Joyride,DATING,61.637,11M,500.0,Free,0.0,Mature 17+,Dating,2018-07-31,4.17.2,4.1 and up
4.4,BBW Dating & Plus Size Chat,DATING,12.632,29M,100.0,Free,0.0,Mature 17+,Dating,2018-07-27,3.5.0.1,4.1 and up
4.2,"Moco - Chat, Meet People",DATING,313.724,Varies with device,1000.0,Free,0.0,Mature 17+,Dating,2018-08-04,2.6.141,4.1 and up
4.0,CMB Free Dating App,DATING,48.845,40M,100.0,Free,0.0,Mature 17+,Dating,2018-08-01,4.19.0.2320,4.4 and up
4.1,Hot or Not - Find someone right now,DATING,305.708,Varies with device,1000.0,Free,0.0,Mature 17+,Dating,2018-08-02,Varies with device,Varies with device
3.1,eharmony - Online Dating App,DATING,31.32,53M,500.0,Free,0.0,Mature 17+,Dating,2018-07-30,6.6.5,4.1 and up
4.4,Free Dating App & Flirt Chat - Match with Singles,DATING,172.46,3.1M,500.0,Free,0.0,Mature 17+,Dating,2018-08-04,1.639,4.0 and up
4.2,"Chispa, the Dating App for Latino, Latina Singles",DATING,4.195,24M,10.0,Free,0.0,Mature 17+,Dating,2018-07-25,1.6.1,4.4 and up
4.1,Clover Dating App,DATING,11.633,23M,50.0,Free,0.0,Mature 17+,Dating,2018-07-24,2.5.1,4.1 and up
3.9,Black People Meet Singles Date,DATING,10.212,5.0M,100.0,Free,0.0,Mature 17+,Dating,2018-07-25,1.9.7,4.4 and up
4.3,Mingle2 - Free Online Dating & Singles Chat Rooms,DATING,37.053,44M,100.0,Free,0.0,Mature 17+,Dating,2018-08-03,4.4B,4.1 and up
3.5,stranger chat - anonymous chat,DATING,13.202,6.1M,100.0,Free,0.0,Mature 17+,Dating,2018-07-07,2.4.1,4.1 and up
4.0,"Blendr - Chat, Flirt & Meet",DATING,28.671,Varies with device,100.0,Free,0.0,Mature 17+,Dating,2018-08-01,Varies with device,Varies with device
4.5,Find Real Love — YouLove Premium Dating,DATING,212.626,11M,1000.0,Free,0.0,Mature 17+,Dating,2018-07-31,4.17.2,4.1 and up
4.4,Once - Quality Matches Every day,DATING,222.888,21M,100.0,Free,0.0,Mature 17+,Dating,2018-07-17,2.45,4.1 and up
4.1,BLK - Swipe. Match. Chat.,DATING,2.067,24M,10.0,Free,0.0,Mature 17+,Dating,2018-07-25,1.6.1,4.4 and up
3.9,Cougar Dating Life : Date Older Women Sugar Mummy,DATING,1.643,31M,50.0,Free,0.0,Mature 17+,Dating,2018-07-03,4.5.5,4.1 and up
3.6,Stranger Chat & Date,DATING,3.414,6.2M,50.0,Free,0.0,Mature 17+,Dating,2018-06-06,1.2.1,4.1 and up
4.0,Free Dating & Flirt Chat - Choice of Love,DATING,42.194,Varies with device,500.0,Free,0.0,Mature 17+,Dating,2018-07-24,Varies with device,Varies with device
3.6,RandoChat - Chat roulette,DATING,11.806,12M,100.0,Free,0.0,Mature 17+,Dating,2018-06-26,4.0.18,4.0.3 and up
4.2,"FastMeet: Chat, Dating, Love",DATING,22.544,5.9M,100.0,Free,0.0,Mature 17+,Dating,2018-07-27,1.31.4,4.0.3 and up
4.1,"Free Dating App - YoCutie - Flirt, Chat & Meet",DATING,97.684,7.9M,100.0,Free,0.0,Mature 17+,Dating,2018-07-10,1.23,4.0.3 and up
3.4,OurTime Dating for Singles 50+,DATING,2.519,5.0M,10.0,Free,0.0,Mature 17+,Dating,2018-07-25,1.9.7,4.4 and up
4.6,Dating for 50 plus Mature Singles – FINALLY,DATING,13.046,13M,50.0,Free,0.0,Mature 17+,Dating,2018-07-31,4.17.2,4.1 and up
4.1,Sudy – Meet Elite & Rich Single,DATING,17.268,40M,50.0,Free,0.0,Mature 17+,Dating,2018-06-25,4.1.2,4.0.3 and up
3.9,Christian Dating For Free App,DATING,8.722,13M,50.0,Free,0.0,Mature 17+,Dating,2018-06-20,15.8,4.1 and up
3.5,Single Parent Meet #1 Dating,DATING,2.593,5.0M,50.0,Free,0.0,Mature 17+,Dating,2018-07-25,1.9.7,4.4 and up
2.5,EliteSingles – Dating for Single Professionals,DATING,5.377,19M,50.0,Free,0.0,Mature 17+,Dating,2018-07-31,4.8.5,4.0.3 and up
3.5,Sugar Mommas Dating And Single Search,DATING,1.972,13M,100.0,Free,0.0,Mature 17+,Dating,2018-05-12,4.3,4.1 and up
4.4,"Hide App, Private Dating, Safe Chat - PrivacyHider",DATING,35.206,7.2M,100.0,Free,0.0,Everyone,Dating,2018-05-21,2.9.6,4.0 and up
3.8,"muzmatch: Muslim & Arab Singles, Marriage & Dating",DATING,5.164,25M,10.0,Free,0.0,Mature 17+,Dating,2018-07-24,3.8.75a,4.0.3 and up
4.2,"Meet4U - Chat, Love, Singles!",DATING,40.035,6.5M,100.0,Free,0.0,Mature 17+,Dating,2018-07-27,1.31.3,4.0.3 and up
4.3,"Chat Rooms, Avatars, Date - Galaxy",DATING,135.418,Varies with device,1000.0,Free,0.0,Mature 17+,Dating,2018-07-07,Varies with device,Varies with device
4.1,Gay Sugar Daddy Dating & Hookup – Sudy Gay,DATING,2.212,41M,10.0,Free,0.0,Mature 17+,Dating,2018-06-20,2.0.5,4.0.3 and up
4.2,"Meet24 - Love, Chat, Singles",DATING,57.081,7.9M,100.0,Free,0.0,Mature 17+,Dating,2018-07-27,1.31.3,4.0.3 and up
4.2,ChatVideo Meet new people,DATING,63.986,20M,500.0,Free,0.0,Mature 17+,Dating,2018-05-31,3.0.15,4.0 and up
4.4,"TryDate - Free Online Dating App, Chat Meet Adults",DATING,7.888,15M,50.0,Free,0.0,Mature 17+,Dating,2018-04-29,2.4.0,4.1 and up
4.2,"USA Singles Meet, Match and Date Free - Date",DATING,5.084,9.6M,10.0,Free,0.0,Mature 17+,Dating,2018-08-03,1.55,4.1 and up
4.3,FlirtChat - ♥Free Dating/Flirting App♥,DATING,2.43,13M,50.0,Free,0.0,Mature 17+,Dating,2018-07-26,12.0.4,4.1 and up
4.1,OkCupid Dating,DATING,285.726,15M,1000.0,Free,0.0,Mature 17+,Dating,2018-07-30,11.10.1,4.1 and up
4.0,CMB Free Dating App,DATING,48.845,40M,100.0,Free,0.0,Mature 17+,Dating,2018-08-01,4.19.0.2320,4.4 and up
4.1,"Hily: Dating, Chat, Match, Meet & Hook up",DATING,2.556,56M,10.0,Free,0.0,Mature 17+,Dating,2018-08-01,2.5.2,4.1 and up
4.2,Hinge: Dating & Relationships,DATING,7.779,12M,50.0,Free,0.0,Mature 17+,Dating,2018-08-03,6.1.3,5.0 and up
4.4,BBW Dating & Plus Size Chat,DATING,12.632,29M,100.0,Free,0.0,Mature 17+,Dating,2018-07-27,3.5.0.1,4.1 and up
4.5,Casual Dating & Adult Singles - Joyride,DATING,61.637,11M,500.0,Free,0.0,Mature 17+,Dating,2018-07-31,4.17.2,4.1 and up
2.5,EliteSingles – Dating for Single Professionals,DATING,5.377,19M,50.0,Free,0.0,Mature 17+,Dating,2018-07-31,4.8.5,4.0.3 and up
4.1,Clover Dating App,DATING,11.633,23M,50.0,Free,0.0,Mature 17+,Dating,2018-07-24,2.5.1,4.1 and up
4.2,"Moco - Chat, Meet People",DATING,313.724,Varies with device,1000.0,Free,0.0,Mature 17+,Dating,2018-08-04,2.6.141,4.1 and up
4.1,Hot or Not - Find someone right now,DATING,305.708,Varies with device,1000.0,Free,0.0,Mature 17+,Dating,2018-08-02,Varies with device,Varies with device
3.3,Heart mill,DATING,4.631,45M,10.0,Free,0.0,Mature 17+,Dating,2018-08-04,5.2.14,5.0 and up
4.4,Once - Quality Matches Every day,DATING,222.888,21M,100.0,Free,0.0,Mature 17+,Dating,2018-07-17,2.45,4.1 and up
4.1,Sudy – Meet Elite & Rich Single,DATING,17.268,40M,50.0,Free,0.0,Mature 17+,Dating,2018-06-25,4.1.2,4.0.3 and up
3.8,"muzmatch: Muslim & Arab Singles, Marriage & Dating",DATING,5.164,25M,10.0,Free,0.0,Mature 17+,Dating,2018-07-24,3.8.75a,4.0.3 and up
4.1,95Live -SG#1 Live Streaming App,DATING,4.953,15M,100.0,Free,0.0,Teen,Dating,2018-08-01,8.7.2,4.2 and up
4.2,"Chispa, the Dating App for Latino, Latina Singles",DATING,4.195,24M,10.0,Free,0.0,Mature 17+,Dating,2018-07-25,1.6.1,4.4 and up
4.0,"Blendr - Chat, Flirt & Meet",DATING,28.671,Varies with device,100.0,Free,0.0,Mature 17+,Dating,2018-08-01,Varies with device,Varies with device
4.5,Find Real Love — YouLove Premium Dating,DATING,212.626,11M,1000.0,Free,0.0,Mature 17+,Dating,2018-07-31,4.17.2,4.1 and up
3.9,Cougar Dating Life : Date Older Women Sugar Mummy,DATING,1.645,31M,50.0,Free,0.0,Mature 17+,Dating,2018-07-03,4.5.5,4.1 and up
3.5,stranger chat - anonymous chat,DATING,13.204,6.1M,100.0,Free,0.0,Mature 17+,Dating,2018-07-07,2.4.1,4.1 and up
4.6,Dating for 50 plus Mature Singles – FINALLY,DATING,13.049,13M,50.0,Free,0.0,Mature 17+,Dating,2018-07-31,4.17.2,4.1 and up
4.0,"SweetRing - Meet, Match, Date",DATING,51.698,63M,100.0,Free,0.0,Mature 17+,Dating,2018-07-26,3.0.0,4.0.3 and up
4.3,"Chat Rooms, Avatars, Date - Galaxy",DATING,135.42,Varies with device,1000.0,Free,0.0,Mature 17+,Dating,2018-07-07,Varies with device,Varies with device
4.2,"FastMeet: Chat, Dating, Love",DATING,22.545,5.9M,100.0,Free,0.0,Mature 17+,Dating,2018-07-27,1.31.4,4.0.3 and up
3.9,Christian Dating For Free App,DATING,8.723,13M,50.0,Free,0.0,Mature 17+,Dating,2018-06-20,15.8,4.1 and up
4.3,Glam - Premium Dating App,DATING,23.17,9.0M,50.0,Free,0.0,Mature 17+,Dating,2018-07-25,1.5.4.0,4.1 and up
3.4,"iDates - Chats, Flirts, Dating, Love & Relations",DATING,13.89,20M,50.0,Free,0.0,Mature 17+,Dating,2018-06-19,4.9.2 (Oasis),4.2 and up
4.2,"Meet24 - Love, Chat, Singles",DATING,57.083,7.9M,100.0,Free,0.0,Mature 17+,Dating,2018-07-27,1.31.3,4.0.3 and up
4.0,JustDating,DATING,13.44,49M,50.0,Free,0.0,Mature 17+,Dating,2018-08-03,3.10.5,4.0.3 and up
4.2,Russian Dating & Chat for Russian speaking RusDate,DATING,1.059,18M,10.0,Free,0.0,Mature 17+,Dating,2018-07-26,1.17,4.2 and up
4.0,Sweet mi - unlimited hunnam hunting blind date,DATING,6.191,27M,50.0,Free,0.0,Mature 17+,Dating,2018-07-12,0.0.73,4.1 and up
4.1,Gay Sugar Daddy Dating & Hookup – Sudy Gay,DATING,2.212,41M,10.0,Free,0.0,Mature 17+,Dating,2018-06-20,2.0.5,4.0.3 and up
4.1,Mingle - Online Dating App to Chat & Meet People,DATING,15.081,38M,100.0,Free,0.0,Mature 17+,Dating,2018-07-26,4.7.6,4.1 and up
4.4,"Hide App, Private Dating, Safe Chat - PrivacyHider",DATING,35.205,7.2M,100.0,Free,0.0,Everyone,Dating,2018-05-21,2.9.6,4.0 and up
4.2,Hitwe - meet people and chat,DATING,243.95,21M,1000.0,Free,0.0,Mature 17+,Dating,2018-05-10,4.3.2,4.1 and up
4.2,JustSayHi- Dating App. Chat & Meet Singles Nearby,DATING,5.152,38M,10.0,Free,0.0,Mature 17+,Dating,2018-07-26,3.6.3,4.1 and up
4.1,WannaMeet – Dating & Chat App,DATING,6.701,11M,100.0,Free,0.0,Mature 17+,Dating,2018-06-29,5.16.2,4.0.3 and up
4.2,"Meet4U - Chat, Love, Singles!",DATING,40.039,6.5M,100.0,Free,0.0,Mature 17+,Dating,2018-07-27,1.31.3,4.0.3 and up
4.5,"iPair-Meet, Chat, Dating",DATING,182.986,77M,500.0,Free,0.0,Mature 17+,Dating,2018-08-02,5.0.8,4.1 and up
4.1,95Live -SG#1 Live Streaming App,DATING,4.954,15M,100.0,Free,0.0,Teen,Dating,2018-08-01,8.7.2,4.2 and up
4.1,"Hily: Dating, Chat, Match, Meet & Hook up",DATING,2.56,56M,10.0,Free,0.0,Mature 17+,Dating,2018-08-01,2.5.2,4.1 and up
3.9,Black People Meet Singles Date,DATING,10.212,5.0M,100.0,Free,0.0,Mature 17+,Dating,2018-07-25,1.9.7,4.4 and up
4.0,Free Dating & Flirt Chat - Choice of Love,DATING,42.197,Varies with device,500.0,Free,0.0,Mature 17+,Dating,2018-07-24,Varies with device,Varies with device
3.8,"muzmatch: Muslim & Arab Singles, Marriage & Dating",DATING,5.168,25M,10.0,Free,0.0,Mature 17+,Dating,2018-07-24,3.8.75a,4.0.3 and up
4.4,BBW Dating & Plus Size Chat,DATING,12.633,29M,100.0,Free,0.0,Mature 17+,Dating,2018-07-27,3.5.0.1,4.1 and up
4.4,"2Date Dating App, Love and matching",DATING,41.605,8.1M,50.0,Free,0.0,Mature 17+,Dating,2018-07-26,4.813,4.0.3 and up
4.3,FlirtChat - ♥Free Dating/Flirting App♥,DATING,2.433,13M,50.0,Free,0.0,Mature 17+,Dating,2018-07-26,12.0.4,4.1 and up
4.5,"iPair-Meet, Chat, Dating",DATING,182.986,77M,500.0,Free,0.0,Mature 17+,Dating,2018-08-02,5.0.8,4.1 and up
4.1,"Free Dating App - YoCutie - Flirt, Chat & Meet",DATING,97.699,7.9M,100.0,Free,0.0,Mature 17+,Dating,2018-07-10,1.23,4.0.3 and up
4.7,Duolingo: Learn Languages Free,EDUCATION,6289.924,Varies with device,10000.0,Free,0.0,Everyone,Education;Education,2018-08-01,Varies with device,Varies with device
4.6,TED,EDUCATION,181.893,18M,1000.0,Free,0.0,Everyone 10+,Education,2018-07-27,3.2.5,4.1 and up
4.6,Khan Academy,EDUCATION,85.375,21M,500.0,Free,0.0,Everyone,Education,2018-07-27,5.0.0,4.1 and up
4.7,Learn English with Wlingua,EDUCATION,314.299,3.3M,1000.0,Free,0.0,Everyone,Education,2018-05-02,1.94.9,4.0 and up
4.8,English Grammar Test,EDUCATION,4.075,5.1M,50.0,Free,0.0,Everyone,Education,2018-06-22,2.1.8,4.0.3 and up
4.6,Speed Reading,EDUCATION,10.611,11M,50.0,Free,0.0,Everyone,Education,2018-05-27,2.3.7,4.0 and up
4.6,English for beginners,EDUCATION,9.321,27M,100.0,Free,0.0,Everyone,Education,2018-07-18,2.9.0,4.0 and up
4.6,Flame - درب عقلك يوميا,EDUCATION,56.065,37M,100.0,Free,0.0,Everyone,Education,2018-07-26,3.3,4.1 and up
4.2,Mermaids,EDUCATION,14.286,Varies with device,500.0,Free,0.0,Everyone,Education;Creativity,2018-04-26,Varies with device,4.1 and up
4.9,"Learn Japanese, Korean, Chinese Offline & Free",EDUCATION,133.136,26M,100.0,Free,0.0,Everyone,Education;Education,2018-07-20,2.16.11.10,4.2 and up
4.2,PBS KIDS Video,EDUCATION,36.212,Varies with device,500.0,Free,0.0,Everyone,Education;Music & Video,2018-07-12,Varies with device,Varies with device
4.3,Babbel – Learn Languages,EDUCATION,266.948,21M,1000.0,Free,0.0,Everyone,Education,2018-07-30,20.7.2,4.4 and up
4.5,Math Tricks,EDUCATION,342.918,8.1M,1000.0,Free,0.0,Everyone,Education,2018-07-29,2.24,4.0 and up
4.6,Learn English Words Free,EDUCATION,172.64,14M,500.0,Free,0.0,Everyone,Education,2018-05-02,2.6.2,4.1 and up
4.4,English speaking texts,EDUCATION,1.619,3.0M,100.0,Free,0.0,Everyone,Education,2018-07-20,1.2,1.6 and up
4.4,THAI DICT 2018,EDUCATION,29.855,Varies with device,100.0,Free,0.0,Mature 17+,Education,2018-07-29,Varies with device,Varies with device
4.2,Free intellectual training game application |,EDUCATION,5.741,84M,100.0,Free,0.0,Everyone,Education;Pretend Play,2018-07-25,3.7.0,4.4 and up
4.7,English words application mikan,EDUCATION,9.888,Varies with device,50.0,Free,0.0,Everyone,Education,2018-07-30,Varies with device,4.1 and up
4.3,Listen and learn English in seven days,EDUCATION,1.516,3.9M,10.0,Free,0.0,Everyone,Education,2018-07-28,3.1,4.1 and up
4.2,Lumosity: #1 Brain Games & Cognitive Training App,EDUCATION,215.301,Varies with device,1000.0,Free,0.0,Everyone,Education,2018-08-01,Varies with device,Varies with device
4.7,English with Lingualeo,EDUCATION,254.519,27M,500.0,Free,0.0,Everyone,Education,2018-07-20,2.8.1,4.1 and up
4.7,"Learn languages, grammar & vocabulary with Memrise",EDUCATION,1107.903,Varies with device,1000.0,Free,0.0,Everyone,Education,2018-08-02,Varies with device,Varies with device
4.6,Khan Academy,EDUCATION,85.375,21M,500.0,Free,0.0,Everyone,Education,2018-07-27,5.0.0,4.1 and up
4.6,TED,EDUCATION,181.893,18M,1000.0,Free,0.0,Everyone 10+,Education,2018-07-27,3.2.5,4.1 and up
4.6,Quizlet: Learn Languages & Vocab with Flashcards,EDUCATION,211.856,Varies with device,1000.0,Free,0.0,Everyone,Education,2018-08-01,Varies with device,Varies with device
4.5,Udemy - Online Courses,EDUCATION,99.02,18M,100.0,Free,0.0,Everyone,Education,2018-08-02,5.0.4,5.0 and up
4.4,Coursera: Online courses,EDUCATION,90.481,Varies with device,500.0,Free,0.0,Everyone,Education,2018-07-27,Varies with device,Varies with device
4.6,"edX - Online Courses by Harvard, MIT & more",EDUCATION,32.381,10M,100.0,Free,0.0,Everyone 10+,Education,2018-07-15,2.15.1,4.1 and up
4.5,Elevate - Brain Training Games,EDUCATION,248.912,Varies with device,500.0,Free,0.0,Everyone,Education,2018-07-30,Varies with device,Varies with device
4.5,NeuroNation - Focus and Brain Training,EDUCATION,248.555,Varies with device,500.0,Free,0.0,Everyone,Education;Brain Games,2018-05-23,Varies with device,4.0.3 and up
4.2,Lumosity: #1 Brain Games & Cognitive Training App,EDUCATION,215.301,Varies with device,1000.0,Free,0.0,Everyone,Education,2018-08-01,Varies with device,Varies with device
4.4,Peak – Brain Games & Training,EDUCATION,272.145,Varies with device,1000.0,Free,0.0,Everyone,Education;Brain Games,2018-08-03,3.14.15,5.0 and up
4.2,Lynda - Online Training Videos,EDUCATION,8.599,17M,100.0,Free,0.0,Everyone,Education,2018-07-11,4.9.10,4.1 and up
4.5,Brilliant,EDUCATION,41.185,Varies with device,100.0,Free,0.0,Everyone,Education,2018-08-03,Varies with device,Varies with device
4.3,Udacity - Lifelong Learning,EDUCATION,22.384,17M,100.0,Free,0.0,Everyone,Education,2018-07-31,4.7.0,5.0 and up
4.5,Udemy - Online Courses,EDUCATION,99.02,18M,100.0,Free,0.0,Everyone,Education,2018-08-02,5.0.4,5.0 and up
4.1,Learn programming,EDUCATION,12.733,Varies with device,100.0,Free,0.0,Everyone,Education,2018-05-20,Varies with device,Varies with device
4.3,"Programming Hub, Learn to code",EDUCATION,55.704,15M,100.0,Free,0.0,Everyone,Education,2018-08-04,4.2.8,4.1 and up
4.6,Ready4 SAT (Prep4 SAT),EDUCATION,13.612,48M,10.0,Free,0.0,Everyone,Education,2018-05-10,7.2.3633,4.4 and up
4.6,Socratic - Math Answers & Homework Help,EDUCATION,37.862,5.4M,100.0,Free,0.0,Everyone,Education,2018-06-07,1.8.1,4.1 and up
4.6,Ready4 GMAT (Prep4 GMAT),EDUCATION,18.372,47M,10.0,Free,0.0,Everyone,Education,2018-05-21,7.2.3634,4.4 and up
4.5,GRE Flashcards,EDUCATION,13.791,Varies with device,50.0,Free,0.0,Everyone,Education,2018-06-06,Varies with device,Varies with device
4.4,GMAT Math Flashcards,EDUCATION,1.769,Varies with device,10.0,Free,0.0,Everyone,Education,2018-07-11,Varies with device,Varies with device
4.4,GRE Prep & Practice by Magoosh,EDUCATION,3.963,Varies with device,10.0,Free,0.0,Everyone,Education,2018-06-06,Varies with device,Varies with device
4.3,Magoosh GMAT Prep & Practice,EDUCATION,1.058,Varies with device,10.0,Free,0.0,Everyone,Education,2018-06-18,Varies with device,Varies with device
4.6,Khan Academy,EDUCATION,85.375,21M,500.0,Free,0.0,Everyone,Education,2018-07-27,5.0.0,4.1 and up
4.6,TED,EDUCATION,181.893,18M,1000.0,Free,0.0,Everyone 10+,Education,2018-07-27,3.2.5,4.1 and up
4.7,Duolingo: Learn Languages Free,EDUCATION,6290.507,Varies with device,10000.0,Free,0.0,Everyone,Education;Education,2018-08-01,Varies with device,Varies with device
4.6,Quizlet: Learn Languages & Vocab with Flashcards,EDUCATION,211.856,Varies with device,1000.0,Free,0.0,Everyone,Education,2018-08-01,Varies with device,Varies with device
4.4,Coursera: Online courses,EDUCATION,90.481,Varies with device,500.0,Free,0.0,Everyone,Education,2018-07-27,Varies with device,Varies with device
4.5,Udemy - Online Courses,EDUCATION,99.02,18M,100.0,Free,0.0,Everyone,Education,2018-08-02,5.0.4,5.0 and up
4.3,Udacity - Lifelong Learning,EDUCATION,22.384,17M,100.0,Free,0.0,Everyone,Education,2018-07-31,4.7.0,5.0 and up
4.6,"edX - Online Courses by Harvard, MIT & more",EDUCATION,32.38,10M,100.0,Free,0.0,Everyone 10+,Education,2018-07-15,2.15.1,4.1 and up
4.5,Rosetta Stone: Learn to Speak & Read New Languages,EDUCATION,172.505,76M,500.0,Free,0.0,Everyone,Education;Education,2018-06-27,5.2.1,5.0 and up
4.2,Google Classroom,EDUCATION,69.493,Varies with device,1000.0,Free,0.0,Everyone,Education,2018-07-19,Varies with device,Varies with device
4.2,Lynda - Online Training Videos,EDUCATION,8.599,17M,100.0,Free,0.0,Everyone,Education,2018-07-11,4.9.10,4.1 and up
4.7,"Learn languages, grammar & vocabulary with Memrise",EDUCATION,1107.884,Varies with device,1000.0,Free,0.0,Everyone,Education,2018-08-02,Varies with device,Varies with device
4.5,Brilliant,EDUCATION,41.185,Varies with device,100.0,Free,0.0,Everyone,Education,2018-08-03,Varies with device,Varies with device
4.6,LinkedIn Learning: Online Courses to Learn Skills,EDUCATION,7.973,18M,100.0,Free,0.0,Everyone,Education,2018-07-27,0.29.74,4.4 and up
4.3,Babbel – Learn Languages,EDUCATION,266.935,21M,1000.0,Free,0.0,Everyone,Education,2018-07-30,20.7.2,4.4 and up
4.7,Free english course,EDUCATION,142.632,6.9M,500.0,Free,0.0,Everyone,Education,2018-07-12,2.8,4.1 and up
4.7,Duolingo: Learn Languages Free,EDUCATION,6290.507,Varies with device,10000.0,Free,0.0,Everyone,Education;Education,2018-08-01,Varies with device,Varies with device
4.4,Learn 50 languages,EDUCATION,55.256,14M,500.0,Free,0.0,Everyone,Education,2018-06-19,10.9.1,4.0 and up
4.5,Rosetta Stone: Learn to Speak & Read New Languages,EDUCATION,172.508,76M,500.0,Free,0.0,Everyone,Education;Education,2018-06-27,5.2.1,5.0 and up
4.4,Babbel – Learn Spanish,EDUCATION,54.798,11M,100.0,Free,0.0,Everyone,Education,2018-07-30,20.7.2,4.4 and up
4.0,Mango Languages: Lovable Language Courses,EDUCATION,4.815,19M,50.0,Free,0.0,Everyone,Education,2018-07-17,4.2.3,4.2 and up
4.4,Learn to Speak English,EDUCATION,33.646,7.0M,100.0,Free,0.0,Everyone,Education,2018-07-15,2.3.9,4.0 and up
4.7,"Learn languages, grammar & vocabulary with Memrise",EDUCATION,1107.903,Varies with device,1000.0,Free,0.0,Everyone,Education,2018-08-02,Varies with device,Varies with device
4.7,Learn English with Wlingua,EDUCATION,314.3,3.3M,1000.0,Free,0.0,Everyone,Education,2018-05-02,1.94.9,4.0 and up
4.3,"busuu: Learn Languages - Spanish, English & More",EDUCATION,206.527,21M,1000.0,Free,0.0,Everyone 10+,Education,2018-08-01,13.9.0.161,5.0 and up
4.2,Teacher's Gradebook - Additio,EDUCATION,3.241,16M,10.0,Free,0.0,Everyone,Education,2018-08-01,4.8.2,4.0.3 and up
4.6,Quizlet: Learn Languages & Vocab with Flashcards,EDUCATION,211.856,Varies with device,1000.0,Free,0.0,Everyone,Education,2018-08-01,Varies with device,Varies with device
4.1,Edmodo,EDUCATION,200.058,18M,1000.0,Free,0.0,Everyone,Education,2018-07-20,9.12.5,4.0.3 and up
4.5,Remind: School Communication,EDUCATION,108.613,Varies with device,1000.0,Free,0.0,Everyone,Education,2018-08-03,Varies with device,Varies with device
4.2,Google Classroom,EDUCATION,69.498,Varies with device,1000.0,Free,0.0,Everyone,Education,2018-07-19,Varies with device,Varies with device
4.4,ClassDojo,EDUCATION,148.55,59M,1000.0,Free,0.0,Everyone,Education;Education,2018-08-03,4.21.1,4.1 and up
4.7,Duolingo: Learn Languages Free,EDUCATION,6290.507,Varies with device,10000.0,Free,0.0,Everyone,Education;Education,2018-08-01,Varies with device,Varies with device
4.4,Learn 50 languages,EDUCATION,55.256,14M,500.0,Free,0.0,Everyone,Education,2018-06-19,10.9.1,4.0 and up
4.4,"HelloTalk — Chat, Speak & Learn Foreign Languages",EDUCATION,84.309,41M,500.0,Free,0.0,Everyone,Education,2018-07-25,2.6.6,4.1 and up
4.0,Mango Languages: Lovable Language Courses,EDUCATION,4.815,19M,50.0,Free,0.0,Everyone,Education,2018-07-17,4.2.3,4.2 and up
4.5,Rosetta Stone: Learn to Speak & Read New Languages,EDUCATION,172.508,76M,500.0,Free,0.0,Everyone,Education;Education,2018-06-27,5.2.1,5.0 and up
4.7,"Learn languages, grammar & vocabulary with Memrise",EDUCATION,1107.948,Varies with device,1000.0,Free,0.0,Everyone,Education,2018-08-02,Varies with device,Varies with device
4.3,Babbel – Learn Languages,EDUCATION,266.948,21M,1000.0,Free,0.0,Everyone,Education,2018-07-30,20.7.2,4.4 and up
4.5,Innovative: Learn 34 Languages,EDUCATION,14.206,21M,50.0,Free,0.0,Everyone,Education,2018-07-26,1.16,3.0 and up
4.3,"busuu: Learn Languages - Spanish, English & More",EDUCATION,206.532,21M,1000.0,Free,0.0,Everyone 10+,Education,2018-08-01,13.9.0.161,5.0 and up
4.3,Chegg Study - Homework Help,EDUCATION,14.7,21M,100.0,Free,0.0,Everyone,Education,2018-07-30,5.7.0,4.4 and up
4.5,Canvas Student,EDUCATION,42.828,Varies with device,100.0,Free,0.0,Everyone,Education,2018-07-20,Varies with device,Varies with device
4.2,Timetable,EDUCATION,40.209,Varies with device,100.0,Free,0.0,Everyone,Education,2018-05-24,Varies with device,Varies with device
4.6,Socratic - Math Answers & Homework Help,EDUCATION,37.862,5.4M,100.0,Free,0.0,Everyone,Education,2018-06-07,1.8.1,4.1 and up
4.2,Google Classroom,EDUCATION,69.498,Varies with device,1000.0,Free,0.0,Everyone,Education,2018-07-19,Varies with device,Varies with device
4.4,ClassDojo,EDUCATION,148.549,59M,1000.0,Free,0.0,Everyone,Education;Education,2018-08-03,4.21.1,4.1 and up
4.4,"HelloTalk — Chat, Speak & Learn Foreign Languages",EDUCATION,84.311,41M,500.0,Free,0.0,Everyone,Education,2018-07-25,2.6.6,4.1 and up
4.6,Quizlet: Learn Languages & Vocab with Flashcards,EDUCATION,211.856,Varies with device,1000.0,Free,0.0,Everyone,Education,2018-08-01,Varies with device,Varies with device
4.3,"busuu: Learn Languages - Spanish, English & More",EDUCATION,206.532,21M,1000.0,Free,0.0,Everyone 10+,Education,2018-08-01,13.9.0.161,5.0 and up
4.5,Rosetta Stone: Learn to Speak & Read New Languages,EDUCATION,172.508,76M,500.0,Free,0.0,Everyone,Education;Education,2018-06-27,5.2.1,5.0 and up
4.8,SoloLearn: Learn to Code for Free,EDUCATION,256.079,7.6M,100.0,Free,0.0,Teen,Education,2018-07-12,2.2.4,4.0.3 and up
4.1,Blinkist - Nonfiction Books,EDUCATION,16.103,13M,100.0,Free,0.0,Everyone,Education,2018-07-31,5.7.1,4.1 and up
4.7,Toca Life: City,EDUCATION,31.085,24M,50.0,Paid,3.99,Everyone,Education;Pretend Play,2018-07-06,1.5-play,4.4 and up
4.7,Toca Life: Hospital,EDUCATION,3.528,24M,10.0,Paid,3.99,Everyone,Education;Pretend Play,2018-06-12,1.1.1-play,4.4 and up
4.4,Netflix,ENTERTAINMENT,5456.208,Varies with device,10000.0,Free,0.0,Teen,Entertainment,2018-07-31,Varies with device,Varies with device
4.2,Pluto TV - It’s Free TV,ENTERTAINMENT,28.948,Varies with device,100.0,Free,0.0,Teen,Entertainment,2018-08-04,Varies with device,Varies with device
4.3,Tubi TV - Free Movies & TV,ENTERTAINMENT,296.771,11M,1000.0,Free,0.0,Teen,Entertainment,2018-07-15,2.13.5,4.1 and up
4.5,YouTube Kids,ENTERTAINMENT,470.089,Varies with device,5000.0,Free,0.0,Everyone,Entertainment;Music & Video,2018-08-03,3.43.3,4.1 and up
4.2,TV+,ENTERTAINMENT,98.509,Varies with device,500.0,Free,0.0,Everyone,Entertainment,2018-06-28,Varies with device,Varies with device
3.1,Digital TV,ENTERTAINMENT,5.241,Varies with device,500.0,Free,0.0,Everyone,Entertainment,2018-06-06,Varies with device,6.0 and up
4.2,Vigo Lite,ENTERTAINMENT,10.291,6.5M,500.0,Free,0.0,Teen,Entertainment,2018-08-04,3.7.3,4.0.3 and up
4.3,Google Play Games,ENTERTAINMENT,7165.362,Varies with device,100000.0,Free,0.0,Teen,Entertainment,2018-07-16,Varies with device,Varies with device
4.3,Hotstar,ENTERTAINMENT,4885.646,Varies with device,10000.0,Free,0.0,Teen,Entertainment,2018-08-03,Varies with device,Varies with device
4.1,"Peers.TV: broadcast TV channels First, Match TV, TNT ...",ENTERTAINMENT,141.98,Varies with device,500.0,Free,0.0,Teen,Entertainment,2018-07-30,Varies with device,Varies with device
3.8,The green alien dance,ENTERTAINMENT,6.979,12M,100.0,Free,0.0,Everyone,Entertainment,2018-07-05,1.03,4.0 and up
3.4,Spectrum TV,ENTERTAINMENT,46.618,Varies with device,500.0,Free,0.0,Teen,Entertainment,2018-07-19,Varies with device,Varies with device
4.3,H TV,ENTERTAINMENT,103.078,5.6M,500.0,Free,0.0,Everyone,Entertainment,2018-07-05,4.6.2,2.3.3 and up
4.4,StarTimes - Live International Champions Cup,ENTERTAINMENT,17.682,9.7M,100.0,Free,0.0,Everyone,Entertainment,2018-08-03,5.2,4.0.3 and up
4.4,Cinematic Cinematic,ENTERTAINMENT,37.0,15M,100.0,Free,0.0,Mature 17+,Entertainment,2018-06-21,4.0.5,4.1 and up
4.0,MEGOGO - Cinema and TV,ENTERTAINMENT,175.528,Varies with device,1000.0,Free,0.0,Everyone,Entertainment,2018-08-03,Varies with device,Varies with device
3.7,Talking Angela,ENTERTAINMENT,1828.284,52M,10000.0,Free,0.0,Everyone,Entertainment,2018-07-12,2.8.2,4.1 and up
3.9,DStv Now,ENTERTAINMENT,34.923,Varies with device,500.0,Free,0.0,Teen,Entertainment,2018-07-27,Varies with device,Varies with device
4.5,ivi - movies and TV shows in HD,ENTERTAINMENT,684.116,Varies with device,1000.0,Free,0.0,Teen,Entertainment,2018-07-31,Varies with device,4.2 and up
4.4,Radio Javan,ENTERTAINMENT,46.916,4.5M,100.0,Free,0.0,Everyone,Entertainment,2018-07-18,7.3,4.2 and up
4.3,Viki: Asian TV Dramas & Movies,ENTERTAINMENT,407.698,Varies with device,1000.0,Free,0.0,Teen,Entertainment,2018-07-27,Varies with device,Varies with device
4.2,Talking Ginger 2,ENTERTAINMENT,702.975,49M,5000.0,Free,0.0,Everyone,Entertainment,2018-07-05,2.6.6.11,4.1 and up
4.2,Girly Lock Screen Wallpaper with Quotes,ENTERTAINMENT,32.458,18M,500.0,Free,0.0,Everyone,Entertainment,2018-06-19,2.2,4.1 and up
4.5,No.Draw - Colors by Number 2018,ENTERTAINMENT,235.496,13M,1000.0,Free,0.0,Everyone,Entertainment;Brain Games,2018-07-29,1.2.0,4.1 and up
4.7,🔥 Football Wallpapers 4K | Full HD Backgrounds 😍,ENTERTAINMENT,11.661,4.0M,100.0,Free,0.0,Everyone,Entertainment,2018-07-14,1.1.3.2,4.0.3 and up
4.5,"Movies by Flixster, with Rotten Tomatoes",ENTERTAINMENT,653.008,16M,1000.0,Free,0.0,Everyone,Entertainment,2018-06-20,9.1.4,4.4 and up
4.5,Low Poly – Puzzle art game,ENTERTAINMENT,23.063,17M,100.0,Free,0.0,Everyone,Entertainment;Brain Games,2018-08-03,1.0.9,4.1 and up
4.2,Amazon Prime Video,ENTERTAINMENT,411.683,24M,5000.0,Free,0.0,Teen,Entertainment,2018-08-02,3.0.231.18141,4.1 and up
4.3,Adult Glitter Color by Number Book - Sandbox Pages,ENTERTAINMENT,8.918,Varies with device,100.0,Free,0.0,Everyone,Entertainment;Creativity,2018-07-21,1.7,4.4 and up
4.2,IMDb Movies & TV,ENTERTAINMENT,501.498,12M,10000.0,Free,0.0,Teen,Entertainment,2018-07-26,Varies with device,Varies with device
4.6,Twitch: Livestream Multiplayer Games & Esports,ENTERTAINMENT,2133.296,Varies with device,5000.0,Free,0.0,Teen,Entertainment,2018-07-31,Varies with device,Varies with device
4.1,Ziggo GO,ENTERTAINMENT,29.69,78M,100.0,Free,0.0,Teen,Entertainment,2018-08-03,2.3.34 Prod,4.3 and up
4.2,YouTube Gaming,ENTERTAINMENT,130.549,Varies with device,500.0,Free,0.0,Teen,Entertainment,2018-06-27,2.08.78.2,4.1 and up
4.2,PlayStation App,ENTERTAINMENT,613.059,25M,5000.0,Free,0.0,Everyone,Entertainment,2018-07-26,18.07.0,4.1 and up
4.3,Talking Ben the Dog,ENTERTAINMENT,1633.682,57M,10000.0,Free,0.0,Everyone,Entertainment,2018-07-03,3.5.2.2,4.1 and up
4.4,"Red Bull TV: Live Sports, Music & Entertainment",ENTERTAINMENT,42.05,Varies with device,100.0,Free,0.0,Teen,Entertainment,2018-08-03,Varies with device,Varies with device
4.1,Cinemark Theatres,ENTERTAINMENT,21.867,39M,100.0,Free,0.0,Teen,Entertainment,2018-07-12,2.19.0,5.0 and up
4.3,Regal Cinemas,ENTERTAINMENT,32.732,Varies with device,100.0,Free,0.0,Everyone,Entertainment,2018-07-19,Varies with device,Varies with device
4.5,"Movies by Flixster, with Rotten Tomatoes",ENTERTAINMENT,653.008,16M,1000.0,Free,0.0,Everyone,Entertainment,2018-06-20,9.1.4,4.4 and up
4.6,Fandango Movies - Times + Tickets,ENTERTAINMENT,243.747,Varies with device,1000.0,Free,0.0,Teen,Entertainment,2018-08-02,Varies with device,Varies with device
4.3,Harkins Theatres,ENTERTAINMENT,1.511,12M,10.0,Free,0.0,Everyone,Entertainment,2018-06-11,2.1.1,4.1 and up
4.3,AMC Theatres,ENTERTAINMENT,44.55,72M,100.0,Free,0.0,Everyone,Entertainment,2018-07-18,6.18.3,5.0 and up
4.2,IMDb Movies & TV,ENTERTAINMENT,501.497,12M,10000.0,Free,0.0,Teen,Entertainment,2018-07-26,Varies with device,Varies with device
4.4,Netflix,ENTERTAINMENT,5456.208,Varies with device,10000.0,Free,0.0,Teen,Entertainment,2018-07-31,Varies with device,Varies with device
4.1,Food Network,ENTERTAINMENT,7.813,Varies with device,50.0,Free,0.0,Teen,Entertainment,2018-07-27,Varies with device,Varies with device
4.1,Cooking Channel,ENTERTAINMENT,1.033,16M,10.0,Free,0.0,Teen,Entertainment,2018-07-27,Varies with device,Varies with device
4.2,Animal Planet GO,ENTERTAINMENT,2.442,9.6M,10.0,Free,0.0,Teen,Entertainment,2018-07-24,2.9.4,4.1 and up
3.9,"VRV: Anime, game videos & more",ENTERTAINMENT,15.254,Varies with device,100.0,Free,0.0,Teen,Entertainment,2018-06-19,Varies with device,Varies with device
4.2,DramaFever: Stream Asian Drama Shows & Movies,ENTERTAINMENT,155.234,22M,100.0,Free,0.0,Teen,Entertainment,2018-08-01,01.01.66,4.4 and up
4.5,Investigation Discovery GO,ENTERTAINMENT,12.216,13M,100.0,Free,0.0,Teen,Entertainment,2018-07-24,2.9.4,4.1 and up
3.7,Crackle - Free TV & Movies,ENTERTAINMENT,388.089,Varies with device,1000.0,Free,0.0,Teen,Entertainment,2018-04-12,Varies with device,Varies with device
3.8,CBS - Full Episodes & Live TV,ENTERTAINMENT,92.058,12M,1000.0,Free,0.0,Teen,Entertainment,2018-07-20,4.8.6,4.1 and up
4.3,STARZ,ENTERTAINMENT,88.185,Varies with device,1000.0,Free,0.0,Mature 17+,Entertainment,2018-06-20,Varies with device,Varies with device
4.1,HISTORY: Watch TV Show Full Episodes & Specials,ENTERTAINMENT,33.387,20M,100.0,Free,0.0,Teen,Entertainment,2018-07-16,3.1.4,4.4 and up
4.1,VH1,ENTERTAINMENT,27.424,17M,100.0,Free,0.0,Teen,Entertainment,2018-07-08,11.45.0,4.4 and up
3.9,FOX NOW - On Demand & Live TV,ENTERTAINMENT,60.841,Varies with device,500.0,Free,0.0,Teen,Entertainment,2018-07-26,Varies with device,4.4 and up
4.0,A&E - Watch Full Episodes of TV Shows,ENTERTAINMENT,29.706,19M,100.0,Free,0.0,Teen,Entertainment,2018-07-16,3.1.4,4.4 and up
4.4,The CW,ENTERTAINMENT,288.15,21M,500.0,Free,0.0,Teen,Entertainment,2018-07-23,2.17,4.4 and up
4.2,BET NOW - Watch Shows,ENTERTAINMENT,14.807,19M,100.0,Free,0.0,Teen,Entertainment,2018-07-08,11.45.0,4.4 and up
4.0,"Hulu: Stream TV, Movies & more",ENTERTAINMENT,319.692,Varies with device,1000.0,Free,0.0,Teen,Entertainment,2018-08-03,Varies with device,5.0 and up
3.9,HBO NOW: Stream TV & Movies,ENTERTAINMENT,61.201,Varies with device,1000.0,Free,0.0,Teen,Entertainment,2018-07-19,Varies with device,Varies with device
4.0,Univision NOW - Live TV and On Demand,ENTERTAINMENT,22.998,Varies with device,100.0,Free,0.0,Teen,Entertainment,2018-06-27,8.0626,Varies with device
4.2,SHOWTIME,ENTERTAINMENT,12.398,Varies with device,100.0,Free,0.0,Teen,Entertainment,2018-07-02,Varies with device,Varies with device
4.0,Lifetime - Watch Full Episodes & Original Movies,ENTERTAINMENT,35.928,19M,100.0,Free,0.0,Teen,Entertainment,2018-07-16,3.1.4,4.4 and up
4.3,SeriesGuide – Show & Movie Manager,ENTERTAINMENT,64.448,4.4M,100.0,Free,0.0,Mature 17+,Entertainment,2018-07-21,43,4.0.3 and up
3.9,Comedy Central,ENTERTAINMENT,22.378,19M,100.0,Free,0.0,Teen,Entertainment,2018-07-08,11.45.0,4.4 and up
4.2,IMDb Movies & TV,ENTERTAINMENT,501.498,12M,10000.0,Free,0.0,Teen,Entertainment,2018-07-26,Varies with device,Varies with device
4.4,Netflix,ENTERTAINMENT,5456.599,Varies with device,10000.0,Free,0.0,Teen,Entertainment,2018-07-31,Varies with device,Varies with device
4.3,Tubi TV - Free Movies & TV,ENTERTAINMENT,296.829,11M,1000.0,Free,0.0,Teen,Entertainment,2018-07-15,2.13.5,4.1 and up
4.3,STARZ,ENTERTAINMENT,88.185,Varies with device,1000.0,Free,0.0,Mature 17+,Entertainment,2018-06-20,Varies with device,Varies with device
3.7,Crackle - Free TV & Movies,ENTERTAINMENT,388.089,Varies with device,1000.0,Free,0.0,Teen,Entertainment,2018-04-12,Varies with device,Varies with device
3.8,CBS - Full Episodes & Live TV,ENTERTAINMENT,92.058,12M,1000.0,Free,0.0,Teen,Entertainment,2018-07-20,4.8.6,4.1 and up
4.0,"Hulu: Stream TV, Movies & more",ENTERTAINMENT,319.691,Varies with device,1000.0,Free,0.0,Teen,Entertainment,2018-08-03,Varies with device,5.0 and up
3.9,FOX NOW - On Demand & Live TV,ENTERTAINMENT,60.841,Varies with device,500.0,Free,0.0,Teen,Entertainment,2018-07-26,Varies with device,4.4 and up
4.4,The CW,ENTERTAINMENT,288.15,21M,500.0,Free,0.0,Teen,Entertainment,2018-07-23,2.17,4.4 and up
4.5,CW Seed,ENTERTAINMENT,16.372,13M,50.0,Free,0.0,Teen,Entertainment,2018-07-18,1.16,4.4 and up
4.1,The NBC App - Watch Live TV and Full Episodes,ENTERTAINMENT,58.028,17M,500.0,Free,0.0,Teen,Entertainment,2018-07-05,4.18.1,4.1 and up
4.1,HISTORY: Watch TV Show Full Episodes & Specials,ENTERTAINMENT,33.387,20M,100.0,Free,0.0,Teen,Entertainment,2018-07-16,3.1.4,4.4 and up
3.9,HBO NOW: Stream TV & Movies,ENTERTAINMENT,61.201,Varies with device,1000.0,Free,0.0,Teen,Entertainment,2018-07-19,Varies with device,Varies with device
4.0,A&E - Watch Full Episodes of TV Shows,ENTERTAINMENT,29.706,19M,100.0,Free,0.0,Teen,Entertainment,2018-07-16,3.1.4,4.4 and up
4.1,VH1,ENTERTAINMENT,27.424,17M,100.0,Free,0.0,Teen,Entertainment,2018-07-08,11.45.0,4.4 and up
3.6,Universal Kids,ENTERTAINMENT,1.968,21M,50.0,Free,0.0,Everyone,Entertainment;Music & Video,2018-05-24,3.3.1.41,4.4 and up
3.8,MTV,ENTERTAINMENT,35.279,15M,100.0,Free,0.0,Teen,Entertainment,2018-07-08,11.45.0,4.4 and up
4.0,Lifetime - Watch Full Episodes & Original Movies,ENTERTAINMENT,35.931,19M,100.0,Free,0.0,Teen,Entertainment,2018-07-16,3.1.4,4.4 and up
4.2,BET NOW - Watch Shows,ENTERTAINMENT,14.807,19M,100.0,Free,0.0,Teen,Entertainment,2018-07-08,11.45.0,4.4 and up
3.7,LEGO® TV,ENTERTAINMENT,17.247,7.2M,100.0,Free,0.0,Everyone 10+,Entertainment;Music & Video,2018-08-04,4.0.2,5.0 and up
3.8,HBO GO: Stream with TV Package,ENTERTAINMENT,87.723,32M,1000.0,Free,0.0,Teen,Entertainment,2018-07-19,16.0.0.437,4.1 and up
3.7,Showtime Anytime,ENTERTAINMENT,18.523,Varies with device,100.0,Free,0.0,Teen,Entertainment,2018-07-02,Varies with device,Varies with device
4.1,PlayKids - Educational cartoons and games for kids,ENTERTAINMENT,182.103,Varies with device,1000.0,Free,0.0,Everyone,Entertainment;Music & Video,2018-07-30,Varies with device,Varies with device
3.7,FOX,ENTERTAINMENT,197.774,44M,1000.0,Free,0.0,Mature 17+,Entertainment,2018-06-25,6.6.1,4.4 and up
3.9,Telemundo Now,ENTERTAINMENT,8.674,19M,100.0,Free,0.0,Teen,Entertainment,2018-05-25,3.3.1.42,4.4 and up
4.4,Netflix,ENTERTAINMENT,5456.708,Varies with device,10000.0,Free,0.0,Teen,Entertainment,2018-07-31,Varies with device,Varies with device
4.3,Tubi TV - Free Movies & TV,ENTERTAINMENT,296.771,11M,1000.0,Free,0.0,Teen,Entertainment,2018-07-15,2.13.5,4.1 and up
3.9,Vudu Movies & TV,ENTERTAINMENT,58.082,Varies with device,1000.0,Free,0.0,Teen,Entertainment,2018-08-01,Varies with device,Varies with device
3.7,Crackle - Free TV & Movies,ENTERTAINMENT,388.089,Varies with device,1000.0,Free,0.0,Teen,Entertainment,2018-04-12,Varies with device,Varies with device
4.3,STARZ,ENTERTAINMENT,88.185,Varies with device,1000.0,Free,0.0,Mature 17+,Entertainment,2018-06-20,Varies with device,Varies with device
4.0,"Hulu: Stream TV, Movies & more",ENTERTAINMENT,319.691,Varies with device,1000.0,Free,0.0,Teen,Entertainment,2018-08-03,Varies with device,5.0 and up
4.1,Food Network,ENTERTAINMENT,7.813,Varies with device,50.0,Free,0.0,Teen,Entertainment,2018-07-27,Varies with device,Varies with device
3.9,FOX NOW - On Demand & Live TV,ENTERTAINMENT,60.841,Varies with device,500.0,Free,0.0,Teen,Entertainment,2018-07-26,Varies with device,4.4 and up
4.5,"Movies by Flixster, with Rotten Tomatoes",ENTERTAINMENT,653.008,16M,1000.0,Free,0.0,Everyone,Entertainment,2018-06-20,9.1.4,4.4 and up
3.9,Yidio: TV Show & Movie Guide,ENTERTAINMENT,27.424,Varies with device,100.0,Free,0.0,Teen,Entertainment,2018-07-31,Varies with device,Varies with device
4.1,HISTORY: Watch TV Show Full Episodes & Specials,ENTERTAINMENT,33.387,20M,100.0,Free,0.0,Teen,Entertainment,2018-07-16,3.1.4,4.4 and up
4.3,Viki: Asian TV Dramas & Movies,ENTERTAINMENT,407.719,Varies with device,1000.0,Free,0.0,Teen,Entertainment,2018-07-27,Varies with device,Varies with device
4.4,The CW,ENTERTAINMENT,288.15,21M,500.0,Free,0.0,Teen,Entertainment,2018-07-23,2.17,4.4 and up
4.1,Redbox,ENTERTAINMENT,115.033,30M,1000.0,Free,0.0,Everyone,Entertainment,2018-07-02,7.5.0,5.0 and up
4.0,Univision NOW - Live TV and On Demand,ENTERTAINMENT,22.997,Varies with device,100.0,Free,0.0,Teen,Entertainment,2018-06-27,8.0626,Varies with device
3.9,HBO NOW: Stream TV & Movies,ENTERTAINMENT,61.201,Varies with device,1000.0,Free,0.0,Teen,Entertainment,2018-07-19,Varies with device,Varies with device
4.0,A&E - Watch Full Episodes of TV Shows,ENTERTAINMENT,29.706,19M,100.0,Free,0.0,Teen,Entertainment,2018-07-16,3.1.4,4.4 and up
4.1,VH1,ENTERTAINMENT,27.424,17M,100.0,Free,0.0,Teen,Entertainment,2018-07-08,11.45.0,4.4 and up
4.2,SHOWTIME,ENTERTAINMENT,12.398,Varies with device,100.0,Free,0.0,Teen,Entertainment,2018-07-02,Varies with device,Varies with device
3.8,MTV,ENTERTAINMENT,35.279,15M,100.0,Free,0.0,Teen,Entertainment,2018-07-08,11.45.0,4.4 and up
4.0,Lifetime - Watch Full Episodes & Original Movies,ENTERTAINMENT,35.931,19M,100.0,Free,0.0,Teen,Entertainment,2018-07-16,3.1.4,4.4 and up
3.9,Comedy Central,ENTERTAINMENT,22.378,19M,100.0,Free,0.0,Teen,Entertainment,2018-07-08,11.45.0,4.4 and up
4.2,BET NOW - Watch Shows,ENTERTAINMENT,14.807,19M,100.0,Free,0.0,Teen,Entertainment,2018-07-08,11.45.0,4.4 and up
3.7,FOX,ENTERTAINMENT,197.774,44M,1000.0,Free,0.0,Mature 17+,Entertainment,2018-06-25,6.6.1,4.4 and up
3.9,Telemundo Now,ENTERTAINMENT,8.674,19M,100.0,Free,0.0,Teen,Entertainment,2018-05-25,3.3.1.42,4.4 and up
4.3,Viki: Asian TV Dramas & Movies,ENTERTAINMENT,407.719,Varies with device,1000.0,Free,0.0,Teen,Entertainment,2018-07-27,Varies with device,Varies with device
4.3,Laugh Out Loud by Kevin Hart,ENTERTAINMENT,1.856,20M,10.0,Free,0.0,Teen,Entertainment,2018-08-01,1.6.1,6.0 and up
4.6,ColorFul - Adult Coloring Book,ENTERTAINMENT,50.725,19M,500.0,Free,0.0,Everyone,Entertainment,2018-05-25,1.0.64,4.0.3 and up
4.6,Fandango Movies - Times + Tickets,ENTERTAINMENT,243.747,Varies with device,1000.0,Free,0.0,Teen,Entertainment,2018-08-02,Varies with device,Varies with device
4.5,Hamilton — The Official App,ENTERTAINMENT,1.575,43M,10.0,Free,0.0,Everyone,Entertainment,2018-07-13,2.3.2,5.0 and up
4.6,My Talking Pet,ENTERTAINMENT,6.238,Varies with device,10.0,Paid,4.99,Everyone,Entertainment,2018-06-30,Varies with device,Varies with device
4.2,Funny Quotes Free,ENTERTAINMENT,23.666,3.6M,100.0,Free,0.0,Teen,Entertainment,2018-05-04,8.1,4.0 and up
4.3,"Imgur: Find funny GIFs, memes & watch viral videos",ENTERTAINMENT,160.164,12M,1000.0,Free,0.0,Teen,Entertainment,2018-08-01,4.2.0.8447,5.0 and up
4.6,Meme Generator,ENTERTAINMENT,3.771,53M,10.0,Paid,2.99,Mature 17+,Entertainment,2018-08-03,4.426,4.1 and up
4.3,SketchBook - draw and paint,ENTERTAINMENT,256.664,77M,1000.0,Free,0.0,Everyone,Entertainment,2018-05-04,4.1.7,4.0.3 and up
4.5,Colorfy: Coloring Book for Adults - Free,ENTERTAINMENT,787.177,Varies with device,1000.0,Free,0.0,Everyone,Entertainment,2018-06-20,Varies with device,Varies with device
4.0,All Events in City,EVENTS,3.782,9.5M,10.0,Free,0.0,Everyone,Events,2018-06-12,8.4,4.0.3 and up
4.0,Ticketmaster Event Tickets,EVENTS,40.113,36M,500.0,Free,0.0,Everyone,Events,2018-07-23,Varies with device,Varies with device
4.5,Reminder,EVENTS,7.074,6.3M,50.0,Free,0.0,Everyone,Events,2018-06-25,1.57,4.1 and up
4.0,"StubHub - Tickets to Sports, Concerts & Events",EVENTS,26.089,Varies with device,500.0,Free,0.0,Everyone,Events,2018-08-02,4.2.1,Varies with device
4.0,Fever,EVENTS,20.611,12M,100.0,Free,0.0,Teen,Events,2018-07-18,4.3.6,4.1 and up
4.4,"SeatGeek – Tickets to Sports, Concerts, Broadway",EVENTS,15.558,26M,100.0,Free,0.0,Everyone,Events,2018-08-03,2018.07.31229,5.0 and up
4.6,Vivid Seats – Event Tickets,EVENTS,8.232,53M,100.0,Free,0.0,Everyone,Events,2018-07-31,Varies with device,5.0 and up
4.1,Name days,EVENTS,3.089,Varies with device,10.0,Free,0.0,Everyone,Events,2018-07-12,Varies with device,Varies with device
4.6,LBB - Find New & Unique Things To Do Around You,EVENTS,3.874,14M,10.0,Free,0.0,Everyone,Events,2018-07-27,4.0.19,4.2 and up
4.5,"Gametime - Tickets to Sports, Concerts, Theater",EVENTS,8.8,24M,100.0,Free,0.0,Everyone,Events,2018-07-17,11.1.1,5.0 and up
4.2,Events High - Meet Your City!,EVENTS,3.2,Varies with device,10.0,Free,0.0,Everyone 10+,Events,2018-06-23,Varies with device,Varies with device
4.5,Picktrainer: India's largest photo contest app,EVENTS,1.065,9.0M,10.0,Free,0.0,Everyone,Events,2018-05-31,1.3.2,4.1 and up
4.5,Goldstar: Live Event Tickets,EVENTS,1.953,Varies with device,10.0,Free,0.0,Teen,Events,2018-08-01,Varies with device,Varies with device
4.4,K PLUS,FINANCE,124.424,Varies with device,1000.0,Free,0.0,Everyone,Finance,2018-06-26,4.6.0,4.2 and up
4.4,ING Banking,FINANCE,39.041,Varies with device,100.0,Free,0.0,Everyone,Finance,2018-08-03,Varies with device,Varies with device
3.6,Citibanamex Movil,FINANCE,52.306,42M,500.0,Free,0.0,Everyone,Finance,2018-07-27,20.1.0,5.0 and up
3.7,The postal bank,FINANCE,36.718,Varies with device,500.0,Free,0.0,Everyone,Finance,2018-07-16,Varies with device,Varies with device
3.8,KTB Netbank,FINANCE,42.644,19M,500.0,Free,0.0,Everyone,Finance,2018-06-28,8.18,4.2 and up
4.2,Mobile Bancomer,FINANCE,278.082,70M,1000.0,Free,0.0,Everyone,Finance,2018-07-30,10.78,4.0.3 and up
4.2,Nedbank Money,FINANCE,6.076,32M,50.0,Free,0.0,Everyone,Finance,2018-07-28,4.1.1-0-prod,4.2 and up
4.2,SCB EASY,FINANCE,112.656,93M,500.0,Free,0.0,Everyone,Finance,2018-07-19,3.9.0,4.1 and up
3.3,CASHIER,FINANCE,335.738,Varies with device,1000.0,Free,0.0,Everyone,Finance,2018-05-03,Varies with device,Varies with device
3.4,Rabo Banking,FINANCE,31.906,Varies with device,100.0,Free,0.0,Everyone,Finance,2018-07-19,5.16.0,4.0 and up
4.3,Capitec Remote Banking,FINANCE,20.672,Varies with device,100.0,Free,0.0,Everyone,Finance,2018-05-08,Varies with device,Varies with device
4.2,Itau bank,FINANCE,957.973,40M,1000.0,Free,0.0,Everyone,Finance,2018-07-30,6.5.7,4.2 and up
4.7,Nubank,FINANCE,130.582,24M,500.0,Free,0.0,Everyone,Finance,2018-08-02,Varies with device,Varies with device
4.1,The Societe Generale App,FINANCE,31.218,Varies with device,100.0,Free,0.0,Everyone,Finance,2018-07-31,Varies with device,Varies with device
4.7,IKO,FINANCE,167.168,20M,100.0,Free,0.0,Everyone,Finance,2018-07-04,3.115.27,4.1 and up
4.0,Cash App,FINANCE,34.428,15M,1000.0,Free,0.0,Everyone,Finance,2018-08-02,2.31.1,5.0 and up
3.6,Standard Bank / Stanbic Bank,FINANCE,15.247,28M,100.0,Free,0.0,Everyone,Finance,2018-07-13,3.0.5,4.0.3 and up
4.0,Bualuang mBanking,FINANCE,48.445,10M,500.0,Free,0.0,Everyone,Finance,2018-07-16,2.6.0,4.0.3 and up
3.6,Intesa Sanpaolo Mobile,FINANCE,35.518,Varies with device,100.0,Free,0.0,Everyone,Finance,2018-07-02,Varies with device,Varies with device
4.3,UBA Mobile Banking,FINANCE,12.185,Varies with device,100.0,Free,0.0,Everyone,Finance,2018-06-08,Varies with device,Varies with device
4.2,BBVA Spain,FINANCE,36.746,Varies with device,500.0,Free,0.0,Everyone,Finance,2018-07-24,Varies with device,Varies with device
4.2,MyMo by GSB,FINANCE,21.996,14M,100.0,Free,0.0,Everyone,Finance,2018-07-19,1.17.2,4.0.3 and up
4.1,VTB-Online,FINANCE,138.371,Varies with device,500.0,Free,0.0,Everyone,Finance,2018-08-02,Varies with device,4.0.3 and up
4.0,Ecobank Mobile Banking,FINANCE,12.073,42M,100.0,Free,0.0,Everyone,Finance,2018-05-25,3.3,4.2 and up
4.1,Banorte Movil,FINANCE,111.632,65M,100.0,Free,0.0,Everyone,Finance,2018-06-09,5.10.1.40699,4.4 and up
4.4,Wells Fargo Mobile,FINANCE,250.706,37M,1000.0,Free,0.0,Everyone,Finance,2018-07-31,6.8.0.109,5.0 and up
4.7,Credit Karma,FINANCE,706.301,Varies with device,1000.0,Free,0.0,Everyone,Finance,2018-07-31,Varies with device,Varies with device
4.5,BZWBK24 mobile,FINANCE,64.959,39M,100.0,Free,0.0,Everyone,Finance,2018-06-18,5.0.1,4.1 and up
4.3,PayPal,FINANCE,659.741,47M,5000.0,Free,0.0,Everyone,Finance,2018-07-18,6.28.0,4.4 and up
4.6,Capital One® Mobile,FINANCE,510.392,79M,1000.0,Free,0.0,Everyone,Finance,2018-08-01,5.38.1,5.0 and up
4.3,Zenith Bank Mobile App,FINANCE,7.215,18M,100.0,Free,0.0,Everyone,Finance,2018-07-23,2.7.4,4.0 and up
4.0,"GCash - Buy Load, Pay Bills, Send Money",FINANCE,25.508,Varies with device,100.0,Free,0.0,Everyone,Finance,2018-07-31,Varies with device,4.2 and up
4.5,Post Bank,FINANCE,60.449,100M,100.0,Free,0.0,Everyone,Finance,2018-07-23,2.9.12,4.0 and up
4.5,İşCep,FINANCE,381.788,32M,1000.0,Free,0.0,Everyone,Finance,2018-08-02,3.22.0,4.1 and up
3.6,People's Bank,FINANCE,10.697,46M,100.0,Free,0.0,Everyone,Finance,2018-07-18,3.22.1,4.1 and up
4.2,Google Pay,FINANCE,347.838,Varies with device,10000.0,Free,0.0,Everyone,Finance,2018-07-26,2.70.206190089,Varies with device
4.1,Transfer,FINANCE,31.804,9.8M,500.0,Free,0.0,Everyone,Finance,2018-07-27,3.1.6.12,4.0 and up
3.5,T-Mobile in,FINANCE,3.856,8.2M,100.0,Free,0.0,Everyone,Finance,2018-07-31,3.2.1,4.4 and up
4.4,TrueMoney Wallet,FINANCE,199.684,18M,500.0,Free,0.0,Everyone,Finance,2018-07-19,Varies with device,Varies with device
4.0,Alfa-Bank (Alfa-Bank),FINANCE,44.545,Varies with device,100.0,Free,0.0,Everyone,Finance,2018-07-31,Varies with device,Varies with device
4.5,Bank of Brazil,FINANCE,1336.246,39M,1000.0,Free,0.0,Everyone,Finance,2018-08-03,6.39.1.4,4.1 and up
4.6,"Robinhood - Investing, No Fees",FINANCE,57.493,Varies with device,100.0,Free,0.0,Everyone,Finance,2018-07-31,Varies with device,Varies with device
4.8,"Even - organize your money, get paid early",FINANCE,12.304,21M,10.0,Free,0.0,Everyone,Finance,2018-08-02,6.0.16,5.0 and up
4.5,Digit Save Money Automatically,FINANCE,8.188,22M,10.0,Free,0.0,Everyone,Finance,2018-07-31,2.29.01,4.1 and up
4.2,Stash: Invest. Learn. Save.,FINANCE,11.919,23M,100.0,Free,0.0,Everyone,Finance,2018-07-27,1.13.2.11,4.4 and up
4.3,Acorns - Invest Spare Change,FINANCE,45.957,Varies with device,100.0,Free,0.0,Everyone,Finance,2018-07-31,Varies with device,Varies with device
4.2,Google Pay,FINANCE,347.838,Varies with device,10000.0,Free,0.0,Everyone,Finance,2018-07-26,2.70.206190089,Varies with device
4.4,"Money Lover: Expense Tracker, Budget Planner",FINANCE,126.431,Varies with device,100.0,Free,0.0,Everyone,Finance,2018-08-01,Varies with device,Varies with device
4.4,Expense IQ Money Manager,FINANCE,21.57,27M,100.0,Free,0.0,Everyone,Finance,2018-06-19,2.0.4,4.0 and up
4.6,Money Manager Expense & Budget,FINANCE,134.564,Varies with device,500.0,Free,0.0,Everyone,Finance,2018-07-25,Varies with device,Varies with device
4.6,"Prism Pay Bills, Track Money, Personal Finance",FINANCE,16.961,32M,50.0,Free,0.0,Everyone,Finance,2018-08-04,2.12.100,4.1 and up
4.6,Monefy - Money Manager,FINANCE,111.254,7.4M,100.0,Free,0.0,Everyone,Finance,2018-07-03,1.8.9,4.0 and up
4.4,Simple - Better Banking,FINANCE,7.731,24M,10.0,Free,0.0,Everyone,Finance,2018-08-02,2.53.2,5.0 and up
4.3,Chime - Mobile Banking,FINANCE,5.928,22M,50.0,Free,0.0,Everyone,Finance,2018-07-22,5.1.1,5.0 and up
4.2,Bluebird by American Express,FINANCE,15.703,Varies with device,100.0,Free,0.0,Everyone,Finance,2018-07-25,Varies with device,Varies with device
4.2,Walmart MoneyCard,FINANCE,6.148,10M,100.0,Free,0.0,Everyone,Finance,2018-06-01,1.14.1,4.1 and up
4.5,Qapital - Save Small. Live Large,FINANCE,8.662,38M,10.0,Free,0.0,Everyone,Finance,2018-07-20,2.5.7,4.4 and up
4.6,Experian - Free Credit Report,FINANCE,23.13,46M,100.0,Free,0.0,Everyone,Finance,2018-07-12,2.1.4,4.2 and up
4.6,Branch,FINANCE,69.973,3.8M,100.0,Free,0.0,Everyone,Finance,2018-07-23,1.17.1,4.0 and up
4.6,CreditWise from Capital One,FINANCE,26.587,8.4M,100.0,Free,0.0,Everyone,Finance,2018-07-19,1.18.0,4.4 and up
4.6,"NerdWallet: Personal Finance, Credit Score & Cash",FINANCE,2.417,28M,10.0,Free,0.0,Everyone,Finance,2018-08-03,3.5.0,4.4 and up
4.7,Credit Karma,FINANCE,706.302,Varies with device,1000.0,Free,0.0,Everyone,Finance,2018-07-31,Varies with device,Varies with device
3.8,my face,FINANCE,1.054,9.7M,10.0,Free,0.0,Everyone,Finance,2018-07-10,2.3.0,5.0 and up
4.3,Credit Sesame,FINANCE,25.166,11M,100.0,Free,0.0,Everyone,Finance,2018-07-25,3.1.16,4.1 and up
4.3,"Mint: Budget, Bills, Finance",FINANCE,129.304,Varies with device,500.0,Free,0.0,Everyone,Finance,2018-08-02,Varies with device,Varies with device
4.5,Fresh EBT - Food Stamp Balance,FINANCE,19.87,7.4M,100.0,Free,0.0,Everyone,Finance,2018-07-24,2.9.5,4.0.3 and up
4.6,"Hurdlr: Track Mileage, Expenses, and Log Receipts",FINANCE,3.596,19M,10.0,Free,0.0,Everyone,Finance,2018-07-20,16.6,6.0 and up
4.6,Mobills: Budget Planner,FINANCE,161.44,16M,100.0,Free,0.0,Everyone,Finance,2018-08-03,3.2.18.07.30,4.0.3 and up
4.7,Everlance: Free Mileage Log,FINANCE,7.514,14M,10.0,Free,0.0,Everyone,Finance,2018-07-31,1.9.9.9.3,4.4 and up
4.5,MileIQ - Free Mileage Tracker for Business,FINANCE,46.106,22M,100.0,Free,0.0,Everyone,Finance,2018-07-31,1.28.0.5402,4.4 and up
4.4,QuickBooks Self-Employed:Mileage Tracker and Taxes,FINANCE,15.141,25M,100.0,Free,0.0,Everyone,Finance,2018-07-24,4.63,5.0 and up
4.5,MetaTrader 5,FINANCE,42.41,Varies with device,100.0,Free,0.0,Everyone,Finance,2018-08-03,Varies with device,Varies with device
4.6,MetaTrader 4,FINANCE,260.547,Varies with device,500.0,Free,0.0,Everyone,Finance,2018-07-31,Varies with device,Varies with device
4.1,Stock Quote,FINANCE,4.344,4.5M,50.0,Free,0.0,Everyone,Finance,2018-07-30,3.6.2,4.0 and up
4.5,Seeking Alpha,FINANCE,22.808,Varies with device,100.0,Free,0.0,Everyone,Finance,2018-08-03,Varies with device,Varies with device
4.4,Stock Trainer: Virtual Trading (Stock Markets),FINANCE,42.809,23M,100.0,Free,0.0,Everyone,Finance,2018-07-27,3.04 - Beta,4.1 and up
4.5,Stocks: Realtime Quotes Charts,FINANCE,16.808,Varies with device,100.0,Free,0.0,Everyone,Finance,2018-05-01,Varies with device,Varies with device
4.6,"Stocks, Forex, Bitcoin, Ethereum: Portfolio & News",FINANCE,157.505,Varies with device,500.0,Free,0.0,Everyone,Finance,2018-08-01,Varies with device,Varies with device
4.2,CNBC: Breaking Business News & Live Market Data,FINANCE,24.647,Varies with device,100.0,Free,0.0,Everyone,Finance,2018-07-13,Varies with device,Varies with device
4.4,US Stock Market,FINANCE,1.922,4.2M,10.0,Free,0.0,Everyone,Finance,2018-08-01,1.28,2.3 and up
4.1,Bloomberg Professional,FINANCE,3.334,Varies with device,50.0,Free,0.0,Everyone,Finance,2018-07-23,Varies with device,Varies with device
3.9,E*TRADE Mobile,FINANCE,10.658,58M,100.0,Free,0.0,Everyone,Finance,2018-08-02,6.8.2,4.4 and up
4.6,"Robinhood - Investing, No Fees",FINANCE,57.493,Varies with device,100.0,Free,0.0,Everyone,Finance,2018-07-31,Varies with device,Varies with device
4.5,MSN Money- Stock Quotes & News,FINANCE,78.361,22M,100.0,Free,0.0,Everyone,Finance,2018-07-05,1.2.0,4.2 and up
4.4,Yahoo Finance,FINANCE,135.952,Varies with device,500.0,Free,0.0,Everyone,Finance,2018-07-30,Varies with device,Varies with device
4.6,"JStock - Stock Market, Portfolio & News",FINANCE,11.066,9.1M,50.0,Free,0.0,Everyone,Finance,2018-07-18,1.1.39,4.0 and up
4.5,Digit Save Money Automatically,FINANCE,8.188,22M,10.0,Free,0.0,Everyone,Finance,2018-07-31,2.29.01,4.1 and up
4.3,Acorns - Invest Spare Change,FINANCE,45.962,Varies with device,100.0,Free,0.0,Everyone,Finance,2018-07-31,Varies with device,Varies with device
4.3,Webull - Stock Quotes & Free Stock Trading,FINANCE,34.861,Varies with device,100.0,Free,0.0,Everyone,Finance,2018-08-03,Varies with device,Varies with device
4.3,"Trading 212 - Forex, Stocks, CFDs",FINANCE,37.58,Varies with device,500.0,Free,0.0,Everyone,Finance,2018-08-01,4.5.2.1,4.4 and up
4.4,"Moneycontrol – Stocks, Sensex, Mutual Funds, IPO",FINANCE,281.485,Varies with device,500.0,Free,0.0,Everyone,Finance,2018-05-11,Varies with device,Varies with device
4.4,"Money Lover: Expense Tracker, Budget Planner",FINANCE,126.447,Varies with device,100.0,Free,0.0,Everyone,Finance,2018-08-01,Varies with device,Varies with device
4.3,"Mint: Budget, Bills, Finance",FINANCE,129.304,Varies with device,500.0,Free,0.0,Everyone,Finance,2018-08-02,Varies with device,Varies with device
4.4,Betterment,FINANCE,3.78,11M,10.0,Free,0.0,Everyone,Finance,2018-08-03,6.0.6,5.0 and up
4.1,Citizens Bank Mobile Banking,FINANCE,15.192,38M,100.0,Free,0.0,Everyone,Finance,2018-05-23,4.2.1,4.1 and up
4.4,GoBank,FINANCE,5.95,12M,50.0,Free,0.0,Everyone,Finance,2018-06-01,2.131,4.1 and up
4.2,NetSpend Prepaid,FINANCE,15.993,45M,100.0,Free,0.0,Everyone,Finance,2018-05-09,4.10.0,4.4 and up
4.3,BBVA Compass Banking,FINANCE,5.905,50M,50.0,Free,0.0,Everyone,Finance,2018-07-27,6.0.2,4.4 and up
4.4,Simple - Better Banking,FINANCE,7.731,24M,10.0,Free,0.0,Everyone,Finance,2018-08-02,2.53.2,5.0 and up
4.3,PayPal,FINANCE,659.76,47M,5000.0,Free,0.0,Everyone,Finance,2018-07-18,6.28.0,4.4 and up
4.3,BankMobile Vibe App,FINANCE,14.627,23M,100.0,Free,0.0,Everyone,Finance,2018-07-09,5.1,4.1 and up
3.9,Netspend Skylight ONE,FINANCE,1.098,46M,10.0,Free,0.0,Everyone,Finance,2018-05-09,4.10.0,4.4 and up
4.1,ACE Elite,FINANCE,2.898,45M,10.0,Free,0.0,Everyone,Finance,2018-05-09,4.10.0,4.4 and up
4.1,U.S. Bank,FINANCE,70.782,50M,100.0,Free,0.0,Everyone,Finance,2018-07-25,2.34.29,4.0.3 and up
4.2,Huntington Mobile,FINANCE,11.264,24M,100.0,Free,0.0,Everyone,Finance,2018-06-26,5.2.203,4.2 and up
4.5,USAA Mobile,FINANCE,100.997,33M,500.0,Free,0.0,Everyone,Finance,2018-07-27,8.44.2,5.0 and up
4.2,Google Pay,FINANCE,347.874,Varies with device,10000.0,Free,0.0,Everyone,Finance,2018-07-26,2.70.206190089,Varies with device
4.4,Bank of America Mobile Banking,FINANCE,341.09,53M,1000.0,Free,0.0,Everyone,Finance,2018-07-31,7.8.8,4.4 and up
4.6,Discover Mobile,FINANCE,87.951,68M,500.0,Free,0.0,Everyone,Finance,2018-07-23,9.7.0,4.1 and up
4.4,Wells Fargo Mobile,FINANCE,250.719,37M,1000.0,Free,0.0,Everyone,Finance,2018-07-31,6.8.0.109,5.0 and up
4.6,Capital One® Mobile,FINANCE,510.401,79M,1000.0,Free,0.0,Everyone,Finance,2018-08-01,5.38.1,5.0 and up
4.3,Amex Mobile,FINANCE,24.729,32M,100.0,Free,0.0,Everyone,Finance,2018-08-03,6.7.0,5.0 and up
4.0,Citi Mobile®,FINANCE,78.306,46M,500.0,Free,0.0,Everyone,Finance,2018-07-31,9.9.0,4.4 and up
4.4,Navy Federal Credit Union,FINANCE,43.313,40M,100.0,Free,0.0,Everyone,Finance,2018-07-09,5.16.2,4.1 and up
4.6,Chase Mobile,FINANCE,1374.549,32M,1000.0,Free,0.0,Everyone,Finance,2018-07-23,3.52,5.0 and up
4.2,HDFC Bank MobileBanking,FINANCE,208.463,Varies with device,1000.0,Free,0.0,Everyone,Finance,2018-07-26,Varies with device,Varies with device
4.1,Barclays US for Android,FINANCE,6.998,24M,100.0,Free,0.0,Everyone,Finance,2018-08-01,6.29.37589,5.0 and up
3.6,McDonald's,FOOD_AND_DRINK,145.323,42M,1000.0,Free,0.0,Everyone,Food & Drink,2018-07-31,5.15.0,4.4 and up
4.1,Cookpad - FREE recipe search makes fun cooking · musical making!,FOOD_AND_DRINK,64.784,13M,1000.0,Free,0.0,Everyone,Food & Drink,2018-08-02,18.6.0.10,5.0 and up
4.6,DELISH KITCHEN - FREE recipe movies make food fun and easy!,FOOD_AND_DRINK,32.997,13M,100.0,Free,0.0,Everyone,Food & Drink,2018-08-04,2.2.7,4.1 and up
4.7,Easy Recipes,FOOD_AND_DRINK,2.707,8.9M,10.0,Free,0.0,Everyone,Food & Drink,2018-05-15,2.12,4.0.3 and up
4.7,Delicious Recipes,FOOD_AND_DRINK,129.737,Varies with device,100.0,Free,0.0,Teen,Food & Drink,2018-08-03,Varies with device,Varies with device
4.7,Tastely,FOOD_AND_DRINK,611.136,19M,1000.0,Free,0.0,Everyone,Food & Drink,2018-07-13,3.2.0d,4.0.3 and up
4.7,Pastry & Cooking (Without Net),FOOD_AND_DRINK,6.118,Varies with device,100.0,Free,0.0,Everyone,Food & Drink,2018-07-07,Varies with device,Varies with device
4.1,Frigo Magic: Easy recipe idea and anti-waste,FOOD_AND_DRINK,2.473,14M,50.0,Free,0.0,Everyone,Food & Drink,2018-07-28,3.1.5,4.4 and up
3.4,McDonald's - McDonald's Japan,FOOD_AND_DRINK,109.784,64M,1000.0,Free,0.0,Everyone,Food & Drink,2018-08-03,4.0.30,4.0.3 and up
3.8,Debonairs Pizza,FOOD_AND_DRINK,3.32,8.4M,50.0,Free,0.0,Everyone,Food & Drink,2018-08-04,1.9.117,4.0.3 and up
4.2,Dunkin' Donuts,FOOD_AND_DRINK,68.103,66M,100.0,Free,0.0,Everyone,Food & Drink,2018-06-20,5.0.0,4.4 and up
3.1,Pyaterochka,FOOD_AND_DRINK,8.412,Varies with device,100.0,Free,0.0,Everyone,Food & Drink,2018-07-19,Varies with device,4.4 and up
3.5,Refreshing app Free application that can use deal coupons,FOOD_AND_DRINK,10.741,41M,100.0,Free,0.0,Everyone,Food & Drink,2018-07-23,5.2.2,4.2 and up
4.5,Grubhub: Food Delivery,FOOD_AND_DRINK,155.944,35M,500.0,Free,0.0,Everyone,Food & Drink,2018-08-02,7.12,5.0 and up
4.2,Panera Bread,FOOD_AND_DRINK,10.159,36M,100.0,Free,0.0,Everyone,Food & Drink,2018-07-17,4.3.3,5.0 and up
4.3,Chick-fil-A,FOOD_AND_DRINK,28.008,17M,500.0,Free,0.0,Everyone,Food & Drink,2018-08-03,6.0.1,5.0 and up
4.5,Starbucks,FOOD_AND_DRINK,455.377,35M,1000.0,Free,0.0,Everyone,Food & Drink,2018-08-01,4.11.1,4.4 and up
4.6,Easy and quick desserts,FOOD_AND_DRINK,1.398,10M,10.0,Free,0.0,Everyone 10+,Food & Drink,2018-06-14,1,4.0.3 and up
4.7,Domino's Pizza USA,FOOD_AND_DRINK,1032.935,Varies with device,1000.0,Free,0.0,Everyone,Food & Drink,2018-07-20,Varies with device,Varies with device
4.1,Chef - Recipes & Cooking,FOOD_AND_DRINK,32.405,12M,500.0,Free,0.0,Everyone,Food & Drink,2018-07-03,3.3.21,4.1 and up
4.3,"Delivery Club-food delivery: pizza, sushi, burger, salad",FOOD_AND_DRINK,151.08,Varies with device,500.0,Free,0.0,Everyone,Food & Drink,2018-07-27,Varies with device,Varies with device
3.8,HungerStation,FOOD_AND_DRINK,22.513,11M,100.0,Free,0.0,Everyone,Food & Drink,2018-05-21,5.3.8,4.0.3 and up
4.4,Delivery yogi.,FOOD_AND_DRINK,90.042,Varies with device,1000.0,Free,0.0,Everyone,Food & Drink,2018-07-18,Varies with device,Varies with device
4.3,Delivery trough - delivery trough delivery trough,FOOD_AND_DRINK,58.316,Varies with device,500.0,Free,0.0,Everyone,Food & Drink,2018-07-25,Varies with device,Varies with device
4.2,Dr. Oetker recipe ideas,FOOD_AND_DRINK,8.509,17M,100.0,Free,0.0,Everyone,Food & Drink,2018-07-12,3.5.5,4.0.3 and up
4.3,SONIC Drive-In,FOOD_AND_DRINK,19.314,43M,100.0,Free,0.0,Everyone,Food & Drink,2018-07-31,3.3.6,4.4 and up
3.8,SUBWAY®,FOOD_AND_DRINK,21.314,41M,100.0,Free,0.0,Everyone,Food & Drink,2018-07-24,7.9.0.0,4.4 and up
4.3,GialloZafferano: Recipes,FOOD_AND_DRINK,30.224,Varies with device,100.0,Free,0.0,Everyone,Food & Drink,2018-05-28,Varies with device,Varies with device
3.6,OpenRice,FOOD_AND_DRINK,14.952,39M,100.0,Free,0.0,Everyone,Food & Drink,2018-06-08,5.8.5,4.1 and up
3.3,Little Caesars,FOOD_AND_DRINK,1.726,30M,50.0,Free,0.0,Everyone,Food & Drink,2018-07-19,4.26,4.4 and up
4.7,Recipes Pastries and homemade pies More than 500 recipes for pastries,FOOD_AND_DRINK,14.065,7.1M,50.0,Free,0.0,Everyone,Food & Drink,2018-06-12,1.2.2,4.1 and up
4.6,"Eat Fast Prepare ""Without Internet""",FOOD_AND_DRINK,4.925,17M,100.0,Free,0.0,Everyone,Food & Drink,2018-06-10,3.6.6,4.0.3 and up
3.4,Wendy’s – Food and Offers,FOOD_AND_DRINK,6.507,18M,100.0,Free,0.0,Everyone,Food & Drink,2018-04-12,5.7.0,4.4 and up
4.6,My Recipes Cookbook : RecetteTek,FOOD_AND_DRINK,11.707,Varies with device,10.0,Free,0.0,Everyone,Food & Drink,2018-06-24,Varies with device,Varies with device
4.1,Cookbook Recipes,FOOD_AND_DRINK,46.539,Varies with device,500.0,Free,0.0,Teen,Food & Drink,2018-07-23,Varies with device,Varies with device
4.5,ChefTap Recipes & Grocery List,FOOD_AND_DRINK,9.066,15M,50.0,Free,0.0,Everyone,Food & Drink,2018-04-25,4.0.0.427,5.1 and up
4.4,Recipe Keeper,FOOD_AND_DRINK,1.962,22M,10.0,Free,0.0,Everyone,Food & Drink,2018-06-27,3.17.1.0,4.1 and up
4.5,My CookBook (Recipe Manager),FOOD_AND_DRINK,22.071,Varies with device,100.0,Free,0.0,Everyone,Food & Drink,2018-06-29,Varies with device,Varies with device
4.5,Yummly Recipes & Shopping List,FOOD_AND_DRINK,91.359,27M,100.0,Free,0.0,Everyone,Food & Drink,2018-07-05,2.0.3,4.4 and up
4.6,Kitchen Stories - Recipes & Cooking,FOOD_AND_DRINK,22.015,Varies with device,100.0,Free,0.0,Everyone,Food & Drink,2018-07-06,Varies with device,5.0 and up
4.5,Cookpad,FOOD_AND_DRINK,131.569,8.2M,1000.0,Free,0.0,Everyone,Food & Drink,2018-08-03,2.76.2.0-android,4.2 and up
3.6,Postmates Food Delivery: Order Eats & Alcohol,FOOD_AND_DRINK,22.875,22M,100.0,Free,0.0,Everyone,Food & Drink,2018-07-27,4.2.6,5.0 and up
4.4,Instacart: Grocery Delivery,FOOD_AND_DRINK,17.071,Varies with device,100.0,Free,0.0,Everyone,Food & Drink,2018-08-02,Varies with device,5.0 and up
4.6,OpenTable: Restaurants Near Me,FOOD_AND_DRINK,90.242,19M,500.0,Free,0.0,Everyone,Food & Drink,2018-07-31,9.15.0.2020,5.0 and up
4.1,Foursquare City Guide,FOOD_AND_DRINK,483.96,Varies with device,1000.0,Free,0.0,Teen,Food & Drink,2018-07-23,Varies with device,Varies with device
4.3,Zomato - Restaurant Finder and Food Delivery App,FOOD_AND_DRINK,511.228,Varies with device,1000.0,Free,0.0,Everyone,Food & Drink,2018-08-01,Varies with device,Varies with device
4.5,Grubhub: Food Delivery,FOOD_AND_DRINK,155.944,35M,500.0,Free,0.0,Everyone,Food & Drink,2018-08-02,7.12,5.0 and up
4.1,"delivery.com: Order Food, Alcohol & Laundry",FOOD_AND_DRINK,1.92,Varies with device,10.0,Free,0.0,Everyone,Food & Drink,2018-07-31,Varies with device,Varies with device
3.6,Postmates Food Delivery: Order Eats & Alcohol,FOOD_AND_DRINK,22.875,22M,100.0,Free,0.0,Everyone,Food & Drink,2018-07-27,4.2.6,5.0 and up
4.7,Domino's Pizza USA,FOOD_AND_DRINK,1032.935,Varies with device,1000.0,Free,0.0,Everyone,Food & Drink,2018-07-20,Varies with device,Varies with device
4.3,Eat24 Food Delivery & Takeout,FOOD_AND_DRINK,40.116,Varies with device,100.0,Free,0.0,Everyone,Food & Drink,2018-08-02,Varies with device,Varies with device
4.7,BeyondMenu Food Delivery,FOOD_AND_DRINK,51.517,Varies with device,100.0,Free,0.0,Everyone,Food & Drink,2018-08-01,Varies with device,Varies with device
4.6,EatStreet Food Delivery App,FOOD_AND_DRINK,7.69,25M,10.0,Free,0.0,Everyone,Food & Drink,2018-07-03,3.1.14,5.0 and up
4.4,Pizza Hut,FOOD_AND_DRINK,321.134,30M,1000.0,Free,0.0,Everyone,Food & Drink,2018-06-12,4.7.0,4.1 and up
4.2,Caviar - Food Delivery,FOOD_AND_DRINK,3.755,8.5M,10.0,Free,0.0,Everyone,Food & Drink,2018-07-20,2.4.11,6.0 and up
4.5,DoorDash - Food Delivery,FOOD_AND_DRINK,104.504,Varies with device,100.0,Free,0.0,Everyone,Food & Drink,2018-07-31,Varies with device,Varies with device
4.3,Chick-fil-A,FOOD_AND_DRINK,28.009,17M,500.0,Free,0.0,Everyone,Food & Drink,2018-08-03,6.0.1,5.0 and up
4.2,Uber Eats: Local Food Delivery,FOOD_AND_DRINK,333.208,34M,1000.0,Free,0.0,Everyone,Food & Drink,2018-08-01,1.161.10002,5.0 and up
4.5,Seamless Food Delivery/Takeout,FOOD_AND_DRINK,35.218,34M,100.0,Free,0.0,Everyone,Food & Drink,2018-08-02,7.12,5.0 and up
4.5,Talabat: Food Delivery,FOOD_AND_DRINK,116.403,Varies with device,500.0,Free,0.0,Everyone,Food & Drink,2018-08-01,Varies with device,Varies with device
4.3,TheFork - Restaurants booking and special offers,FOOD_AND_DRINK,37.517,17M,500.0,Free,0.0,Everyone,Food & Drink,2018-07-20,11.11.1,4.1 and up
4.0,foodpanda - Local Food Delivery,FOOD_AND_DRINK,292.969,16M,1000.0,Free,0.0,Everyone,Food & Drink,2018-07-30,4.11.3,4.2 and up
4.3,Zomato - Restaurant Finder and Food Delivery App,FOOD_AND_DRINK,511.42,Varies with device,1000.0,Free,0.0,Everyone,Food & Drink,2018-08-01,Varies with device,Varies with device
4.8,Home Workout - No Equipment,HEALTH_AND_FITNESS,428.156,15M,1000.0,Free,0.0,Everyone,Health & Fitness,2018-06-28,Varies with device,Varies with device
4.9,Lose Belly Fat in 30 Days - Flat Stomach,HEALTH_AND_FITNESS,38.098,11M,500.0,Free,0.0,Everyone,Health & Fitness,2018-06-21,1.0.4,4.2 and up
4.8,Pedometer - Step Counter Free & Calorie Burner,HEALTH_AND_FITNESS,31.139,6.9M,100.0,Free,0.0,Everyone,Health & Fitness,2018-07-24,1.0.11,4.1 and up
4.9,Six Pack in 30 Days - Abs Workout,HEALTH_AND_FITNESS,272.337,13M,1000.0,Free,0.0,Everyone,Health & Fitness,2018-06-21,1.0.2,4.2 and up
4.8,Lose Weight in 30 Days,HEALTH_AND_FITNESS,220.125,11M,1000.0,Free,0.0,Everyone,Health & Fitness,2018-07-31,1.0.14,4.0 and up
4.4,Pedometer,HEALTH_AND_FITNESS,400.592,2.9M,1000.0,Free,0.0,Everyone,Health & Fitness,2018-07-04,5.23,4.0 and up
3.3,LG Health,HEALTH_AND_FITNESS,20.098,25M,1000.0,Free,0.0,Everyone,Health & Fitness,2018-05-14,5.31.75,4.4 and up
4.7,Step Counter - Pedometer Free & Calorie Counter,HEALTH_AND_FITNESS,117.925,7.0M,1000.0,Free,0.0,Everyone,Health & Fitness,2018-07-24,1.0.26,4.1 and up
4.6,"Pedometer, Step Counter & Weight Loss Tracker App",HEALTH_AND_FITNESS,548.021,27M,1000.0,Free,0.0,Everyone,Health & Fitness,2018-08-02,p5.7.1,4.1 and up
4.8,Sportractive GPS Running Cycling Distance Tracker,HEALTH_AND_FITNESS,48.276,7.5M,100.0,Free,0.0,Everyone,Health & Fitness,2018-08-04,3.0.6,4.4 and up
4.8,30 Day Fitness Challenge - Workout at Home,HEALTH_AND_FITNESS,471.036,Varies with device,1000.0,Free,0.0,Everyone,Health & Fitness,2018-08-03,Varies with device,4.0 and up
4.8,Home Workout for Men - Bodybuilding,HEALTH_AND_FITNESS,12.705,15M,100.0,Free,0.0,Everyone,Health & Fitness,2018-07-10,1.0.2,4.0 and up
4.5,Running & Jogging,HEALTH_AND_FITNESS,6.238,3.9M,50.0,Free,0.0,Everyone,Health & Fitness,2018-07-30,1.1.22,4.1 and up
4.5,Walk with Map My Walk,HEALTH_AND_FITNESS,144.04,55M,500.0,Free,0.0,Everyone,Health & Fitness,2018-07-27,18.7.1,5.0 and up
4.8,Sleep Sounds,HEALTH_AND_FITNESS,51.227,28M,100.0,Free,0.0,Everyone,Health & Fitness,2018-07-13,4.0.1,4.0.3 and up
3.9,Fitbit,HEALTH_AND_FITNESS,357.417,Varies with device,1000.0,Free,0.0,Everyone,Health & Fitness,2018-07-26,Varies with device,Varies with device
4.5,Runtastic Running App & Mile Tracker,HEALTH_AND_FITNESS,827.597,Varies with device,1000.0,Free,0.0,Everyone,Health & Fitness,2018-07-25,Varies with device,Varies with device
4.5,Cycling - Bike Tracker,HEALTH_AND_FITNESS,9.116,4.0M,50.0,Free,0.0,Everyone,Health & Fitness,2018-07-30,1.1.22,4.1 and up
4.7,Abs Training-Burn belly fat,HEALTH_AND_FITNESS,2.071,6.9M,10.0,Free,0.0,Everyone,Health & Fitness,2018-07-24,1.0.12,4.1 and up
4.7,Calorie Counter - EasyFit free,HEALTH_AND_FITNESS,50.294,11M,100.0,Free,0.0,Everyone,Health & Fitness,2018-07-09,3.0.7,4.1 and up
4.4,Nike+ Run Club,HEALTH_AND_FITNESS,708.674,Varies with device,1000.0,Free,0.0,Everyone,Health & Fitness,2018-07-12,2.17.0,4.4 and up
3.9,Garmin Connect™,HEALTH_AND_FITNESS,232.153,Varies with device,1000.0,Free,0.0,Everyone,Health & Fitness,2018-08-02,Varies with device,Varies with device
4.2,BetterMe: Weight Loss Workouts,HEALTH_AND_FITNESS,14.709,15M,500.0,Free,0.0,Everyone,Health & Fitness,2018-07-26,2.8.2,5.0 and up
4.4,Bike Computer - GPS Cycling Tracker,HEALTH_AND_FITNESS,12.029,4.3M,100.0,Free,0.0,Everyone,Health & Fitness,2018-08-04,2.6,4.2 and up
4.6,Calorie Counter - MyFitnessPal,HEALTH_AND_FITNESS,1873.516,Varies with device,5000.0,Free,0.0,Everyone,Health & Fitness,2018-07-31,Varies with device,Varies with device
4.6,Six Packs for Man–Body Building with No Equipment,HEALTH_AND_FITNESS,2.88,7.1M,10.0,Free,0.0,Everyone,Health & Fitness,2018-07-24,1.0.8,4.1 and up
4.2,Weight Watchers Mobile,HEALTH_AND_FITNESS,270.267,58M,500.0,Free,0.0,Everyone,Health & Fitness,2018-07-31,6.15.0,4.1 and up
4.5,Endomondo - Running & Walking,HEALTH_AND_FITNESS,559.186,Varies with device,1000.0,Free,0.0,Everyone,Health & Fitness,2018-07-11,Varies with device,Varies with device
4.7,Running Distance Tracker +,HEALTH_AND_FITNESS,77.777,Varies with device,100.0,Free,0.0,Everyone,Health & Fitness,2018-06-29,3.401,5.0 and up
4.5,The TK-App - everything under control,HEALTH_AND_FITNESS,8.642,18M,10.0,Free,0.0,Everyone,Health & Fitness,2018-08-02,1.2,4.4 and up
4.5,Runkeeper - GPS Track Run Walk,HEALTH_AND_FITNESS,501.144,Varies with device,1000.0,Free,0.0,Everyone,Health & Fitness,2018-07-16,Varies with device,Varies with device
3.7,Walking: Pedometer diet,HEALTH_AND_FITNESS,1.861,1.5M,100.0,Free,0.0,Everyone,Health & Fitness,2018-06-18,1.5,2.3 and up
4.6,8fit Workouts & Meal Planner,HEALTH_AND_FITNESS,115.721,67M,1000.0,Free,0.0,Everyone,Health & Fitness,2018-07-11,3.5.0,5.0 and up
4.7,Keep Trainer - Workout Trainer & Fitness Coach,HEALTH_AND_FITNESS,14.81,Varies with device,100.0,Free,0.0,Everyone,Health & Fitness,2018-07-24,Varies with device,Varies with device
4.5,Run with Map My Run,HEALTH_AND_FITNESS,183.662,57M,500.0,Free,0.0,Everyone,Health & Fitness,2018-07-27,18.7.1,5.0 and up
4.5,Weight Loss Running by Verv,HEALTH_AND_FITNESS,27.393,59M,100.0,Free,0.0,Mature 17+,Health & Fitness,2018-07-16,6.5.3,4.1 and up
4.6,Couch to 10K Running Trainer,HEALTH_AND_FITNESS,10.445,48M,50.0,Free,0.0,Everyone,Health & Fitness,2018-07-02,112,4.4 and up
4.0,PumpUp — Fitness Community,HEALTH_AND_FITNESS,49.479,57M,100.0,Free,0.0,Teen,Health & Fitness,2018-07-10,5.13.0,5.0 and up
4.3,"Home workouts - fat burning, abs, legs, arms,chest",HEALTH_AND_FITNESS,4.848,13M,100.0,Free,0.0,Everyone,Health & Fitness,2018-07-18,2.6,4.1 and up
4.4,Running Weight Loss Walking Jogging Hiking FITAPP,HEALTH_AND_FITNESS,20.812,Varies with device,100.0,Free,0.0,Teen,Health & Fitness,2018-07-27,Varies with device,Varies with device
4.5,"Strava Training: Track Running, Cycling & Swimming",HEALTH_AND_FITNESS,328.469,Varies with device,1000.0,Free,0.0,Teen,Health & Fitness,2018-08-01,Varies with device,Varies with device
4.2,Workout Trainer: fitness coach,HEALTH_AND_FITNESS,100.406,Varies with device,1000.0,Free,0.0,Everyone,Health & Fitness,2018-06-30,Varies with device,Varies with device
4.6,"Fabulous: Motivate Me! Meditate, Relax, Sleep",HEALTH_AND_FITNESS,205.299,31M,500.0,Free,0.0,Everyone,Health & Fitness,2018-07-16,3.48,4.1 and up
4.9,StrongLifts 5x5 Workout Gym Log & Personal Trainer,HEALTH_AND_FITNESS,66.791,10M,100.0,Free,0.0,Everyone,Health & Fitness,2018-07-30,Varies with device,Varies with device
4.5,Run with Map My Run,HEALTH_AND_FITNESS,183.669,57M,500.0,Free,0.0,Everyone,Health & Fitness,2018-07-27,18.7.1,5.0 and up
4.5,7 Minute Workout,HEALTH_AND_FITNESS,399.009,Varies with device,1000.0,Free,0.0,Everyone,Health & Fitness,2018-06-08,Varies with device,Varies with device
4.6,Workout Tracker & Gym Trainer - Fitness Log Book,HEALTH_AND_FITNESS,5.42,21M,50.0,Free,0.0,Everyone,Health & Fitness,2018-06-05,2.48.3,4.1 and up
4.5,Freeletics: Personal Trainer & Fitness Workouts,HEALTH_AND_FITNESS,130.104,25M,1000.0,Free,0.0,Everyone,Health & Fitness,2018-08-03,5.3,5.0 and up
4.6,Nike Training Club - Workouts & Fitness Plans,HEALTH_AND_FITNESS,251.534,93M,1000.0,Free,0.0,Everyone,Health & Fitness,2018-07-18,5.14.0,5.0 and up
4.6,Fitbit Coach,HEALTH_AND_FITNESS,28.951,60M,100.0,Free,0.0,Everyone,Health & Fitness,2018-07-16,4.4,4.4 and up
4.5,Map My Ride GPS Cycling Riding,HEALTH_AND_FITNESS,106.547,54M,100.0,Free,0.0,Everyone,Health & Fitness,2018-07-27,18.7.1,5.0 and up
4.4,Daily Workouts - Exercise Fitness Routine Trainer,HEALTH_AND_FITNESS,134.195,Varies with device,1000.0,Free,0.0,Everyone,Health & Fitness,2018-06-14,Varies with device,Varies with device
3.9,Google Fit - Fitness Tracking,HEALTH_AND_FITNESS,249.855,Varies with device,1000.0,Free,0.0,Everyone,Health & Fitness,2018-07-24,Varies with device,Varies with device
4.5,Weight Loss Running by Verv,HEALTH_AND_FITNESS,27.396,59M,100.0,Free,0.0,Mature 17+,Health & Fitness,2018-07-16,6.5.3,4.1 and up
4.4,Nike+ Run Club,HEALTH_AND_FITNESS,708.71,Varies with device,1000.0,Free,0.0,Everyone,Health & Fitness,2018-07-12,2.17.0,4.4 and up
4.6,Sworkit: Workouts & Fitness Plans,HEALTH_AND_FITNESS,109.756,78M,500.0,Free,0.0,Everyone,Health & Fitness,2018-08-01,8.2.0,4.0.3 and up
4.4,Map My Fitness Workout Trainer,HEALTH_AND_FITNESS,38.343,55M,100.0,Free,0.0,Everyone,Health & Fitness,2018-07-27,18.7.1,5.0 and up
4.5,Sports Tracker Running Cycling,HEALTH_AND_FITNESS,190.247,Varies with device,500.0,Free,0.0,Everyone,Health & Fitness,2018-08-03,Varies with device,Varies with device
4.5,Runtastic Running App & Mile Tracker,HEALTH_AND_FITNESS,827.651,Varies with device,1000.0,Free,0.0,Everyone,Health & Fitness,2018-07-25,Varies with device,Varies with device
4.6,8fit Workouts & Meal Planner,HEALTH_AND_FITNESS,115.721,67M,1000.0,Free,0.0,Everyone,Health & Fitness,2018-07-11,3.5.0,5.0 and up
4.5,Seven - 7 Minute Workout Training Challenge,HEALTH_AND_FITNESS,75.571,Varies with device,100.0,Free,0.0,Everyone,Health & Fitness,2018-08-03,7.2.5,Varies with device
4.4,Daily Yoga - Yoga Fitness Plans,HEALTH_AND_FITNESS,70.769,35M,500.0,Free,0.0,Everyone,Health & Fitness,2018-07-24,6.2.73,4.0 and up
4.5,Yoga - Track Yoga,HEALTH_AND_FITNESS,7.976,44M,50.0,Free,0.0,Everyone,Health & Fitness,2018-07-09,7,4.0.3 and up
4.9,Down Dog: Great Yoga Anywhere,HEALTH_AND_FITNESS,28.945,12M,50.0,Free,0.0,Teen,Health & Fitness,2018-05-17,2.6.1,4.2 and up
4.4,21-Day Meditation Experience,HEALTH_AND_FITNESS,11.506,15M,10.0,Free,0.0,Everyone,Health & Fitness,2018-08-02,3.0.0,4.1 and up
4.1,Simply Yoga - Fitness Trainer for Workouts & Poses,HEALTH_AND_FITNESS,6.826,Varies with device,100.0,Free,0.0,Everyone,Health & Fitness,2018-06-14,Varies with device,Varies with device
4.6,"Calm - Meditate, Sleep, Relax",HEALTH_AND_FITNESS,111.45,Varies with device,500.0,Free,0.0,Everyone,Health & Fitness,2018-08-05,Varies with device,Varies with device
4.5,Relax Melodies: Sleep Sounds,HEALTH_AND_FITNESS,233.243,Varies with device,500.0,Free,0.0,Everyone,Health & Fitness,2018-07-23,Varies with device,Varies with device
4.7,Simple Habit Meditation,HEALTH_AND_FITNESS,11.689,20M,50.0,Free,0.0,Everyone,Health & Fitness,2018-07-27,1.29.15,4.4 and up
4.6,Headspace: Meditation & Mindfulness,HEALTH_AND_FITNESS,77.563,39M,1000.0,Free,0.0,Everyone,Health & Fitness,2018-07-23,3.6.4,4.2 and up
4.3,Yoga Studio: Mind & Body,HEALTH_AND_FITNESS,5.499,94M,10.0,Free,0.0,Everyone,Health & Fitness,2018-07-23,2.0.16,4.1 and up
4.4,Daily Yoga - Yoga Fitness Plans,HEALTH_AND_FITNESS,70.769,35M,500.0,Free,0.0,Everyone,Health & Fitness,2018-07-24,6.2.73,4.0 and up
4.6,Pregnancy & Baby Tracker,HEALTH_AND_FITNESS,48.286,Varies with device,100.0,Free,0.0,Everyone,Health & Fitness,2018-07-27,Varies with device,Varies with device
4.3,My Cycles Period and Ovulation,HEALTH_AND_FITNESS,26.652,41M,100.0,Free,0.0,Everyone,Health & Fitness,2018-05-04,2.3.3,4.0.3 and up
4.6,The Bump Pregnancy Tracker,HEALTH_AND_FITNESS,20.301,22M,100.0,Free,0.0,Everyone,Health & Fitness,2018-05-16,3.22,4.3 and up
4.5,My Days - Ovulation Calendar & Period Tracker ™,HEALTH_AND_FITNESS,93.691,Varies with device,500.0,Free,0.0,Everyone,Health & Fitness,2018-07-05,Varies with device,Varies with device
4.6,Best Ovulation Tracker Fertility Calendar App Glow,HEALTH_AND_FITNESS,56.145,23M,100.0,Free,0.0,Everyone,Health & Fitness,2018-08-01,7.3.4-play,5.0 and up
4.6,"Eve Period Tracker - Love, Sex & Relationships App",HEALTH_AND_FITNESS,20.326,28M,100.0,Free,0.0,Teen,Health & Fitness,2018-08-04,2.9.18,4.1 and up
4.5,Fertility Friend Ovulation App,HEALTH_AND_FITNESS,12.955,7.2M,100.0,Free,0.0,Teen,Health & Fitness,2018-06-27,10.24,4.4 and up
4.5,Period Tracker,HEALTH_AND_FITNESS,325.738,Varies with device,1000.0,Free,0.0,Everyone,Health & Fitness,2018-07-28,Varies with device,Varies with device
4.6,"Spot On Period, Birth Control, & Cycle Tracker",HEALTH_AND_FITNESS,4.102,24M,50.0,Free,0.0,Everyone 10+,Health & Fitness,2018-07-19,2.6.1,4.2 and up
4.5,OvuView: Ovulation and Fertility,HEALTH_AND_FITNESS,40.296,Varies with device,100.0,Free,0.0,Everyone,Health & Fitness,2018-06-15,Varies with device,Varies with device
4.8,Period Tracker - Period Calendar Ovulation Tracker,HEALTH_AND_FITNESS,4559.407,Varies with device,10000.0,Free,0.0,Everyone,Health & Fitness,2018-08-01,Varies with device,Varies with device
4.8,Period Tracker Clue: Period and Ovulation Tracker,HEALTH_AND_FITNESS,570.242,20M,1000.0,Free,0.0,Everyone,Health & Fitness,2018-08-02,5.0.2,4.1 and up
4.6,Calorie Counter - MyFitnessPal,HEALTH_AND_FITNESS,1873.523,Varies with device,5000.0,Free,0.0,Everyone,Health & Fitness,2018-07-31,Varies with device,Varies with device
4.5,WomanLog Calendar,HEALTH_AND_FITNESS,121.838,15M,500.0,Free,0.0,Everyone,Health & Fitness,2018-05-23,5.5.1,4.0.3 and up
4.1,Geocaching®,HEALTH_AND_FITNESS,62.616,Varies with device,500.0,Free,0.0,Teen,Health & Fitness,2018-08-02,Varies with device,Varies with device
4.4,Map My Hike GPS Hiking,HEALTH_AND_FITNESS,12.858,55M,50.0,Free,0.0,Everyone,Health & Fitness,2018-07-27,18.7.1,5.0 and up
4.2,"ViewRanger - Hike, Ride or Walk",HEALTH_AND_FITNESS,34.356,Varies with device,100.0,Free,0.0,Everyone,Health & Fitness,2018-07-31,Varies with device,Varies with device
4.5,Runtastic Mountain Bike GPS Tracker,HEALTH_AND_FITNESS,50.679,38M,100.0,Free,0.0,Everyone,Health & Fitness,2018-08-01,3.6.2,4.4 and up
4.3,"AllTrails: Hiking, Running & Mountain Bike Trails",HEALTH_AND_FITNESS,16.943,32M,100.0,Free,0.0,Everyone,Health & Fitness,2018-07-30,8.8.14,4.4 and up
4.6,Water Drink Reminder,HEALTH_AND_FITNESS,524.299,Varies with device,1000.0,Free,0.0,Everyone,Health & Fitness,2018-06-29,Varies with device,Varies with device
4.5,Weight Loss Running by Verv,HEALTH_AND_FITNESS,27.396,59M,100.0,Free,0.0,Mature 17+,Health & Fitness,2018-07-16,6.5.3,4.1 and up
4.4,Nike+ Run Club,HEALTH_AND_FITNESS,708.71,Varies with device,1000.0,Free,0.0,Everyone,Health & Fitness,2018-07-12,2.17.0,4.4 and up
4.5,Seven - 7 Minute Workout Training Challenge,HEALTH_AND_FITNESS,75.571,Varies with device,100.0,Free,0.0,Everyone,Health & Fitness,2018-08-03,7.2.5,Varies with device
4.6,"YAZIO Calorie Counter, Nutrition Diary & Diet Plan",HEALTH_AND_FITNESS,117.176,Varies with device,500.0,Free,0.0,Everyone,Health & Fitness,2018-07-07,Varies with device,Varies with device
4.4,"Technutri - calorie counter, diet and carb tracker",HEALTH_AND_FITNESS,70.416,23M,500.0,Free,0.0,Everyone,Health & Fitness,2018-07-27,3.19.4,4.1 and up
4.7,Couch to 5K by RunDouble,HEALTH_AND_FITNESS,15.674,6.1M,100.0,Free,0.0,Everyone,Health & Fitness,2018-07-31,4.5.4,4.1 and up
4.4,Fooducate Healthy Weight Loss & Calorie Counter,HEALTH_AND_FITNESS,14.402,Varies with device,100.0,Free,0.0,Everyone,Health & Fitness,2018-08-03,Varies with device,Varies with device
4.2,Weight Watchers Mobile,HEALTH_AND_FITNESS,270.294,58M,500.0,Free,0.0,Everyone,Health & Fitness,2018-07-31,6.15.0,4.1 and up
4.5,Walk with Map My Walk,HEALTH_AND_FITNESS,144.05,55M,500.0,Free,0.0,Everyone,Health & Fitness,2018-07-27,18.7.1,5.0 and up
4.2,Workout Trainer: fitness coach,HEALTH_AND_FITNESS,100.406,Varies with device,1000.0,Free,0.0,Everyone,Health & Fitness,2018-06-30,Varies with device,Varies with device
4.4,My Diet Coach - Weight Loss Motivation & Tracker,HEALTH_AND_FITNESS,141.163,Varies with device,1000.0,Free,0.0,Everyone,Health & Fitness,2018-06-11,Varies with device,Varies with device
4.5,Run with Map My Run,HEALTH_AND_FITNESS,183.669,57M,500.0,Free,0.0,Everyone,Health & Fitness,2018-07-27,18.7.1,5.0 and up
4.6,Nike Training Club - Workouts & Fitness Plans,HEALTH_AND_FITNESS,251.534,93M,1000.0,Free,0.0,Everyone,Health & Fitness,2018-07-18,5.14.0,5.0 and up
4.6,Fitbit Coach,HEALTH_AND_FITNESS,28.951,60M,100.0,Free,0.0,Everyone,Health & Fitness,2018-07-16,4.4,4.4 and up
4.6,Calorie Counter - MyFitnessPal,HEALTH_AND_FITNESS,1873.52,Varies with device,5000.0,Free,0.0,Everyone,Health & Fitness,2018-07-31,Varies with device,Varies with device
4.5,Endomondo - Running & Walking,HEALTH_AND_FITNESS,559.262,Varies with device,1000.0,Free,0.0,Everyone,Health & Fitness,2018-07-11,Varies with device,Varies with device
4.5,Runkeeper - GPS Track Run Walk,HEALTH_AND_FITNESS,501.144,Varies with device,1000.0,Free,0.0,Everyone,Health & Fitness,2018-07-16,Varies with device,Varies with device
4.4,Nike+ Run Club,HEALTH_AND_FITNESS,708.753,Varies with device,1000.0,Free,0.0,Everyone,Health & Fitness,2018-07-12,2.17.0,4.4 and up
4.4,Lose It! - Calorie Counter,HEALTH_AND_FITNESS,69.395,Varies with device,1000.0,Free,0.0,Everyone,Health & Fitness,2018-08-03,Varies with device,Varies with device
4.5,Runtastic Running App & Mile Tracker,HEALTH_AND_FITNESS,827.653,Varies with device,1000.0,Free,0.0,Everyone,Health & Fitness,2018-07-25,Varies with device,Varies with device
4.5,Calorie Counter - MyNetDiary,HEALTH_AND_FITNESS,27.439,19M,100.0,Free,0.0,Everyone,Health & Fitness,2018-07-16,6.5.1,5.0 and up
4.6,MyPlate Calorie Tracker,HEALTH_AND_FITNESS,24.094,18M,100.0,Free,0.0,Everyone,Health & Fitness,2018-07-09,3.3.0(1),4.1 and up
4.1,My Diet Diary Calorie Counter,HEALTH_AND_FITNESS,18.539,57M,100.0,Free,0.0,Everyone,Health & Fitness,2018-07-30,1.11.4,4.0.3 and up
4.4,Calorie Counter by FatSecret,HEALTH_AND_FITNESS,229.21,Varies with device,1000.0,Free,0.0,Everyone,Health & Fitness,2018-07-31,Varies with device,Varies with device
4.1,Lark - 24/7 Health Coach,HEALTH_AND_FITNESS,3.405,51M,10.0,Free,0.0,Everyone,Health & Fitness,2018-07-25,4.5.1.123,4.4 and up
4.3,Health and Nutrition Guide,HEALTH_AND_FITNESS,7.895,3.3M,50.0,Free,0.0,Everyone,Health & Fitness,2018-07-15,3.3,4.0 and up
4.6,Calorie Counter - MyFitnessPal,HEALTH_AND_FITNESS,1873.52,Varies with device,5000.0,Free,0.0,Everyone,Health & Fitness,2018-07-31,Varies with device,Varies with device
4.4,Lose It! - Calorie Counter,HEALTH_AND_FITNESS,69.395,Varies with device,1000.0,Free,0.0,Everyone,Health & Fitness,2018-08-03,Varies with device,Varies with device
4.5,Calorie Counter - MyNetDiary,HEALTH_AND_FITNESS,27.439,19M,100.0,Free,0.0,Everyone,Health & Fitness,2018-07-16,6.5.1,5.0 and up
4.5,Monitor Your Weight,HEALTH_AND_FITNESS,126.017,4.3M,500.0,Free,0.0,Everyone,Health & Fitness,2018-07-05,4.9.8.1,4.0 and up
4.6,MyPlate Calorie Tracker,HEALTH_AND_FITNESS,24.094,18M,100.0,Free,0.0,Everyone,Health & Fitness,2018-07-09,3.3.0(1),4.1 and up
4.4,Calorie Counter by FatSecret,HEALTH_AND_FITNESS,229.214,Varies with device,1000.0,Free,0.0,Everyone,Health & Fitness,2018-07-31,Varies with device,Varies with device
4.1,My Diet Diary Calorie Counter,HEALTH_AND_FITNESS,18.539,57M,100.0,Free,0.0,Everyone,Health & Fitness,2018-07-30,1.11.4,4.0.3 and up
4.1,Lark - 24/7 Health Coach,HEALTH_AND_FITNESS,3.405,51M,10.0,Free,0.0,Everyone,Health & Fitness,2018-07-25,4.5.1.123,4.4 and up
4.2,Weight Watchers Mobile,HEALTH_AND_FITNESS,270.294,58M,500.0,Free,0.0,Everyone,Health & Fitness,2018-07-31,6.15.0,4.1 and up
4.3,Health and Nutrition Guide,HEALTH_AND_FITNESS,7.895,3.3M,50.0,Free,0.0,Everyone,Health & Fitness,2018-07-15,3.3,4.0 and up
4.6,Calorie Counter - MyFitnessPal,HEALTH_AND_FITNESS,1873.523,Varies with device,5000.0,Free,0.0,Everyone,Health & Fitness,2018-07-31,Varies with device,Varies with device
4.4,Lose It! - Calorie Counter,HEALTH_AND_FITNESS,69.395,Varies with device,1000.0,Free,0.0,Everyone,Health & Fitness,2018-08-03,Varies with device,Varies with device
3.7,Happify,HEALTH_AND_FITNESS,1.812,37M,10.0,Free,0.0,Everyone,Health & Fitness,2018-07-24,1.31.0-15160.950adac99,4.4 and up
4.5,Pacifica - Stress & Anxiety,HEALTH_AND_FITNESS,10.253,Varies with device,50.0,Free,0.0,Teen,Health & Fitness,2018-07-09,6.3.1,Varies with device
4.7,White Sound Pro,HEALTH_AND_FITNESS,16.57,73M,50.0,Free,0.0,Everyone,Health & Fitness,2018-07-29,4.8.0,4.4 and up
4.6,Insight Timer - Free Meditation App,HEALTH_AND_FITNESS,20.161,Varies with device,100.0,Free,0.0,Everyone,Health & Fitness,2018-08-01,Varies with device,Varies with device
4.4,Brain Waves - Binaural Beats,HEALTH_AND_FITNESS,5.038,10M,50.0,Free,0.0,Everyone,Health & Fitness,2018-07-15,5.2,4.4 and up
4.4,21-Day Meditation Experience,HEALTH_AND_FITNESS,11.506,15M,10.0,Free,0.0,Everyone,Health & Fitness,2018-08-02,3.0.0,4.1 and up
4.8,Prana Breath: Calm & Meditate,HEALTH_AND_FITNESS,31.665,8.4M,100.0,Free,0.0,Everyone,Health & Fitness,2018-07-19,8.2.0_8,4.0 and up
4.6,"Fabulous: Motivate Me! Meditate, Relax, Sleep",HEALTH_AND_FITNESS,205.299,31M,500.0,Free,0.0,Everyone,Health & Fitness,2018-07-16,3.48,4.1 and up
4.2,7 Cups: Anxiety & Stress Chat,HEALTH_AND_FITNESS,13.799,Varies with device,50.0,Free,0.0,Teen,Health & Fitness,2018-07-31,Varies with device,Varies with device
4.6,"Calm - Meditate, Sleep, Relax",HEALTH_AND_FITNESS,111.455,Varies with device,500.0,Free,0.0,Everyone,Health & Fitness,2018-08-05,Varies with device,Varies with device
4.1,Runtastic Sleep Better: Sleep Cycle & Smart Alarm,HEALTH_AND_FITNESS,111.462,Varies with device,500.0,Free,0.0,Everyone,Health & Fitness,2018-07-25,Varies with device,Varies with device
4.4,White Noise Lite,HEALTH_AND_FITNESS,57.634,41M,100.0,Free,0.0,Everyone,Health & Fitness,2018-06-25,7.4,4.1 and up
4.5,Relax Melodies: Sleep Sounds,HEALTH_AND_FITNESS,233.243,Varies with device,500.0,Free,0.0,Everyone,Health & Fitness,2018-07-23,Varies with device,Varies with device
4.3,"Stop, Breathe & Think: Meditation & Mindfulness",HEALTH_AND_FITNESS,8.576,Varies with device,100.0,Free,0.0,Everyone,Health & Fitness,2018-07-28,Varies with device,Varies with device
4.7,Simple Habit Meditation,HEALTH_AND_FITNESS,11.689,20M,50.0,Free,0.0,Everyone,Health & Fitness,2018-07-27,1.29.15,4.4 and up
4.6,Headspace: Meditation & Mindfulness,HEALTH_AND_FITNESS,77.563,39M,1000.0,Free,0.0,Everyone,Health & Fitness,2018-07-23,3.6.4,4.2 and up
4.4,Daily Yoga - Yoga Fitness Plans,HEALTH_AND_FITNESS,70.769,35M,500.0,Free,0.0,Everyone,Health & Fitness,2018-07-24,6.2.73,4.0 and up
4.5,Zillow: Find Houses for Sale & Apartments for Rent,HOUSE_AND_HOME,417.907,34M,1000.0,Free,0.0,Everyone,House & Home,2018-08-01,9.8.1.7425,4.4 and up
4.8,"Viva Decora - Decoration, Photos, Architecture, House",HOUSE_AND_HOME,3.167,7.5M,10.0,Free,0.0,Everyone,House & Home,2018-08-03,2.0.0,5.0 and up
4.2,Apartments & Rentals - Zillow,HOUSE_AND_HOME,27.386,Varies with device,100.0,Free,0.0,Everyone,House & Home,2018-06-21,Varies with device,Varies with device
4.5,Realtor.com Real Estate: Homes for Sale and Rent,HOUSE_AND_HOME,162.243,12M,1000.0,Free,0.0,Everyone,House & Home,2018-07-26,8.18,4.0.3 and up
4.1,Real Estate sale & rent Trovit,HOUSE_AND_HOME,65.913,7.7M,500.0,Free,0.0,Everyone,House & Home,2018-07-16,4.47.3,4.0.3 and up
4.1,"591 housing transactions - renting houses, middle-class houses, new cases, real-time registration, villas through the sky, apartment suites, MRT, buying a house selling prices, housing mortgages",HOUSE_AND_HOME,24.977,21M,100.0,Free,0.0,Everyone,House & Home,2018-08-01,3.5.9,4.0.3 and up
4.0,"Homes.com 🏠 For Sale, Rent",HOUSE_AND_HOME,6.0,18M,100.0,Free,0.0,Everyone,House & Home,2018-07-28,9.6.8,4.1 and up
4.3,"CYANOGEN. Rent, buy an apartment, a room, a cottage 3+",HOUSE_AND_HOME,37.711,40M,100.0,Free,0.0,Everyone,House & Home,2018-07-31,2.51.0,4.4 and up
4.5,Trulia Real Estate & Rentals,HOUSE_AND_HOME,175.293,Varies with device,1000.0,Free,0.0,Everyone,House & Home,2018-07-24,Varies with device,Varies with device
4.6,Houzz Interior Design Ideas,HOUSE_AND_HOME,353.799,Varies with device,1000.0,Free,0.0,Everyone,House & Home,2018-08-01,Varies with device,Varies with device
3.7,Good room network fast rent,HOUSE_AND_HOME,2.758,8.6M,50.0,Free,0.0,Everyone,House & Home,2018-06-25,4.2.3,4.0 and up
3.7,Yongqing fast search,HOUSE_AND_HOME,1.437,Varies with device,10.0,Free,0.0,Everyone,House & Home,2018-08-02,Varies with device,Varies with device
4.2,LIFULL HOME'S,HOUSE_AND_HOME,7.573,18M,100.0,Free,0.0,Everyone,House & Home,2018-07-25,8.2.1,4.2 and up
4.5,"Apartment List: Housing, Apt, and Property Rentals",HOUSE_AND_HOME,8.481,7.5M,100.0,Free,0.0,Everyone,House & Home,2018-08-03,2.1.0,5.0 and up
4.3,Gold Butterfly Keyboard Theme,HOUSE_AND_HOME,10.054,9.1M,100.0,Free,0.0,Everyone,House & Home,2018-07-12,6.7.12.2018,4.0.3 and up
3.9,"Apartment, Home Rental Search: Realtor.com Rentals",HOUSE_AND_HOME,10.117,13M,100.0,Free,0.0,Everyone,House & Home,2018-06-29,3.6,4.0.3 and up
4.6,Living Smart Home,HOUSE_AND_HOME,39.189,Varies with device,100.0,Free,0.0,Everyone,House & Home,2018-07-30,Varies with device,Varies with device
4.3,591 Housing Trading - Hong Kong,HOUSE_AND_HOME,3.522,15M,10.0,Free,0.0,Everyone,House & Home,2018-08-02,3.10.8,4.0 and up
4.4,Trulia Rent Apartments & Homes,HOUSE_AND_HOME,71.419,Varies with device,500.0,Free,0.0,Everyone,House & Home,2018-07-24,Varies with device,Varies with device
4.6,Redfin Real Estate,HOUSE_AND_HOME,36.857,19M,100.0,Free,0.0,Everyone,House & Home,2018-07-25,220,5.0 and up
4.5,"Domofond Real Estate. Buy, rent an apartment.",HOUSE_AND_HOME,39.123,Varies with device,100.0,Free,0.0,Everyone,House & Home,2018-08-03,Varies with device,Varies with device
3.8,"realestate.com.au - Buy, Rent & Sell Property",HOUSE_AND_HOME,14.653,Varies with device,100.0,Free,0.0,Everyone,House & Home,2018-07-16,Varies with device,Varies with device
4.4,DaBang - Rental Homes in Korea,HOUSE_AND_HOME,23.013,26M,500.0,Free,0.0,Everyone,House & Home,2018-07-17,3.2.4,4.1 and up
4.3,Home Security Camera WardenCam - reuse old phones,HOUSE_AND_HOME,43.8,Varies with device,100.0,Free,0.0,Everyone,House & Home,2018-07-06,Varies with device,Varies with device
4.0,Room planner: Interior & Floorplan Design for IKEA,HOUSE_AND_HOME,4.281,27M,10.0,Free,0.0,Everyone,House & Home,2018-08-05,858,4.0.3 and up
4.0,Rent.com Apartment Homes,HOUSE_AND_HOME,7.508,5.1M,100.0,Free,0.0,Everyone,House & Home,2018-07-09,7.9.0,5.0 and up
4.3,Apartments.com Rental Search,HOUSE_AND_HOME,22.584,16M,100.0,Free,0.0,Everyone,House & Home,2018-07-16,4.7.13,4.4 and up
3.6,Hemnet,HOUSE_AND_HOME,4.087,9.2M,50.0,Free,0.0,Everyone,House & Home,2018-07-16,4.3.0,4.1 and up
3.8,At home - rental · real estate · room finding application such as apartment · apartment,HOUSE_AND_HOME,2.496,Varies with device,50.0,Free,0.0,Everyone,House & Home,2018-07-05,Varies with device,Varies with device
4.5,Alfred Home Security Camera,HOUSE_AND_HOME,103.305,Varies with device,500.0,Free,0.0,Everyone,House & Home,2018-07-31,Varies with device,Varies with device
4.6,House app: beautiful everyday ~,HOUSE_AND_HOME,2.669,10M,50.0,Free,0.0,Teen,House & Home,2018-08-03,2.0.6.9,4.1 and up
4.5,"N1.RU - Real estate: apartments, new buildings, lodging",HOUSE_AND_HOME,7.619,13M,10.0,Free,0.0,Everyone,House & Home,2018-07-12,1.22.0,4.0.3 and up
3.7,"乐屋网: Buying a house, selling a house, renting a house",HOUSE_AND_HOME,2.248,15M,10.0,Free,0.0,Everyone,House & Home,2018-08-03,v3.1.1,4.0 and up
3.4,ColorSnap® Visualizer,HOUSE_AND_HOME,3.28,77M,100.0,Free,0.0,Everyone,House & Home,2018-06-29,5.0.1,4.0.3 and up
4.6,Houzz Interior Design Ideas,HOUSE_AND_HOME,353.8,Varies with device,1000.0,Free,0.0,Everyone,House & Home,2018-08-01,Varies with device,Varies with device
4.4,Zumper - Apartment Rental Finder,HOUSE_AND_HOME,11.2,25M,100.0,Free,0.0,Everyone,House & Home,2018-07-16,4.5.15,5.0 and up
4.6,Redfin Real Estate,HOUSE_AND_HOME,36.857,19M,100.0,Free,0.0,Everyone,House & Home,2018-07-25,220,5.0 and up
4.5,"Apartment List: Housing, Apt, and Property Rentals",HOUSE_AND_HOME,8.481,7.5M,100.0,Free,0.0,Everyone,House & Home,2018-08-03,2.1.0,5.0 and up
4.5,Realtor.com Real Estate: Homes for Sale and Rent,HOUSE_AND_HOME,162.243,12M,1000.0,Free,0.0,Everyone,House & Home,2018-07-26,8.18,4.0.3 and up
4.5,Trulia Real Estate & Rentals,HOUSE_AND_HOME,175.293,Varies with device,1000.0,Free,0.0,Everyone,House & Home,2018-07-24,Varies with device,Varies with device
4.5,Zillow: Find Houses for Sale & Apartments for Rent,HOUSE_AND_HOME,417.907,34M,1000.0,Free,0.0,Everyone,House & Home,2018-08-01,9.8.1.7425,4.4 and up
4.3,Homesnap Real Estate & Rentals,HOUSE_AND_HOME,3.834,30M,50.0,Free,0.0,Everyone,House & Home,2018-07-31,5.20.38,4.2 and up
4.2,Apartments & Rentals - Zillow,HOUSE_AND_HOME,27.387,Varies with device,100.0,Free,0.0,Everyone,House & Home,2018-06-21,Varies with device,Varies with device
4.4,Trulia Rent Apartments & Homes,HOUSE_AND_HOME,71.421,Varies with device,500.0,Free,0.0,Everyone,House & Home,2018-07-24,Varies with device,Varies with device
4.3,Apartments.com Rental Search,HOUSE_AND_HOME,22.584,16M,100.0,Free,0.0,Everyone,House & Home,2018-07-16,4.7.13,4.4 and up
4.6,Houzz Interior Design Ideas,HOUSE_AND_HOME,353.813,Varies with device,1000.0,Free,0.0,Everyone,House & Home,2018-08-01,Varies with device,Varies with device
4.6,Best New Ringtones 2018 Free 🔥 For Android™,LIBRARIES_AND_DEMO,3.014,21M,10.0,Free,0.0,Everyone,Libraries & Demo,2018-06-27,1.1,5.0 and up
4.3,Pink Water Sakura Keyboard Theme,LIBRARIES_AND_DEMO,1.465,7.0M,10.0,Free,0.0,Everyone,Libraries & Demo,2018-07-09,6.7.5,4.0.3 and up
4.4,Top Popular Ringtones 2018 Free 🔥,LIBRARIES_AND_DEMO,7.396,22M,50.0,Free,0.0,Everyone,Libraries & Demo,2018-07-06,5.28,4.0.3 and up
3.2,V380s,LIBRARIES_AND_DEMO,1.919,8.1M,50.0,Free,0.0,Everyone,Libraries & Demo,2018-07-11,5.9.1,4.1 and up
4.5,Cool Popular Ringtones 2018 🔥,LIBRARIES_AND_DEMO,60.17,28M,100.0,Free,0.0,Everyone,Libraries & Demo,2018-07-13,2.4,5.0 and up
4.0,Wifi Test,LIBRARIES_AND_DEMO,8.671,3.1M,100.0,Free,0.0,Everyone,Libraries & Demo,2018-07-03,3.6,4.0 and up
4.1,New Ringtones 2018,LIBRARIES_AND_DEMO,3.781,36M,100.0,Free,0.0,Everyone,Libraries & Demo,2018-04-15,1.8,4.0 and up
3.1,EyeCloud,LIBRARIES_AND_DEMO,1.267,55M,10.0,Free,0.0,Everyone,Libraries & Demo,2018-08-02,5.1.2,4.4 and up
4.1,Dollhouse Decorating Games,LIFESTYLE,18.968,32M,500.0,Free,0.0,Teen,Lifestyle,2018-04-26,5.1,4.1 and up
4.1,metroZONE,LIFESTYLE,47.497,34M,1000.0,Free,0.0,Everyone,Lifestyle,2018-06-08,5.3.0.54.7,5.0 and up
4.0,Talking Babsy Baby: Baby Games,LIFESTYLE,140.995,100M,1000.0,Free,0.0,Everyone,Lifestyle;Pretend Play,2018-07-16,9,4.0 and up
4.6,"Black Wallpaper, AMOLED, Dark Background: Darkify",LIFESTYLE,51.357,80M,500.0,Free,0.0,Everyone,Lifestyle,2018-07-31,8,4.0 and up
4.4,Girly Wallpapers Backgrounds,LIFESTYLE,13.565,3.3M,100.0,Free,0.0,Everyone,Lifestyle,2018-08-05,2.5,4.0 and up
4.4,Chart - Myanmar Keyboard,LIFESTYLE,39.364,28M,500.0,Free,0.0,Everyone,Lifestyle,2018-07-17,10.19,4.0.3 and up
4.6,Horoscopes – Daily Zodiac Horoscope and Astrology,LIFESTYLE,161.143,11M,1000.0,Free,0.0,Everyone 10+,Lifestyle,2018-06-25,5.2.4(881),4.0.3 and up
3.2,Entel,LIFESTYLE,16.168,55M,100.0,Free,0.0,Everyone,Lifestyle,2018-07-26,2.2.9,4.0.3 and up
4.6,Live 4D Results ! (MY & SG),LIFESTYLE,116.079,3.2M,500.0,Free,0.0,Everyone,Lifestyle,2018-05-20,5.8,2.3 and up
4.6,Diary with lock,LIFESTYLE,815.893,4.4M,1000.0,Free,0.0,Everyone,Lifestyle,2018-06-30,4.9,4.1 and up
4.4,Family Locator - GPS Tracker,LIFESTYLE,726.074,45M,1000.0,Free,0.0,Everyone,Lifestyle,2018-08-02,16.7.1,4.4 and up
4.4,Van Nien 2018 - Lich Van su & Lich Am,LIFESTYLE,3.829,23M,100.0,Free,0.0,Everyone,Lifestyle,2018-06-01,3.9.3,4.1 and up
4.3,Safeway,LIFESTYLE,33.572,37M,100.0,Free,0.0,Everyone,Lifestyle,2018-08-02,6.2.0,4.4 and up
4.3,Kawaii Easy Drawing : How to draw Step by Step,LIFESTYLE,34.327,8.1M,500.0,Free,0.0,Everyone,Lifestyle,2018-07-17,2.5.1,4.0 and up
4.5,Tattoodo - Find your next tattoo,LIFESTYLE,7.457,13M,100.0,Free,0.0,Teen,Lifestyle,2018-08-03,2.4.12-r244,4.1 and up
3.7,H&M,LIFESTYLE,41.941,14M,1000.0,Free,0.0,Everyone,Lifestyle,2018-07-30,9.6.3,4.4 and up
4.5,Samsung+,LIFESTYLE,82.145,30M,5000.0,Free,0.0,Everyone,Lifestyle,2018-07-05,10.19.0.0,4.4 and up
4.2,Anime Avatar Creator: Make Your Own Avatar,LIFESTYLE,10.944,36M,100.0,Free,0.0,Everyone,Lifestyle,2018-06-15,2,4.1 and up
4.5,Super Slime Simulator - Satisfying Slime App,LIFESTYLE,53.652,39M,100.0,Free,0.0,Everyone,Lifestyle,2018-08-05,2.15,5.0 and up
3.3,Family convenience store FamilyMart,LIFESTYLE,9.663,19M,100.0,Free,0.0,Everyone,Lifestyle,2018-07-16,Version:6.97,4.4 and up
4.7,သိင်္ Astrology - Min Thein Kha BayDin,LIFESTYLE,2.225,15M,10.0,Free,0.0,Everyone,Lifestyle,2018-07-26,4.2.1,4.0.3 and up
4.2,w UN map,LIFESTYLE,23.164,10.0M,100.0,Free,0.0,Mature 17+,Lifestyle,2018-07-24,2.6,5.0 and up
3.2,Official Matsumoto Kiyoshi application,LIFESTYLE,3.031,2.7M,100.0,Free,0.0,Everyone,Lifestyle,2018-07-03,1.5.3,4.0 and up
4.4,Galaxy Gift,LIFESTYLE,95.557,16M,1000.0,Free,0.0,Everyone,Lifestyle,2018-07-23,7.0.8,4.0.3 and up
3.5,PASS by KT (formerly KT certified),LIFESTYLE,7.869,21M,100.0,Free,0.0,Everyone,Lifestyle,2018-08-01,02.00.06,4.4 and up
3.7,Safety stepping stone,LIFESTYLE,4.212,20M,100.0,Free,0.0,Everyone,Lifestyle,2018-07-25,3.4.5,2.3 and up
3.8,Rate Guide Bill Letter,LIFESTYLE,17.368,14M,1000.0,Free,0.0,Everyone,Lifestyle,2018-06-27,5.1.3,4.0 and up
3.8,US Mission - buy gourmet movie KTV,LIFESTYLE,6.554,76M,50.0,Free,0.0,Teen,Lifestyle,2018-06-20,9.4.2,4.1 and up
3.7,OK cashbag [point of pleasure],LIFESTYLE,33.264,18M,1000.0,Free,0.0,Everyone,Lifestyle,2018-06-15,6.2.1,4.0 and up
4.6,JOANN - Crafts & Coupons,LIFESTYLE,34.782,12M,100.0,Free,0.0,Everyone,Lifestyle,2018-06-22,5.2.2,4.3 and up
4.1,Mirror,LIFESTYLE,367.505,Varies with device,1000.0,Free,0.0,Everyone,Lifestyle,2018-07-25,Varies with device,Varies with device
4.7,StyleSeat,LIFESTYLE,20.304,24M,50.0,Free,0.0,Everyone,Lifestyle,2018-07-31,4.35,4.0.3 and up
4.1,My Day - Countdown Calendar 🗓️,LIFESTYLE,49.147,13M,100.0,Free,0.0,Everyone,Lifestyle,2018-05-07,2.9.5,4.1 and up
4.2,Wedding LookBook by The Knot,LIFESTYLE,3.448,13M,10.0,Free,0.0,Everyone,Lifestyle,2018-07-09,3.9.5,4.0.3 and up
4.6,Big Days - Events Countdown,LIFESTYLE,39.724,Varies with device,100.0,Free,0.0,Everyone,Lifestyle,2018-06-29,Varies with device,Varies with device
4.2,"Wedding Planner by WeddingWire - Venues, Checklist",LIFESTYLE,3.788,44M,100.0,Free,0.0,Everyone,Lifestyle,2018-07-24,8.5.1,5.0 and up
4.4,Been Together (Ad) - D-day,LIFESTYLE,95.736,Varies with device,1000.0,Free,0.0,Everyone,Lifestyle,2018-07-30,Varies with device,Varies with device
4.6,WedMeGood - Wedding Planner,LIFESTYLE,1.658,9.7M,10.0,Free,0.0,Everyone,Lifestyle,2018-07-31,2.0.9,4.4 and up
4.7,StyleSeat,LIFESTYLE,20.304,24M,50.0,Free,0.0,Everyone,Lifestyle,2018-07-31,4.35,4.0.3 and up
4.1,DIY Garden Ideas,LIFESTYLE,3.309,13M,50.0,Free,0.0,Everyone,Lifestyle,2018-08-05,10,4.0 and up
4.1,Homestyler Interior Design & Decorating Ideas,LIFESTYLE,78.298,29M,500.0,Free,0.0,Everyone,Lifestyle,2018-08-02,3.1.2.1,4.1 and up
4.6,JOANN - Crafts & Coupons,LIFESTYLE,34.802,12M,100.0,Free,0.0,Everyone,Lifestyle,2018-06-22,5.2.2,4.3 and up
4.3,Zara,LIFESTYLE,95.904,33M,1000.0,Free,0.0,Everyone,Lifestyle,2018-07-30,4.1.0,4.1 and up
4.3,Zara,LIFESTYLE,95.905,33M,1000.0,Free,0.0,Everyone,Lifestyle,2018-07-30,4.1.0,4.1 and up
4.1,Housing-Real Estate & Property,LIFESTYLE,28.301,Varies with device,100.0,Free,0.0,Everyone,Lifestyle,2018-07-13,12.1.0,4.1 and up
4.0,ZipRealty Real Estate & Homes,LIFESTYLE,3.937,15M,10.0,Free,0.0,Everyone,Lifestyle,2018-07-27,8.3.3,4.4 and up
4.1,Zoopla Property Search UK - Home to buy & rent,LIFESTYLE,21.195,Varies with device,100.0,Free,0.0,Everyone,Lifestyle,2018-06-22,Varies with device,Varies with device
4.6,Relax Rain ~ Rain Sounds,LIFESTYLE,118.034,Varies with device,500.0,Free,0.0,Everyone,Lifestyle,2018-08-02,Varies with device,Varies with device
4.5,Bed Time Fan - White Noise Sleep Sounds,LIFESTYLE,10.097,7.5M,50.0,Free,0.0,Everyone,Lifestyle,2018-04-26,1.2,4.0 and up
4.5,White Noise Baby,LIFESTYLE,10.544,44M,100.0,Free,0.0,Everyone,Lifestyle,2018-06-18,5.3,4.1 and up
4.6,"Journey - Diary, Journal",LIFESTYLE,50.338,Varies with device,100.0,Free,0.0,Everyone,Lifestyle,2018-07-23,Varies with device,Varies with device
4.5,ROBLOX,GAME,4447.388,67M,10000.0,Free,0.0,Everyone 10+,Adventure;Action & Adventure,2018-07-31,2.347.225742,4.1 and up
4.5,Subway Surfers,GAME,27722.264,76M,100000.0,Free,0.0,Everyone 10+,Arcade,2018-07-12,1.90.0,4.1 and up
4.4,Candy Crush Saga,GAME,22426.677,74M,50000.0,Free,0.0,Everyone,Casual,2018-07-05,1.129.0.2,4.1 and up
4.7,Solitaire,GAME,254.258,23M,1000.0,Free,0.0,Everyone,Card,2018-08-01,2.137.0,4.1 and up
4.5,Bubble Shooter,GAME,148.897,46M,1000.0,Free,0.0,Everyone,Casual,2018-07-17,1.20.1,4.0.3 and up
4.2,Hello Kitty Nail Salon,GAME,369.203,24M,5000.0,Free,0.0,Everyone,Casual;Pretend Play,2018-04-17,1.5,4.1 and up
4.6,Clash Royale,GAME,23133.508,97M,10000.0,Free,0.0,Everyone 10+,Strategy,2018-06-27,2.3.2,4.1 and up
4.3,Temple Run 2,GAME,8118.609,62M,50000.0,Free,0.0,Everyone,Action,2018-07-05,1.49.1,4.0 and up
4.3,Pou,GAME,10485.308,24M,50000.0,Free,0.0,Everyone,Casual,2018-05-25,1.4.77,4.0 and up
4.4,Angry Birds Rio,GAME,2610.526,46M,10000.0,Free,0.0,Everyone,Arcade,2018-07-03,2.6.9,4.1 and up
4.4,Plants vs. Zombies FREE,GAME,4066.989,69M,10000.0,Free,0.0,Everyone 10+,Strategy,2018-07-06,2.2.00,4.1 and up
4.5,Sonic Dash,GAME,3778.921,75M,10000.0,Free,0.0,Everyone,Arcade,2018-07-26,3.8.5.Go,4.1 and up
4.4,Candy Crush Soda Saga,GAME,6198.563,67M,10000.0,Free,0.0,Everyone,Casual,2018-07-10,1.118.4,4.1 and up
4.3,Zombie Hunter King,GAME,10.306,50M,100.0,Free,0.0,Mature 17+,Action,2018-08-01,1.0.8,2.3 and up
4.6,Clash of Clans,GAME,44891.723,98M,10000.0,Free,0.0,Everyone 10+,Strategy,2018-07-15,10.322.16,4.1 and up
4.3,Kick the Buddy,GAME,1000.417,Varies with device,5000.0,Free,0.0,Teen,Action,2018-07-05,Varies with device,4.4 and up
4.2,Block Puzzle Classic Legend !,GAME,17.039,4.9M,500.0,Free,0.0,Everyone,Puzzle,2018-04-13,2.9,2.3.3 and up
4.2,PAC-MAN,GAME,685.981,37M,10000.0,Free,0.0,Everyone,Arcade,2018-05-15,6.6.3,4.1 and up
4.5,Super Jim Jump - pixel 3d,GAME,10.393,18M,100.0,Free,0.0,Everyone,Arcade,2018-07-11,2.2.3181,4.0 and up
4.5,8 Ball Pool,GAME,14198.297,52M,10000.0,Free,0.0,Everyone,Sports,2018-07-31,4.0.0,4.0.3 and up
4.5,Magic Tiles 3,GAME,592.068,Varies with device,5000.0,Free,0.0,Everyone,Music,2018-08-03,5.13.007,4.1 and up
4.7,Bubble Witch 3 Saga,GAME,1732.263,78M,5000.0,Free,0.0,Everyone,Puzzle,2018-07-17,4.8.4,3.0 and up
4.7,Word Search,GAME,295.241,3.9M,1000.0,Free,0.0,Everyone,Word,2018-06-06,1.1.3,3.0 and up
4.5,Granny,GAME,1135.631,59M,5000.0,Free,0.0,Teen,Arcade,2018-05-29,1.4.0.1,4.0 and up
4.4,Angry Birds Classic,GAME,5566.669,97M,10000.0,Free,0.0,Everyone,Arcade,2018-05-24,7.9.3,4.1 and up
3.8,Race the Traffic Moto,GAME,270.687,38M,1000.0,Free,0.0,Teen,Racing,2018-07-20,1.0.16,4.0.3 and up
4.6,Fishdom,GAME,2157.93,Varies with device,1000.0,Free,0.0,Everyone,Puzzle,2018-07-19,2.21.5,4.0.3 and up
4.6,Galaxy Attack: Alien Shooter,GAME,506.275,Varies with device,1000.0,Free,0.0,Everyone,Arcade,2018-08-01,5.66,4.1 and up
4.4,Zombie Tsunami,GAME,4920.817,Varies with device,10000.0,Free,0.0,Everyone 10+,Arcade,2018-06-15,Varies with device,Varies with device
4.3,Bubble Shooter 2,GAME,23.005,Varies with device,500.0,Free,0.0,Everyone,Arcade,2018-07-25,3.5,4.1 and up
4.1,Barbie™ Fashion Closet,GAME,68.057,85M,1000.0,Free,0.0,Everyone,Casual;Creativity,2018-07-30,1.3.7,4.1 and up
4.3,Candy Crush Jelly Saga,GAME,1300.49,78M,5000.0,Free,0.0,Everyone,Puzzle,2018-07-20,2.1.10,4.0 and up
4.4,Hill Climb Racing,GAME,8923.587,63M,10000.0,Free,0.0,Everyone,Racing,2018-07-02,1.37.2,4.2 and up
4.6,Gardenscapes,GAME,4128.732,Varies with device,5000.0,Free,0.0,Everyone,Casual,2018-07-13,2.6.2,4.0.3 and up
4.3,Marble - Temple Quest,GAME,42.053,24M,1000.0,Free,0.0,Everyone,Puzzle,2018-06-21,4.9,4.0.3 and up
4.4,Shooting King,GAME,257.724,69M,1000.0,Free,0.0,Everyone 10+,Sports,2018-05-25,1.4.2,4.0.3 and up
4.7,Zombie Catchers,GAME,990.491,75M,1000.0,Free,0.0,Everyone,Action,2018-05-24,1.0.27,4.1 and up
4.5,Minion Rush: Despicable Me Official Game,GAME,10216.538,Varies with device,10000.0,Free,0.0,Everyone 10+,Casual;Action & Adventure,2018-07-12,Varies with device,Varies with device
4.4,Farm Heroes Saga,GAME,7614.13,70M,10000.0,Free,0.0,Everyone,Casual,2018-07-26,5.1.8,2.3 and up
4.5,My Talking Angela,GAME,9881.829,99M,10000.0,Free,0.0,Everyone,Casual,2018-07-03,3.7.2.51,4.1 and up
4.4,Cut the Rope FULL FREE,GAME,2123.381,49M,10000.0,Free,0.0,Everyone,Puzzle,2018-07-05,3.7.2,4.1 and up
4.6,Sniper 3D Gun Shooter: Free Shooting Games - FPS,GAME,7671.249,Varies with device,10000.0,Free,0.0,Mature 17+,Action,2018-08-02,Varies with device,Varies with device
4.5,Subway Surfers,GAME,27723.193,76M,100000.0,Free,0.0,Everyone 10+,Arcade,2018-07-12,1.90.0,4.1 and up
4.5,ROBLOX,GAME,4447.346,67M,10000.0,Free,0.0,Everyone 10+,Adventure;Action & Adventure,2018-07-31,2.347.225742,4.1 and up
4.3,Pou,GAME,10485.334,24M,50000.0,Free,0.0,Everyone,Casual,2018-05-25,1.4.77,4.0 and up
4.5,8 Ball Pool,GAME,14198.602,52M,10000.0,Free,0.0,Everyone,Sports,2018-07-31,4.0.0,4.0.3 and up
4.6,Clash of Clans,GAME,44891.723,98M,10000.0,Free,0.0,Everyone 10+,Strategy,2018-07-15,10.322.16,4.1 and up
4.4,Candy Crush Saga,GAME,22428.456,74M,50000.0,Free,0.0,Everyone,Casual,2018-07-05,1.129.0.2,4.1 and up
4.4,Plants vs. Zombies FREE,GAME,4066.98,69M,10000.0,Free,0.0,Everyone 10+,Strategy,2018-07-06,2.2.00,4.1 and up
4.5,Cooking Fever,GAME,3197.865,82M,10000.0,Free,0.0,Everyone,Arcade,2018-07-12,2.8.0,4.0.3 and up
4.7,Toon Blast,GAME,1351.068,Varies with device,1000.0,Free,0.0,Everyone,Puzzle,2018-07-30,3196,4.1 and up
4.6,Score! Hero,GAME,5418.675,96M,10000.0,Free,0.0,Everyone,Sports,2018-06-13,1.751,4.4 and up
4.5,My Talking Angela,GAME,9881.908,99M,10000.0,Free,0.0,Everyone,Casual,2018-07-03,3.7.2.51,4.1 and up
4.5,Bubble Shooter,GAME,148.895,46M,1000.0,Free,0.0,Everyone,Casual,2018-07-17,1.20.1,4.0.3 and up
4.7,Toy Blast,GAME,1889.25,Varies with device,5000.0,Free,0.0,Everyone,Puzzle,2018-07-23,5423,4.1 and up
4.5,Miraculous Ladybug & Cat Noir - The Official Game,GAME,183.846,99M,1000.0,Free,0.0,Everyone,Action,2018-07-30,1.0.6,4.4 and up
4.8,Wordscapes,GAME,230.71,87M,1000.0,Free,0.0,Everyone,Word,2018-08-02,1.0.47,4.1 and up
4.7,Word Search,GAME,295.305,3.9M,1000.0,Free,0.0,Everyone,Word,2018-06-06,1.1.3,3.0 and up
4.4,Candy Crush Soda Saga,GAME,6198.88,67M,10000.0,Free,0.0,Everyone,Casual,2018-07-10,1.118.4,4.1 and up
4.6,Fishdom,GAME,2157.93,Varies with device,1000.0,Free,0.0,Everyone,Puzzle,2018-07-19,2.21.5,4.0.3 and up
4.5,Garena Free Fire,GAME,5465.624,53M,10000.0,Free,0.0,Teen,Action,2018-08-03,1.21.0,4.0.3 and up
4.7,Bowmasters,GAME,1534.466,Varies with device,5000.0,Free,0.0,Teen,Action,2018-07-23,2.12.5,4.1 and up
4.6,Clash Royale,GAME,23134.775,97M,10000.0,Free,0.0,Everyone 10+,Strategy,2018-06-27,2.3.2,4.1 and up
4.5,My Talking Tom,GAME,14891.223,Varies with device,50000.0,Free,0.0,Everyone,Casual,2018-07-19,4.8.0.132,4.1 and up
4.6,Sniper 3D Gun Shooter: Free Shooting Games - FPS,GAME,7672.495,Varies with device,10000.0,Free,0.0,Mature 17+,Action,2018-08-02,Varies with device,Varies with device
4.5,Granny,GAME,1137.271,59M,5000.0,Free,0.0,Teen,Arcade,2018-05-29,1.4.0.1,4.0 and up
4.6,Galaxy Attack: Alien Shooter,GAME,506.275,Varies with device,1000.0,Free,0.0,Everyone,Arcade,2018-08-01,5.66,4.1 and up
4.4,Angry Birds Rio,GAME,2610.622,46M,10000.0,Free,0.0,Everyone,Arcade,2018-07-03,2.6.9,4.1 and up
4.7,Zombie Catchers,GAME,990.586,75M,1000.0,Free,0.0,Everyone,Action,2018-05-24,1.0.27,4.1 and up
4.3,Zombie Hunter King,GAME,10.354,50M,100.0,Free,0.0,Mature 17+,Action,2018-08-01,1.0.8,2.3 and up
4.3,Temple Run 2,GAME,8118.937,62M,50000.0,Free,0.0,Everyone,Action,2018-07-05,1.49.1,4.0 and up
4.4,Zombie Tsunami,GAME,4921.122,Varies with device,10000.0,Free,0.0,Everyone 10+,Arcade,2018-06-15,Varies with device,Varies with device
4.3,Jungle Marble Blast,GAME,18.985,23M,500.0,Free,0.0,Everyone,Casual,2018-07-23,1.5.4,4.0.3 and up
4.4,Farm Heroes Saga,GAME,7614.271,70M,10000.0,Free,0.0,Everyone,Casual,2018-07-26,5.1.8,2.3 and up
4.5,Super Jim Jump - pixel 3d,GAME,10.434,18M,100.0,Free,0.0,Everyone,Arcade,2018-07-11,2.2.3181,4.0 and up
4.5,Roll the Ball® - slide puzzle,GAME,1385.093,35M,10000.0,Free,0.0,Everyone,Puzzle,2018-08-02,1.7.40,4.1 and up
4.6,Talking Tom Gold Run,GAME,2698.348,78M,10000.0,Free,0.0,Everyone,Action,2018-07-31,2.8.2.59,4.1 and up
4.7,Pixel Art: Color by Number Game,GAME,1125.017,25M,1000.0,Free,0.0,Everyone,Puzzle,2018-07-17,3.9.2,4.3 and up
4.6,Dream League Soccer 2018,GAME,9882.639,74M,10000.0,Free,0.0,Everyone,Sports,2018-07-16,5.064,4.4 and up
4.4,Angry Birds Classic,GAME,5566.805,97M,10000.0,Free,0.0,Everyone,Arcade,2018-05-24,7.9.3,4.1 and up
4.4,Fruits Bomb,GAME,74.673,17M,1000.0,Free,0.0,Everyone,Casual,2018-07-06,3.3.3179,4.0.3 and up
4.6,Hill Climb Racing 2,GAME,2750.41,Varies with device,10000.0,Free,0.0,Everyone,Racing,2018-08-02,1.17.2,4.2 and up
4.5,Knife Hit,GAME,461.137,60M,1000.0,Free,0.0,Everyone,Arcade,2018-05-22,1.7.2,4.0.3 and up
4.4,Farm Fruit Pop: Party Time,GAME,9.305,14M,100.0,Free,0.0,Everyone,Casual,2018-08-02,1.9.2,4.0.3 and up
4.5,ROBLOX,GAME,4448.791,67M,10000.0,Free,0.0,Everyone 10+,Adventure;Action & Adventure,2018-07-31,2.347.225742,4.1 and up
4.5,Subway Surfers,GAME,27724.094,76M,100000.0,Free,0.0,Everyone 10+,Arcade,2018-07-12,1.90.0,4.1 and up
4.4,Candy Crush Saga,GAME,22428.456,74M,50000.0,Free,0.0,Everyone,Casual,2018-07-05,1.129.0.2,4.1 and up
4.7,Toon Blast,GAME,1351.089,Varies with device,1000.0,Free,0.0,Everyone,Puzzle,2018-07-30,3196,4.1 and up
4.2,Love Balls,GAME,360.63,40M,5000.0,Free,0.0,Everyone,Puzzle,2018-07-31,1.2.7,4.1 and up
4.5,Granny,GAME,1137.267,59M,5000.0,Free,0.0,Teen,Arcade,2018-05-29,1.4.0.1,4.0 and up
4.5,8 Ball Pool,GAME,14200.344,52M,10000.0,Free,0.0,Everyone,Sports,2018-07-31,4.0.0,4.0.3 and up
4.6,Sniper 3D Gun Shooter: Free Shooting Games - FPS,GAME,7672.495,Varies with device,10000.0,Free,0.0,Mature 17+,Action,2018-08-02,Varies with device,Varies with device
4.5,Hungry Shark Evolution,GAME,6074.334,100M,10000.0,Free,0.0,Teen,Arcade,2018-07-25,6.0.0,4.1 and up
4.3,Temple Run 2,GAME,8118.937,62M,50000.0,Free,0.0,Everyone,Action,2018-07-05,1.49.1,4.0 and up
4.3,Kick the Buddy,GAME,1000.417,Varies with device,5000.0,Free,0.0,Teen,Action,2018-07-05,Varies with device,4.4 and up
4.5,Magic Tiles 3,GAME,592.282,Varies with device,5000.0,Free,0.0,Everyone,Music,2018-08-03,5.13.007,4.1 and up
4.7,Bowmasters,GAME,1535.084,Varies with device,5000.0,Free,0.0,Teen,Action,2018-07-23,2.12.5,4.1 and up
4.7,Piano Tiles 2™,GAME,8118.88,Varies with device,10000.0,Free,0.0,Everyone,Arcade,2018-08-03,3.1.0.226,4.1 and up
4.1,Pokémon GO,GAME,10424.925,85M,10000.0,Free,0.0,Everyone,Adventure,2018-07-23,0.111.3,4.4 and up
4.8,Wordscapes,GAME,230.727,87M,1000.0,Free,0.0,Everyone,Word,2018-08-02,1.0.47,4.1 and up
4.4,Paint Hit,GAME,37.023,33M,1000.0,Free,0.0,Everyone,Casual,2018-07-06,5.2,5.0 and up
4.2,Snake VS Block,GAME,422.244,32M,5000.0,Free,0.0,Teen,Arcade,2018-04-23,1.24,4.1 and up
4.4,Rolly Vortex,GAME,98.123,40M,1000.0,Free,0.0,Teen,Arcade,2018-05-25,1.7.0,4.1 and up
4.7,Woody Puzzle,GAME,21.262,29M,100.0,Free,0.0,Everyone,Puzzle,2018-08-03,1.0.9,4.4 and up
4.3,Stack Jump,GAME,118.253,40M,1000.0,Free,0.0,Teen,Arcade,2018-05-03,1.4.6,4.1 and up
4.7,Color by Number – New Coloring Book,GAME,141.529,24M,500.0,Free,0.0,Everyone 10+,Board,2018-08-01,2.0.6,4.1 and up
4.2,The Cube,GAME,70.226,38M,500.0,Free,0.0,Everyone,Arcade,2018-07-25,1.2.9,4.1 and up
4.3,Extreme Car Driving Simulator,GAME,2251.012,52M,10000.0,Free,0.0,Everyone,Racing,2018-05-03,4.17.2,4.0 and up
4.4,Bricks n Balls,GAME,30.253,Varies with device,100.0,Free,0.0,Everyone,Casual,2018-08-05,1.0.1.049,4.1 and up
4.1,The Fish Master!,GAME,15.763,54M,100.0,Free,0.0,Everyone,Arcade,2018-07-17,1.6,4.1 and up
4.1,Color Road,GAME,84.911,71M,1000.0,Free,0.0,Everyone,Arcade,2018-07-19,2.5.0,4.1 and up
4.2,Draw In,GAME,46.416,73M,1000.0,Free,0.0,Everyone,Arcade,2018-07-23,1.0.8,4.1 and up
4.7,PLANK!,GAME,7.196,38M,50.0,Free,0.0,Everyone,Arcade,2018-07-17,1.0.2,4.3 and up
4.6,Looper!,GAME,48.256,62M,100.0,Free,0.0,Everyone,Puzzle,2018-07-20,1.2.0,4.1 and up
4.5,Trivia Crack,GAME,6427.773,95M,10000.0,Free,0.0,Everyone,Trivia,2018-08-03,2.79.0,4.1 and up
3.1,Will it Crush?,GAME,25.825,16M,500.0,Free,0.0,Everyone,Simulation,2018-05-22,1.3.3,4.4 and up
4.1,Tomb of the Mask,GAME,55.38,39M,500.0,Free,0.0,Everyone,Action,2018-07-24,1.2.1,5.0 and up
3.4,Baseball Boy!,GAME,148.177,78M,1000.0,Free,0.0,Everyone,Arcade,2018-07-27,1.7.2,4.1 and up
4.4,PUBG MOBILE,GAME,3715.656,36M,5000.0,Free,0.0,Teen,Action,2018-07-24,0.7.0,4.3 and up
4.3,Episode - Choose Your Story,GAME,1841.061,Varies with device,5000.0,Free,0.0,Teen,Simulation,2018-07-31,Varies with device,Varies with device
4.6,Hello Stars,GAME,101.686,31M,1000.0,Free,0.0,Everyone,Puzzle,2018-08-04,1.8.2,4.1 and up
4.4,Run Sausage Run!,GAME,275.447,Varies with device,1000.0,Free,0.0,Everyone 10+,Arcade,2018-08-01,Varies with device,4.1 and up
4.3,Tank Stars,GAME,174.755,98M,1000.0,Free,0.0,Everyone 10+,Arcade,2018-07-11,1.1.1,5.0 and up
4.6,Castle Clash: Heroes of the Empire US,GAME,4578.476,24M,5000.0,Free,0.0,Everyone 10+,Strategy,2018-07-17,1.4.51,4.1 and up
4.2,Hole.io,GAME,145.353,85M,1000.0,Free,0.0,Teen,Arcade,2018-07-24,1.3.1,4.1 and up
4.5,Mini Golf King - Multiplayer Game,GAME,531.458,100M,500.0,Free,0.0,Everyone,Sports,2018-07-20,3.04.1,4.0.3 and up
4.4,PUBG MOBILE,GAME,3714.27,36M,5000.0,Free,0.0,Teen,Action,2018-07-24,0.7.0,4.3 and up
4.2,Flip the Gun - Simulator Game,GAME,195.558,86M,1000.0,Free,0.0,Everyone,Arcade,2018-07-26,1.2,5.0 and up
4.5,Mad Skills BMX 2,GAME,29.94,80M,100.0,Free,0.0,Everyone,Action,2018-07-26,1.1.4,4.1 and up
4.8,Wordscapes,GAME,230.727,87M,1000.0,Free,0.0,Everyone,Word,2018-08-02,1.0.47,4.1 and up
4.4,"MMX Hill Dash 2 – Offroad Truck, Car & Bike Racing",GAME,41.975,79M,100.0,Free,0.0,Everyone,Racing,2018-07-19,3.00.11034,5.0 and up
4.6,Word Link,GAME,216.675,30M,1000.0,Free,0.0,Everyone,Word,2018-08-01,2.2.7,4.1 and up
4.5,Last Day on Earth: Survival,GAME,2311.785,87M,1000.0,Free,0.0,Teen,Action,2018-08-01,1.9.3,4.1 and up
4.3,MARVEL Strike Force,GAME,165.888,91M,500.0,Free,0.0,Teen,Role Playing,2018-07-31,1.4.0,4.4 and up
4.6,Partymasters - Fun Idle Game,GAME,541.144,63M,1000.0,Free,0.0,Teen,Arcade,2018-07-12,1.2.5,5.0 and up
4.4,Harry Potter: Hogwarts Mystery,GAME,1107.31,Varies with device,1000.0,Free,0.0,Teen,Adventure,2018-08-01,1.8.2,4.4 and up
4.4,Offroad Outlaws,GAME,29.168,Varies with device,100.0,Free,0.0,Everyone,Racing,2018-05-29,2.0.1,4.1 and up
4.5,Grim Soul: Dark Fantasy Survival,GAME,189.773,95M,500.0,Free,0.0,Teen,Role Playing,2018-07-18,1.1.1,4.1 and up
4.6,DRAGON BALL LEGENDS,GAME,337.752,48M,500.0,Free,0.0,Teen,Action,2018-08-03,1.11.0,6.0 and up
4.6,Disney Heroes: Battle Mode,GAME,102.107,Varies with device,500.0,Free,0.0,Everyone 10+,Strategy,2018-07-31,1.2.2,Varies with device
4.6,Homescapes,GAME,3093.358,Varies with device,1000.0,Free,0.0,Everyone,Casual,2018-07-13,1.8.0.900,4.0.3 and up
4.1,New YAHTZEE® With Buddies Dice Game,GAME,42.079,93M,500.0,Free,0.0,Everyone,Board,2018-07-05,5.6.5,4.1 and up
4.5,Word Crossy - A crossword game,GAME,240.416,53M,500.0,Free,0.0,Everyone,Word,2018-08-01,2.2.3,4.0.3 and up
4.6,MLB TAP SPORTS BASEBALL 2018,GAME,32.506,82M,100.0,Free,0.0,Everyone,Sports,2018-06-27,1.2.1,4.2 and up
4.4,Hero Hunters,GAME,70.747,99M,500.0,Free,0.0,Teen,Action,2018-07-31,1.7,4.4 and up
4.7,Cooking Madness - A Chef's Restaurant Games,GAME,358.817,49M,1000.0,Free,0.0,Everyone,Arcade,2018-07-30,1.2.2,4.1 and up
4.6,Ice Crush 2018 - A new Puzzle Matching Adventure,GAME,15.403,25M,100.0,Free,0.0,Everyone,Casual,2018-08-02,1.8.1,4.1 and up
4.3,TerraGenesis - Space Colony,GAME,38.957,Varies with device,100.0,Free,0.0,Everyone,Simulation,2018-08-02,4.9.31,Varies with device
4.5,Merge Dragons!,GAME,214.777,91M,500.0,Free,0.0,Everyone,Puzzle,2018-07-30,3.6.0,4.1 and up
4.6,SHADOWGUN LEGENDS,GAME,100.609,52M,100.0,Free,0.0,Teen,Action,2018-07-16,0.5.4,6.0 and up
4.2,RULES OF SURVIVAL,GAME,1343.866,56M,1000.0,Free,0.0,Teen,Action,2018-08-01,1.180271.184729,4.0 and up
4.5,Mafia City,GAME,168.717,56M,1000.0,Free,0.0,Mature 17+,Strategy,2018-08-03,1.3.205,2.3 and up
4.8,"Cash, Inc. Money Clicker Game & Business Adventure",GAME,549.72,85M,1000.0,Free,0.0,Everyone,Simulation,2018-07-19,2.1.1.4.0,4.4 and up
4.1,Dino War: Rise of Beasts,GAME,18.996,81M,100.0,Free,0.0,Teen,Strategy,2018-08-01,1.5.2,4.1 and up
4.3,Tokyo Ghoul: Dark War,GAME,25.094,82M,100.0,Free,0.0,Teen,Role Playing,2018-07-06,1.2.0,4.3 and up
4.4,Last Shelter: Survival,GAME,93.033,98M,500.0,Free,0.0,Teen,Strategy,2018-08-04,1.250.078,4.0.3 and up
4.0,Guns of Glory,GAME,120.592,77M,1000.0,Free,0.0,Everyone 10+,Strategy,2018-07-31,2.0.2,4.0.3 and up
4.2,Lineage 2: Revolution,GAME,187.972,99M,500.0,Free,0.0,Teen,Role Playing,2018-07-11,1.05.20,4.4 and up
4.0,Final Fantasy XV: A New Empire,GAME,484.981,Varies with device,1000.0,Free,0.0,Everyone 10+,Strategy,2018-06-15,3.30.4.83,4.1 and up
4.2,Girls' Frontline,GAME,2.055,96M,10.0,Free,0.0,Teen,Strategy,2018-05-18,2.0081_206,4.0.3 and up
4.5,Chapters: Interactive Stories,GAME,73.539,96M,100.0,Free,0.0,Mature 17+,Role Playing,2018-08-02,1.3.3,4.3 and up
4.7,Honkai Impact 3rd,GAME,59.017,82M,100.0,Free,0.0,Teen,Action,2018-07-03,2.2.1,4.3 and up
4.2,Master of Eternity(MOE),GAME,5.829,70M,10.0,Free,0.0,Teen,Strategy,2018-07-26,1.8.2,4.4 and up
4.4,The Game of Life,GAME,18.621,63M,10.0,Paid,2.99,Everyone,Board,2018-07-04,2.1.2,4.4 and up
4.6,Clue,GAME,19.922,35M,10.0,Paid,1.99,Everyone 10+,Board,2018-07-30,2.2.5,5.0 and up
4.9,The Room: Old Sins,GAME,21.119,48M,10.0,Paid,4.99,Everyone,Puzzle,2018-04-18,1.0.1,4.4 and up
4.4,The Escapists,GAME,7.412,84M,10.0,Paid,4.99,Teen,Strategy,2018-04-26,1.1.0,2.3 and up
4.5,Farming Simulator 18,GAME,18.125,15M,10.0,Paid,4.99,Everyone,Simulation;Education,2018-07-09,Varies with device,4.4 and up
4.6,DRAGON BALL LEGENDS,GAME,337.913,48M,500.0,Free,0.0,Teen,Action,2018-08-03,1.11.0,6.0 and up
4.5,ROBLOX,GAME,4449.882,67M,10000.0,Free,0.0,Everyone 10+,Adventure;Action & Adventure,2018-07-31,2.347.225742,4.1 and up
4.4,Candy Crush Saga,GAME,22429.716,74M,50000.0,Free,0.0,Everyone,Casual,2018-07-05,1.129.0.2,4.1 and up
4.6,Angry Birds 2,GAME,3883.589,57M,10000.0,Free,0.0,Everyone,Casual,2018-07-26,2.21.1,4.1 and up
4.5,8 Ball Pool,GAME,14200.55,52M,10000.0,Free,0.0,Everyone,Sports,2018-07-31,4.0.0,4.0.3 and up
4.6,Fallout Shelter,GAME,2719.142,25M,1000.0,Free,0.0,Teen,Simulation,2018-06-11,1.13.12,4.1 and up
4.4,Harry Potter: Hogwarts Mystery,GAME,1107.197,Varies with device,1000.0,Free,0.0,Teen,Adventure,2018-08-01,1.8.2,4.4 and up
4.4,PUBG MOBILE,GAME,3716.278,36M,5000.0,Free,0.0,Teen,Action,2018-07-24,0.7.0,4.3 and up
4.3,The Sims™ FreePlay,GAME,931.595,31M,1000.0,Free,0.0,Teen,Simulation,2018-07-16,5.39.1,4.0.3 and up
4.3,MARVEL Strike Force,GAME,165.928,91M,500.0,Free,0.0,Teen,Role Playing,2018-07-31,1.4.0,4.4 and up
4.6,Best Fiends - Free Puzzle Game,GAME,1480.189,Varies with device,1000.0,Free,0.0,Everyone,Casual,2018-08-02,5.8.1,Varies with device
4.3,MARVEL Contest of Champions,GAME,2468.063,92M,5000.0,Free,0.0,Teen,Action,2018-07-30,19.1.0,4.0.3 and up
4.3,Jurassic World™ Alive,GAME,309.176,70M,500.0,Free,0.0,Everyone 10+,Simulation,2018-08-02,1.3.15,4.4 and up
4.6,Choices: Stories You Play,GAME,807.338,93M,1000.0,Free,0.0,Teen,Simulation,2018-07-30,2.3.5,4.0.3 and up
4.5,Solitaire TriPeaks,GAME,446.434,52M,1000.0,Free,0.0,Everyone,Card,2018-08-01,4.6.2.46103,4.0.3 and up
4.5,Merge Dragons!,GAME,214.819,91M,500.0,Free,0.0,Everyone,Puzzle,2018-07-30,3.6.0,4.1 and up
4.2,The Walking Dead: Road to Survival,GAME,522.466,37M,1000.0,Free,0.0,Mature 17+,Role Playing,2018-06-19,12.0.4.62276,4.0.3 and up
4.7,Hustle Castle: Fantasy Kingdom,GAME,584.126,64M,1000.0,Free,0.0,Everyone 10+,Role Playing,2018-07-27,1.5.4,4.1 and up
4.3,Might & Magic: Elemental Guardians,GAME,32.551,35M,50.0,Free,0.0,Mature 17+,Role Playing,2018-07-12,1.93,4.4 and up
4.0,Game of Thrones: Conquest™,GAME,90.218,97M,100.0,Free,0.0,Teen,Strategy,2018-08-03,1.8.225278,6.0 and up
4.4,Love Nikki-Dress UP Queen,GAME,212.524,93M,500.0,Free,0.0,Everyone,Role Playing,2018-07-24,3.0.0,4.0.3 and up
4.3,Summoners War,GAME,2045.554,28M,5000.0,Free,0.0,Teen,Role Playing,2018-07-30,4.0.1,4.0.3 and up
4.6,FINAL FANTASY BRAVE EXVIUS,GAME,745.684,83M,500.0,Free,0.0,Teen,Role Playing,2018-07-17,3.0.2,4.0.3 and up
4.7,Idle Heroes,GAME,416.54,99M,1000.0,Free,0.0,Everyone 10+,Role Playing,2018-05-30,1.14.0,2.3 and up
4.4,Fate/Grand Order (English),GAME,16.601,55M,50.0,Free,0.0,Teen,Role Playing,2018-07-26,1.18.0,4.0 and up
4.7,Honkai Impact 3rd,GAME,59.017,82M,100.0,Free,0.0,Teen,Action,2018-07-03,2.2.1,4.3 and up
4.4,Lords Mobile: Battle of the Empires - Strategy RPG,GAME,3057.481,14M,5000.0,Free,0.0,Teen,Strategy,2018-07-26,1.76,2.3 and up
4.3,War and Order,GAME,224.514,81M,500.0,Free,0.0,Teen,Strategy,2018-07-18,1.1.8,4.0.3 and up
4.2,Dungeon Hunter Champions: Epic Online Action RPG,GAME,26.247,Varies with device,100.0,Free,0.0,Teen,Role Playing,2018-07-26,1.1.40,4.0.3 and up
4.4,Candy Crush Saga,GAME,22430.188,74M,50000.0,Free,0.0,Everyone,Casual,2018-07-05,1.129.0.2,4.1 and up
4.5,ROBLOX,GAME,4449.91,67M,10000.0,Free,0.0,Everyone 10+,Adventure;Action & Adventure,2018-07-31,2.347.225742,4.1 and up
4.5,8 Ball Pool,GAME,14201.891,52M,10000.0,Free,0.0,Everyone,Sports,2018-07-31,4.0.0,4.0.3 and up
4.5,Subway Surfers,GAME,27725.352,76M,100000.0,Free,0.0,Everyone 10+,Arcade,2018-07-12,1.90.0,4.1 and up
4.4,Candy Crush Soda Saga,GAME,6199.095,67M,10000.0,Free,0.0,Everyone,Casual,2018-07-10,1.118.4,4.1 and up
4.3,Zombie Hunter King,GAME,10.493,50M,100.0,Free,0.0,Mature 17+,Action,2018-08-01,1.0.8,2.3 and up
4.5,Bubble Shooter,GAME,148.945,46M,1000.0,Free,0.0,Everyone,Casual,2018-07-17,1.20.1,4.0.3 and up
4.7,Toon Blast,GAME,1351.771,Varies with device,1000.0,Free,0.0,Everyone,Puzzle,2018-07-30,3196,4.1 and up
4.7,Toy Blast,GAME,1889.582,Varies with device,5000.0,Free,0.0,Everyone,Puzzle,2018-07-23,5423,4.1 and up
4.6,Clash Royale,GAME,23136.735,97M,10000.0,Free,0.0,Everyone 10+,Strategy,2018-06-27,2.3.2,4.1 and up
4.6,Clash of Clans,GAME,44893.888,98M,10000.0,Free,0.0,Everyone 10+,Strategy,2018-07-15,10.322.16,4.1 and up
4.4,Farm Heroes Saga,GAME,7614.415,70M,10000.0,Free,0.0,Everyone,Casual,2018-07-26,5.1.8,2.3 and up
4.4,Plants vs. Zombies FREE,GAME,4067.651,69M,10000.0,Free,0.0,Everyone 10+,Strategy,2018-07-06,2.2.00,4.1 and up
4.7,Word Search,GAME,295.576,3.9M,1000.0,Free,0.0,Everyone,Word,2018-06-06,1.1.3,3.0 and up
4.5,Super Jim Jump - pixel 3d,GAME,10.46,18M,100.0,Free,0.0,Everyone,Arcade,2018-07-11,2.2.3181,4.0 and up
4.3,Pou,GAME,10486.018,24M,50000.0,Free,0.0,Everyone,Casual,2018-05-25,1.4.77,4.0 and up
4.3,Temple Run 2,GAME,8119.151,62M,50000.0,Free,0.0,Everyone,Action,2018-07-05,1.49.1,4.0 and up
4.6,Homescapes,GAME,3093.932,Varies with device,1000.0,Free,0.0,Everyone,Casual,2018-07-13,1.8.0.900,4.0.3 and up
4.8,Wordscapes,GAME,230.849,87M,1000.0,Free,0.0,Everyone,Word,2018-08-02,1.0.47,4.1 and up
4.5,My Talking Angela,GAME,9883.367,99M,10000.0,Free,0.0,Everyone,Casual,2018-07-03,3.7.2.51,4.1 and up
4.5,Cooking Fever,GAME,3198.176,82M,10000.0,Free,0.0,Everyone,Arcade,2018-07-12,2.8.0,4.0.3 and up
4.5,Yes day,GAME,10055.521,94M,10000.0,Free,0.0,Everyone,Casual,2018-06-28,1_39_93,4.0.3 and up
4.6,Gardenscapes,GAME,4129.665,Varies with device,5000.0,Free,0.0,Everyone,Casual,2018-07-13,2.6.2,4.0.3 and up
4.6,Fishdom,GAME,2158.58,Varies with device,1000.0,Free,0.0,Everyone,Puzzle,2018-07-19,2.21.5,4.0.3 and up
4.6,Galaxy Attack: Alien Shooter,GAME,506.593,Varies with device,1000.0,Free,0.0,Everyone,Arcade,2018-08-01,5.66,4.1 and up
4.6,Score! Hero,GAME,5419.676,96M,10000.0,Free,0.0,Everyone,Sports,2018-06-13,1.751,4.4 and up
4.7,Zombie Catchers,GAME,990.723,75M,1000.0,Free,0.0,Everyone,Action,2018-05-24,1.0.27,4.1 and up
4.5,Magic Tiles 3,GAME,592.504,Varies with device,5000.0,Free,0.0,Everyone,Music,2018-08-03,5.13.007,4.1 and up
4.5,Granny,GAME,1138.239,59M,5000.0,Free,0.0,Teen,Arcade,2018-05-29,1.4.0.1,4.0 and up
4.6,Dream League Soccer 2018,GAME,9883.806,74M,10000.0,Free,0.0,Everyone,Sports,2018-07-16,5.064,4.4 and up
4.5,Sweet Fruit Candy,GAME,197.54,29M,1000.0,Free,0.0,Everyone,Puzzle,2018-07-16,79,4.1 and up
4.4,Fruits Bomb,GAME,74.695,17M,1000.0,Free,0.0,Everyone,Casual,2018-07-06,3.3.3179,4.0.3 and up
4.4,Angry Birds Classic,GAME,5566.889,97M,10000.0,Free,0.0,Everyone,Arcade,2018-05-24,7.9.3,4.1 and up
4.6,Talking Tom Gold Run,GAME,2698.882,78M,10000.0,Free,0.0,Everyone,Action,2018-07-31,2.8.2.59,4.1 and up
4.7,Bowmasters,GAME,1535.973,Varies with device,5000.0,Free,0.0,Teen,Action,2018-07-23,2.12.5,4.1 and up
4.5,My Talking Tom,GAME,14892.469,Varies with device,50000.0,Free,0.0,Everyone,Casual,2018-07-19,4.8.0.132,4.1 and up
4.4,Hill Climb Racing,GAME,8923.818,63M,10000.0,Free,0.0,Everyone,Racing,2018-07-02,1.37.2,4.2 and up
4.6,Sniper 3D Gun Shooter: Free Shooting Games - FPS,GAME,7674.252,Varies with device,10000.0,Free,0.0,Mature 17+,Action,2018-08-02,Varies with device,Varies with device
4.7,Pixel Art: Color by Number Game,GAME,1125.438,25M,1000.0,Free,0.0,Everyone,Puzzle,2018-07-17,3.9.2,4.3 and up
4.6,Shoot Bubble - Fruit Splash,GAME,29.445,29M,500.0,Free,0.0,Everyone,Casual,2018-05-11,14,4.0.3 and up
4.4,Zombie Tsunami,GAME,4921.451,Varies with device,10000.0,Free,0.0,Everyone 10+,Arcade,2018-06-15,Varies with device,Varies with device
4.5,Garena Free Fire,GAME,5476.569,53M,10000.0,Free,0.0,Teen,Action,2018-08-03,1.21.0,4.0.3 and up
4.3,Doodle Jump,GAME,1083.571,Varies with device,5000.0,Free,0.0,Everyone,Arcade,2018-07-20,Varies with device,Varies with device
4.5,Subway Surfers,GAME,27725.352,76M,100000.0,Free,0.0,Everyone 10+,Arcade,2018-07-12,1.90.0,4.1 and up
4.5,Crossy Road,GAME,4230.886,60M,10000.0,Free,0.0,Everyone,Action,2018-08-01,3.1.0,5.0 and up
4.3,Temple Run 2,GAME,8119.154,62M,50000.0,Free,0.0,Everyone,Action,2018-07-05,1.49.1,4.0 and up
4.7,Bowmasters,GAME,1535.973,Varies with device,5000.0,Free,0.0,Teen,Action,2018-07-23,2.12.5,4.1 and up
4.6,Talking Tom Gold Run,GAME,2698.889,78M,10000.0,Free,0.0,Everyone,Action,2018-07-31,2.8.2.59,4.1 and up
4.7,Zombie Catchers,GAME,990.663,75M,1000.0,Free,0.0,Everyone,Action,2018-05-24,1.0.27,4.1 and up
4.6,Sniper 3D Gun Shooter: Free Shooting Games - FPS,GAME,7674.252,Varies with device,10000.0,Free,0.0,Mature 17+,Action,2018-08-02,Varies with device,Varies with device
4.4,Swamp Attack,GAME,2119.218,70M,5000.0,Free,0.0,Everyone 10+,Action,2018-06-29,3.0.1,4.1 and up
4.5,Miraculous Ladybug & Cat Noir - The Official Game,GAME,184.21,99M,1000.0,Free,0.0,Everyone,Action,2018-07-30,1.0.6,4.4 and up
4.3,Kick the Buddy,GAME,1003.269,Varies with device,5000.0,Free,0.0,Teen,Action,2018-07-05,Varies with device,4.4 and up
4.5,Hungry Shark World,GAME,1242.855,27M,5000.0,Free,0.0,Teen,Action,2018-07-18,3.0.0,4.2 and up
4.6,Shadow Fight 2,GAME,10979.062,88M,10000.0,Free,0.0,Everyone 10+,Action,2018-07-02,1.9.38,3.0 and up
4.6,Alto's Adventure,GAME,515.657,63M,1000.0,Free,0.0,Everyone,Action,2018-06-05,1.7.1,4.0 and up
4.3,DEER HUNTER 2018,GAME,955.656,82M,1000.0,Free,0.0,Teen,Action,2018-06-26,5.1.2,3.0 and up
4.6,DRAGON BALL LEGENDS,GAME,337.913,48M,500.0,Free,0.0,Teen,Action,2018-08-03,1.11.0,6.0 and up
4.5,DEAD TARGET: FPS Zombie Apocalypse Survival Games,GAME,1468.591,Varies with device,5000.0,Free,0.0,Mature 17+,Action,2018-07-23,Varies with device,Varies with device
4.7,Cover Fire: offline shooting games for free,GAME,725.897,31M,1000.0,Free,0.0,Teen,Action,2018-08-03,1.8.20,4.1 and up
4.5,Anger of stick 5 : zombie,GAME,549.039,23M,5000.0,Free,0.0,Teen,Action,2018-08-03,1.1.5,2.3 and up
4.7,CATS: Crash Arena Turbo Stars,GAME,1559.65,Varies with device,5000.0,Free,0.0,Everyone,Action,2018-07-09,2.11.1,4.1 and up
4.7,Soul Knight,GAME,292.164,59M,1000.0,Free,0.0,Everyone 10+,Action,2018-08-01,1.8.4,4.1 and up
4.2,Agar.io,GAME,3816.799,32M,10000.0,Free,0.0,Everyone,Action,2018-07-23,2.2.8,4.0.3 and up
4.3,Zombie Hunter King,GAME,10.538,50M,100.0,Free,0.0,Mature 17+,Action,2018-08-01,1.0.8,2.3 and up
4.5,Garena Free Fire,GAME,5476.569,53M,10000.0,Free,0.0,Teen,Action,2018-08-03,1.21.0,4.0.3 and up
4.4,Battlelands Royale,GAME,105.62,61M,100.0,Free,0.0,Everyone 10+,Action,2018-07-16,0.5.8,4.1 and up
4.2,TEKKEN™,GAME,147.791,38M,500.0,Free,0.0,Teen,Action,2018-07-26,1.3,5.0 and up
4.5,Arrow.io,GAME,343.263,Varies with device,1000.0,Free,0.0,Everyone 10+,Action,2018-08-06,1.2.6,4.0.3 and up
4.5,BEYBLADE BURST app,GAME,216.849,Varies with device,1000.0,Free,0.0,Everyone,Action;Action & Adventure,2018-07-16,Varies with device,Varies with device
4.1,Bus Rush: Subway Edition,GAME,753.043,57M,10000.0,Free,0.0,Teen,Action,2018-08-01,1.15.2,4.0.3 and up
4.3,DC Super Hero Girls™,GAME,43.055,95M,500.0,Free,0.0,Everyone,Action;Action & Adventure,2018-06-29,2.8.0,4.0 and up
4.5,Tiny Archers,GAME,80.678,Varies with device,500.0,Free,0.0,Mature 17+,Action,2018-05-25,Varies with device,Varies with device
4.4,Metal Soldiers 2,GAME,153.381,Varies with device,1000.0,Free,0.0,Teen,Action,2018-06-18,1.11.2,4.1 and up
4.6,War Robots,GAME,3073.251,33M,5000.0,Free,0.0,Everyone 10+,Action,2018-07-25,4.1.1,4.1 and up
4.0,Dinosaur Simulator: Dino World,GAME,26.649,66M,500.0,Free,0.0,Teen,Action,2018-08-05,1.2,4.2 and up
4.3,GUNSHIP BATTLE: Helicopter 3D,GAME,2151.039,75M,5000.0,Free,0.0,Teen,Action,2018-08-01,2.6.61,4.0.3 and up
4.5,Quiz: Logo game,GAME,306.764,29M,1000.0,Free,0.0,Everyone,Trivia,2018-08-03,6.2,4.0.3 and up
4.4,Candy Crush Saga,GAME,22430.188,74M,50000.0,Free,0.0,Everyone,Casual,2018-07-05,1.129.0.2,4.1 and up
4.4,Plants vs. Zombies FREE,GAME,4067.651,69M,10000.0,Free,0.0,Everyone 10+,Strategy,2018-07-06,2.2.00,4.1 and up
4.5,8 Ball Pool,GAME,14201.604,52M,10000.0,Free,0.0,Everyone,Sports,2018-07-31,4.0.0,4.0.3 and up
4.6,Jewels Legend - Match 3 Puzzle,GAME,280.098,50M,1000.0,Free,0.0,Everyone,Arcade,2018-07-20,2.11.2,4.0.3 and up
4.5,Bubble Shooter,GAME,148.99,46M,1000.0,Free,0.0,Everyone,Casual,2018-07-17,1.20.1,4.0.3 and up
4.7,Solitaire,GAME,154.264,12M,1000.0,Free,0.0,Everyone,Card,2018-06-08,Varies with device,Varies with device
4.5,Bubble Shooter Genies,GAME,26.985,41M,500.0,Free,0.0,Everyone,Casual,2018-06-04,1.9.1,4.0.3 and up
4.5,Blossom Blast Saga,GAME,1125.438,63M,1000.0,Free,0.0,Everyone,Casual,2018-07-05,57.0.8,4.0.3 and up
4.4,Hill Climb Racing,GAME,8923.847,63M,10000.0,Free,0.0,Everyone,Racing,2018-07-02,1.37.2,4.2 and up
4.3,Bubble Shooter 2,GAME,23.043,Varies with device,500.0,Free,0.0,Everyone,Arcade,2018-07-25,3.5,4.1 and up
4.4,Candy Bomb,GAME,42.145,20M,1000.0,Free,0.0,Everyone,Casual;Brain Games,2018-07-04,2.9.3181,4.0.3 and up
4.7,Zombie Catchers,GAME,990.796,75M,1000.0,Free,0.0,Everyone,Action,2018-05-24,1.0.27,4.1 and up
4.7,Gems or jewels ?,GAME,171.448,13M,1000.0,Free,0.0,Teen,Puzzle,2018-08-03,1.0.109,4.0 and up
4.4,Angry Birds Rio,GAME,2610.68,46M,10000.0,Free,0.0,Everyone,Arcade,2018-07-03,2.6.9,4.1 and up
4.3,Candy Crush Jelly Saga,GAME,1300.619,78M,5000.0,Free,0.0,Everyone,Puzzle,2018-07-20,2.1.10,4.0 and up
4.4,Cut the Rope FULL FREE,GAME,2123.793,49M,10000.0,Free,0.0,Everyone,Puzzle,2018-07-05,3.7.2,4.1 and up
4.5,Hungry Shark Evolution,GAME,6074.627,100M,10000.0,Free,0.0,Teen,Arcade,2018-07-25,6.0.0,4.1 and up
4.4,Power Pop Bubbles,GAME,104.303,Varies with device,1000.0,Free,0.0,Everyone,Arcade,2018-08-02,3.15,4.1 and up
4.4,Angry Birds Classic,GAME,5566.908,97M,10000.0,Free,0.0,Everyone,Arcade,2018-05-24,7.9.3,4.1 and up
4.6,Best Fiends - Free Puzzle Game,GAME,1480.182,Varies with device,1000.0,Free,0.0,Everyone,Casual,2018-08-02,5.8.1,Varies with device
4.6,Hill Climb Racing 2,GAME,2750.645,Varies with device,10000.0,Free,0.0,Everyone,Racing,2018-08-02,1.17.2,4.2 and up
4.4,Jewels classic Prince,GAME,47.644,15M,500.0,Free,0.0,Everyone,Puzzle,2018-06-15,2.4.2,4.0 and up
4.6,Fruit Block - Puzzle Legend,GAME,125.647,33M,1000.0,Free,0.0,Everyone,Casual,2018-07-23,60,4.1 and up
4.4,Swamp Attack,GAME,2119.235,70M,5000.0,Free,0.0,Everyone 10+,Action,2018-06-29,3.0.1,4.1 and up
4.6,1LINE – One Line with One Touch,GAME,214.878,10M,1000.0,Free,0.0,Everyone,Board,2018-08-03,2.0.4,4.1 and up
4.6,Stick War: Legacy,GAME,811.04,77M,1000.0,Free,0.0,Teen,Strategy,2018-05-10,1.7.04,4.4 and up
4.7,Bowmasters,GAME,1536.349,Varies with device,5000.0,Free,0.0,Teen,Action,2018-07-23,2.12.5,4.1 and up
4.5,Magic Tiles 3,GAME,592.504,Varies with device,5000.0,Free,0.0,Everyone,Music,2018-08-03,5.13.007,4.1 and up
4.2,Block Puzzle Classic Legend !,GAME,17.044,4.9M,500.0,Free,0.0,Everyone,Puzzle,2018-04-13,2.9,2.3.3 and up
4.6,Marble Woka Woka 2018 - Bubble Shooter Match 3,GAME,155.186,Varies with device,1000.0,Free,0.0,Everyone,Puzzle,2018-08-03,1.3.35,4.1 and up
4.7,Pixel Art: Color by Number Game,GAME,1125.566,25M,1000.0,Free,0.0,Everyone,Puzzle,2018-07-17,3.9.2,4.3 and up
4.6,Score! Hero,GAME,5419.676,96M,10000.0,Free,0.0,Everyone,Sports,2018-06-13,1.751,4.4 and up
4.3,Super Jabber Jump 3,GAME,34.494,23M,500.0,Free,0.0,Everyone 10+,Arcade,2018-07-11,2.5.3182,2.3 and up
4.4,Jetpack Joyride,GAME,4638.163,96M,10000.0,Free,0.0,Everyone 10+,Arcade,2018-07-19,1.10.12,4.1 and up
4.4,Zombie Tsunami,GAME,4921.409,Varies with device,10000.0,Free,0.0,Everyone 10+,Arcade,2018-06-15,Varies with device,Varies with device
4.5,DEAD TARGET: FPS Zombie Apocalypse Survival Games,GAME,1468.638,Varies with device,5000.0,Free,0.0,Mature 17+,Action,2018-07-23,Varies with device,Varies with device
4.2,Word Search,GAME,344.585,Varies with device,5000.0,Free,0.0,Everyone,Word,2018-07-02,Varies with device,Varies with device
4.4,Farm Heroes Saga,GAME,7614.407,70M,10000.0,Free,0.0,Everyone,Casual,2018-07-26,5.1.8,2.3 and up
4.7,Dog Run - Pet Dog Simulator,GAME,48.615,24M,1000.0,Free,0.0,Everyone,Simulation;Action & Adventure,2018-05-22,1.4.12,4.1 and up
4.5,YouTube Kids,FAMILY,470.694,Varies with device,5000.0,Free,0.0,Everyone,Entertainment;Music & Video,2018-08-03,3.43.3,4.1 and up
4.4,Candy Bomb,FAMILY,42.145,20M,1000.0,Free,0.0,Everyone,Casual;Brain Games,2018-07-04,2.9.3181,4.0.3 and up
4.5,ROBLOX,FAMILY,4449.91,67M,10000.0,Free,0.0,Everyone 10+,Adventure;Action & Adventure,2018-07-31,2.347.225742,4.1 and up
4.4,Jewels Crush- Match 3 Puzzle,FAMILY,14.774,19M,100.0,Free,0.0,Everyone,Casual;Brain Games,2018-07-23,1.9.3901,4.0.3 and up
4.4,Coloring & Learn,FAMILY,12.753,51M,500.0,Free,0.0,Everyone,Educational;Creativity,2018-07-17,1.49,4.0.3 and up
4.5,Mahjong,FAMILY,33.983,22M,500.0,Free,0.0,Everyone,Puzzle;Brain Games,2018-08-02,1.24.3181,4.0.3 and up
4.6,Super ABC! Learning games for kids! Preschool apps,FAMILY,20.267,46M,100.0,Free,0.0,Everyone,Educational;Education,2018-07-16,1.1.6.7,4.1 and up
4.5,Toy Pop Cubes,FAMILY,5.761,21M,100.0,Free,0.0,Everyone,Casual;Brain Games,2018-07-04,1.8.3181,4.0.3 and up
4.7,Candy Pop Story,FAMILY,12.948,23M,100.0,Free,0.0,Everyone,Casual;Brain Games,2018-05-24,2.0.3165,2.3 and up
4.2,Hello Kitty Nail Salon,FAMILY,369.378,24M,5000.0,Free,0.0,Everyone,Casual;Pretend Play,2018-04-17,1.5,4.1 and up
4.5,Candy Smash,FAMILY,11.436,15M,100.0,Free,0.0,Everyone,Casual;Brain Games,2018-04-17,2.2.3169,4.0.3 and up
4.7,Dog Run - Pet Dog Simulator,FAMILY,48.615,24M,1000.0,Free,0.0,Everyone,Simulation;Action & Adventure,2018-05-22,1.4.12,4.1 and up
4.3,Kids Educational Game 3 Free,FAMILY,24.936,38M,500.0,Free,0.0,Everyone,Educational;Education,2018-05-16,3.1,4.1 and up
4.6,Puzzle Kids - Animals Shapes and Jigsaw Puzzles,FAMILY,1.109,52M,100.0,Free,0.0,Everyone,Educational;Brain Games,2018-07-18,1.0.6,4.1 and up
4.2,Baby Panda Care,FAMILY,108.795,49M,1000.0,Free,0.0,Everyone,Educational;Pretend Play,2018-06-15,8.25.10.00,4.0.3 and up
4.3,Number Counting games for toddler preschool kids,FAMILY,1.024,Varies with device,100.0,Free,0.0,Everyone,Educational;Education,2018-05-28,Varies with device,Varies with device
4.4,PJ Masks: Moonlight Heroes,FAMILY,86.961,99M,1000.0,Free,0.0,Everyone,Casual;Action & Adventure,2018-06-05,2.0.1,4.0.3 and up
4.8,"No. Color - Color by Number, Number Coloring",FAMILY,269.194,6.9M,1000.0,Free,0.0,Everyone,Entertainment;Brain Games,2018-08-03,Varies with device,Varies with device
4.4,Draw.ly - Color by Number Pixel Art Coloring,FAMILY,18.616,10M,100.0,Free,0.0,Everyone,Casual;Education,2018-08-05,1.0.9,4.0.3 and up
4.3,Baby puzzles,FAMILY,11.95,19M,500.0,Free,0.0,Everyone,Educational;Education,2018-07-12,6.1,4.0.3 and up
4.6,Garden Fruit Legend,FAMILY,4.289,33M,50.0,Free,0.0,Everyone,Casual;Brain Games,2018-07-31,3.5.3183,4.0.3 and up
4.1,Barbie™ Fashion Closet,FAMILY,68.286,85M,1000.0,Free,0.0,Everyone,Casual;Creativity,2018-07-30,1.3.7,4.1 and up
4.5,Candy Day,FAMILY,11.716,48M,100.0,Free,0.0,Everyone,Casual;Brain Games,2018-08-03,8.4.3180,4.0 and up
4.5,ABC Kids - Tracing & Phonics,FAMILY,36.606,Varies with device,1000.0,Free,0.0,Everyone,Educational;Education,2018-06-22,Varies with device,4.0 and up
4.5,Minion Rush: Despicable Me Official Game,FAMILY,10216.997,Varies with device,10000.0,Free,0.0,Everyone 10+,Casual;Action & Adventure,2018-07-12,Varies with device,Varies with device
4.6,Piano Kids - Music & Songs,FAMILY,46.741,50M,1000.0,Free,0.0,Everyone,Music;Music & Video,2018-08-03,1.73,4.0.3 and up
4.5,Educational Games for Kids,FAMILY,7.05,24M,100.0,Free,0.0,Everyone,Educational;Education,2018-05-27,2,4.0 and up
4.5,No.Draw - Colors by Number 2018,FAMILY,235.906,13M,1000.0,Free,0.0,Everyone,Entertainment;Brain Games,2018-07-29,1.2.0,4.1 and up
4.4,Fruit Boom,FAMILY,17.753,16M,100.0,Free,0.0,Everyone,Casual;Brain Games,2018-05-25,2.2.3172,4.0.3 and up
4.7,Duolingo: Learn Languages Free,FAMILY,6294.4,Varies with device,10000.0,Free,0.0,Everyone,Education;Education,2018-08-01,Varies with device,Varies with device
4.5,Hot Wheels: Race Off,FAMILY,520.609,Varies with device,1000.0,Free,0.0,Everyone,Racing;Action & Adventure,2018-06-28,Varies with device,4.4 and up
4.3,Rhythm Patrol,FAMILY,4.207,26M,10.0,Free,0.0,Everyone,Music;Music & Video,2018-07-23,2.180723,4.1 and up
4.3,DisneyNOW – TV Shows & Games,FAMILY,82.471,Varies with device,500.0,Free,0.0,Everyone,Entertainment;Music & Video,2018-07-05,Varies with device,4.4 and up
4.6,Super ABC! Learning games for kids! Preschool apps,FAMILY,20.267,46M,100.0,Free,0.0,Everyone,Educational;Education,2018-07-16,1.1.6.7,4.1 and up
4.5,Baby Panda’s Juice Shop,FAMILY,19.23,45M,500.0,Free,0.0,Everyone,Educational;Brain Games,2018-07-12,8.25.10.01,4.0.3 and up
4.5,LEGO® Friends: Heartlake Rush,FAMILY,23.671,91M,100.0,Free,0.0,Everyone,Arcade;Pretend Play,2018-07-31,1.2.0,4.1 and up
4.6,Baby ABC in box! Kids alphabet games for toddlers!,FAMILY,9.652,53M,100.0,Free,0.0,Everyone,Educational;Education,2018-07-16,2.0.7.4,4.1 and up
4.1,Thomas & Friends: Race On!,FAMILY,29.319,26M,500.0,Free,0.0,Everyone,Casual;Action & Adventure,2018-05-18,2.4,4.4 and up
4.5,Super School: Educational Kids Games & Rhymes,FAMILY,1.791,56M,50.0,Free,0.0,Everyone,Education;Education,2018-06-02,5.3.11,5.0 and up
4.6,Fruit Cube Blast,FAMILY,9.199,80M,50.0,Free,0.0,Everyone,Puzzle;Brain Games,2018-08-03,1.2.7,4.1 and up
4.6,Toddler Kids Puzzles PUZZINGO,FAMILY,14.014,60M,100.0,Free,0.0,Everyone,Education;Education,2018-07-06,7.32,4.0.3 and up
3.8,Dr. Panda Town: Vacation,FAMILY,10.366,78M,100.0,Free,0.0,Everyone,Education;Pretend Play,2018-07-24,1.2.1,4.1 and up
4.5,Leo and Tig,FAMILY,47.644,27M,100.0,Free,0.0,Everyone,Adventure;Action & Adventure,2018-05-31,10.18053,4.0.3 and up
4.1,School of Dragons,FAMILY,530.792,Varies with device,1000.0,Free,0.0,Everyone,Role Playing;Action & Adventure,2018-05-30,Varies with device,Varies with device
4.8,Fuzzy Seasons: Animal Forest,FAMILY,12.137,63M,10.0,Free,0.0,Everyone 10+,Simulation;Pretend Play,2018-08-06,149,4.1 and up
4.5,Kids Corner: Interactive Tales and Games for kids,FAMILY,6.404,46M,50.0,Free,0.0,Everyone,Educational;Brain Games,2018-07-16,1.8.3,4.1 and up
4.4,Cutie Cubies,FAMILY,6.356,83M,50.0,Free,0.0,Everyone,Puzzle;Creativity,2018-07-04,1.180702,4.1 and up
4.5,ROBLOX,FAMILY,4450.855,67M,10000.0,Free,0.0,Everyone 10+,Adventure;Action & Adventure,2018-07-31,2.347.225742,4.1 and up
4.4,PJ Masks: Moonlight Heroes,FAMILY,86.961,99M,1000.0,Free,0.0,Everyone,Casual;Action & Adventure,2018-06-05,2.0.1,4.0.3 and up
4.5,Minion Rush: Despicable Me Official Game,FAMILY,10216.997,Varies with device,10000.0,Free,0.0,Everyone 10+,Casual;Action & Adventure,2018-07-12,Varies with device,Varies with device
4.7,Dog Run - Pet Dog Simulator,FAMILY,48.701,24M,1000.0,Free,0.0,Everyone,Simulation;Action & Adventure,2018-05-22,1.4.12,4.1 and up
4.5,Hot Wheels: Race Off,FAMILY,520.654,Varies with device,1000.0,Free,0.0,Everyone,Racing;Action & Adventure,2018-06-28,Varies with device,4.4 and up
4.5,Basketball FRVR - Shoot the Hoop and Slam Dunk!,FAMILY,4.076,Varies with device,10.0,Free,0.0,Everyone,Sports;Action & Adventure,2018-08-01,1.3.3,4.1 and up
4.6,My Oasis - Calming and Relaxing Idle Clicker Game,FAMILY,106.75,94M,100.0,Free,0.0,Everyone,Simulation;Action & Adventure,2018-06-29,1.221,4.1 and up
4.5,Cars: Lightning League,FAMILY,58.795,77M,1000.0,Free,0.0,Everyone,Racing;Action & Adventure,2018-05-21,1.6,4.0.3 and up
4.2,Little Panda Run,FAMILY,3.235,32M,100.0,Free,0.0,Everyone,Educational;Action & Adventure,2018-06-20,8.25.10.00,4.0.3 and up
4.2,Snoopy's Town Tale - City Building Simulator,FAMILY,47.031,58M,100.0,Free,0.0,Everyone,Simulation;Action & Adventure,2018-07-30,3.2.4,4.4 and up
4.7,Ninja Dash - Ronin Jump RPG,FAMILY,8.508,54M,50.0,Free,0.0,Everyone 10+,Arcade;Action & Adventure,2018-08-02,1.1.23,4.0.3 and up
4.4,Plants vs. Zombies™ Heroes,FAMILY,379.415,68M,1000.0,Free,0.0,Everyone,Casual;Action & Adventure,2018-06-26,1.28.01,4.1 and up
4.3,PAC-MAN Pop,FAMILY,24.877,54M,500.0,Free,0.0,Everyone,Puzzle;Action & Adventure,2018-06-20,2.1.6579,4.1 and up
4.2,Little Fire Station,FAMILY,3.762,44M,100.0,Free,0.0,Everyone,Education;Action & Adventure,2018-07-02,1.47,4.3 and up
4.3,Disney Magic Kingdoms: Build Your Own Magical Park,FAMILY,472.584,91M,1000.0,Free,0.0,Everyone,Simulation;Action & Adventure,2018-08-02,3.2.0h,4.0.3 and up
4.2,Transformers Rescue Bots: Hero Adventures,FAMILY,41.273,16M,500.0,Free,0.0,Everyone,Adventure;Action & Adventure,2018-07-05,1.5,4.1 and up
4.3,DC Super Hero Girls™,FAMILY,43.06,95M,500.0,Free,0.0,Everyone,Action;Action & Adventure,2018-06-29,2.8.0,4.0 and up
4.5,Disney Crossy Road,FAMILY,514.088,83M,1000.0,Free,0.0,Everyone,Arcade;Action & Adventure,2018-05-30,3.200.18289,4.4 and up
4.2,Doctor Pets,FAMILY,23.06,21M,100.0,Free,0.0,Everyone,Educational;Education,2018-07-26,1.19,4.1 and up
4.4,Supermarket – Game for Kids,FAMILY,112.08,26M,1000.0,Free,0.0,Everyone,Casual;Pretend Play,2018-07-26,1.24,4.1 and up
4.1,Kids Animals Jigsaw Puzzles 😄,FAMILY,51.895,22M,1000.0,Free,0.0,Everyone,Educational;Brain Games,2018-06-16,18.1,4.2 and up
4.3,DC Super Hero Girls™,FAMILY,43.06,95M,500.0,Free,0.0,Everyone,Action;Action & Adventure,2018-06-29,2.8.0,4.0 and up
4.3,Disney Magic Kingdoms: Build Your Own Magical Park,FAMILY,472.584,91M,1000.0,Free,0.0,Everyone,Simulation;Action & Adventure,2018-08-02,3.2.0h,4.0.3 and up
4.3,Frozen Free Fall,FAMILY,1574.197,37M,5000.0,Free,0.0,Everyone,Puzzle;Action & Adventure,2018-07-27,6.7.0,4.2 and up
4.3,Shopkins World!,FAMILY,169.609,34M,1000.0,Free,0.0,Everyone,Arcade;Action & Adventure,2018-06-13,3.6.1,4.1 and up
4.4,Endless Numbers,FAMILY,2.952,37M,50.0,Free,0.0,Everyone,Education;Education,2018-06-19,1.2.0,5.1 and up
3.9,Earth to Luna! Watch and Play,FAMILY,10.753,84M,100.0,Free,0.0,Everyone,Educational;Education,2018-07-23,2.5.6,4.1 and up
4.1,Masha and the Bear Child Games,FAMILY,288.523,92M,1000.0,Free,0.0,Everyone,Adventure;Education,2018-05-08,2.7.4,4.0 and up
4.1,codeSpark Academy & The Foos,FAMILY,4.522,57M,50.0,Free,0.0,Everyone,Educational;Education,2018-06-21,2.19.01,4.1 and up
4.7,Toca Life: City,FAMILY,31.1,24M,50.0,Paid,3.99,Everyone,Education;Pretend Play,2018-07-06,1.5-play,4.4 and up
4.3,Word Search Games in english,FAMILY,63.186,16M,1000.0,Free,0.0,Everyone,Puzzle;Brain Games,2018-07-12,7.5,4.0.3 and up
4.1,Dominos Game ✔️,FAMILY,2.903,16M,100.0,Free,0.0,Everyone,Board;Brain Games,2018-07-05,5.2,4.1 and up
4.1,Checkers ✔️,FAMILY,3.617,19M,100.0,Free,0.0,Everyone,Board;Brain Games,2018-07-24,4.0.2,4.1 and up
4.6,Crazy Colors: Bubbles Matching,FAMILY,3.063,1.6M,10.0,Free,0.0,Everyone,Board;Brain Games,2018-05-24,2.9.7,3.0 and up
4.1,Chess for Kids - Play & Learn,FAMILY,3.234,47M,10.0,Free,0.0,Everyone,Puzzle;Brain Games,2018-05-15,2.2.3,4.1 and up
4.4,Mosaic puzzles,FAMILY,1.595,14M,50.0,Free,0.0,Everyone,Puzzle;Brain Games,2018-07-04,2.8,4.0.3 and up
4.0,RISK: Global Domination,FAMILY,68.559,75M,500.0,Free,0.0,Everyone,Board;Action & Adventure,2018-07-31,1.19.56.434,4.4 and up
4.1,Kids Balloon Pop Game Free 🎈,FAMILY,38.021,19M,1000.0,Free,0.0,Everyone,Casual;Music & Video,2018-07-06,18.2,4.0.3 and up
4.1,TO-FU Oh!SUSHI,FAMILY,59.917,92M,500.0,Free,0.0,Everyone,Education;Pretend Play,2018-07-31,2.3,4.4 and up
4.1,Kids Balloon Pop Game Free 🎈,FAMILY,38.021,19M,1000.0,Free,0.0,Everyone,Casual;Music & Video,2018-07-06,18.2,4.0.3 and up
4.1,TO-FU Oh!SUSHI,FAMILY,59.917,92M,500.0,Free,0.0,Everyone,Education;Pretend Play,2018-07-31,2.3,4.4 and up
4.5,ROBLOX,FAMILY,4450.89,67M,10000.0,Free,0.0,Everyone 10+,Adventure;Action & Adventure,2018-07-31,2.347.225742,4.1 and up
4.1,PlayKids - Educational cartoons and games for kids,FAMILY,182.173,Varies with device,1000.0,Free,0.0,Everyone,Entertainment;Music & Video,2018-07-30,Varies with device,Varies with device
4.5,YouTube Kids,FAMILY,470.713,Varies with device,5000.0,Free,0.0,Everyone,Entertainment;Music & Video,2018-08-03,3.43.3,4.1 and up
4.1,Fun Kid Racing - Motocross,FAMILY,59.729,Varies with device,1000.0,Free,0.0,Everyone,Racing;Action & Adventure,2018-06-27,3.46,4.2 and up
3.9,Barbie Life™,FAMILY,133.117,63M,500.0,Free,0.0,Everyone,Casual;Pretend Play,2018-07-12,2.6,4.1 and up
4.2,Baby Panda Care,FAMILY,108.795,49M,1000.0,Free,0.0,Everyone,Educational;Pretend Play,2018-06-15,8.25.10.00,4.0.3 and up
3.9,Sweet Baby Girl - Dream House and Play Time,FAMILY,95.537,58M,1000.0,Free,0.0,Everyone,Educational;Education,2018-07-13,2.2.54,4.4 and up
4.7,Duolingo: Learn Languages Free,FAMILY,6294.397,Varies with device,10000.0,Free,0.0,Everyone,Education;Education,2018-08-01,Varies with device,Varies with device
3.8,Sweet Baby Girl Newborn Baby,FAMILY,36.028,50M,500.0,Free,0.0,Everyone,Educational;Education,2018-07-02,1.3.51,4.4 and up
4.3,COOKING MAMA Let's Cook!,FAMILY,528.745,59M,1000.0,Free,0.0,Everyone,Educational;Pretend Play,2018-07-26,1.38.0,4.1 and up
4.3,Shopkins World!,FAMILY,169.609,34M,1000.0,Free,0.0,Everyone,Arcade;Action & Adventure,2018-06-13,3.6.1,4.1 and up
4.3,DisneyNOW – TV Shows & Games,FAMILY,82.471,Varies with device,500.0,Free,0.0,Everyone,Entertainment;Music & Video,2018-07-05,Varies with device,4.4 and up
4.0,Fun Kid Racing,FAMILY,79.667,Varies with device,1000.0,Free,0.0,Everyone,Racing;Action & Adventure,2018-08-03,3.52,4.2 and up
4.3,Frozen Free Fall,FAMILY,1574.204,37M,5000.0,Free,0.0,Everyone,Puzzle;Action & Adventure,2018-07-27,6.7.0,4.2 and up
4.1,Thomas & Friends: Race On!,FAMILY,29.319,26M,500.0,Free,0.0,Everyone,Casual;Action & Adventure,2018-05-18,2.4,4.4 and up
4.0,Mad Libs,FAMILY,8.126,61M,100.0,Free,0.0,Everyone,Entertainment;Brain Games,2018-07-31,1.1.1,6.0 and up
4.3,ABCmouse.com,FAMILY,50.887,91M,500.0,Free,0.0,Everyone,Education;Education,2018-07-03,7.2.0,4.4 and up
4.1,School of Dragons,FAMILY,530.792,Varies with device,1000.0,Free,0.0,Everyone,Role Playing;Action & Adventure,2018-05-30,Varies with device,Varies with device
4.6,Animal Jam - Play Wild!,FAMILY,361.97,58M,500.0,Free,0.0,Everyone,Casual;Pretend Play,2018-08-02,28.0.14,4.1 and up
4.1,Video Editor,FAMILY,159.619,23M,500.0,Free,0.0,Everyone,Video Players & Editors;Creativity,2018-07-17,6.14.091,4.3 and up
4.5,Real Racing 3,FAMILY,354.384,71M,1000.0,Free,0.0,Everyone,Racing;Action & Adventure,2018-07-02,6.4.0,4.1 and up
4.4,Peak – Brain Games & Training,FAMILY,272.321,Varies with device,1000.0,Free,0.0,Everyone,Education;Brain Games,2018-08-03,3.14.15,5.0 and up
4.5,Minecraft,FAMILY,2376.564,Varies with device,1000.0,Paid,6.99,Everyone 10+,Arcade;Action & Adventure,2018-07-24,1.5.2.1,Varies with device
4.2,Monash Uni Low FODMAP Diet,MEDICAL,1.135,12M,10.0,Paid,9.0,Everyone,Medical,2018-07-16,2.0.7,4.0 and up
4.5,Human Anatomy Atlas 2018: Complete 3D Human Body,MEDICAL,2.921,25M,10.0,Paid,24.99,Everyone,Medical,2018-05-25,2018.5.47,5.0 and up
4.8,GoodRx Drug Prices and Coupons,MEDICAL,59.158,11M,100.0,Free,0.0,Everyone,Medical,2018-07-26,5.4.8,4.1 and up
4.2,MyChart,MEDICAL,19.473,Varies with device,100.0,Free,0.0,Everyone,Medical,2018-07-24,Varies with device,Varies with device
4.6,FollowMyHealth®,MEDICAL,73.118,37M,100.0,Free,0.0,Everyone,Medical,2018-05-10,3.3,4.4 and up
4.4,CareZone,MEDICAL,27.524,Varies with device,100.0,Free,0.0,Everyone,Medical,2018-07-30,Varies with device,Varies with device
4.8,Ovia Pregnancy Tracker & Baby Countdown Calendar,MEDICAL,102.858,9.8M,100.0,Free,0.0,Everyone,Medical,2018-08-03,2.2.4,4.3 and up
4.0,Teladoc Member,MEDICAL,2.094,23M,50.0,Free,0.0,Everyone,Medical,2018-07-26,3.19,4.3 and up
4.2,Blood Pressure,MEDICAL,33.033,7.4M,500.0,Free,0.0,Everyone,Medical,2018-07-24,3.27.3,4.1 and up
4.8,Pregnancy Week By Week,MEDICAL,78.825,11M,100.0,Free,0.0,Everyone,Medical,2018-08-02,1.2.16,4.1 and up
4.7,Doctor On Demand,MEDICAL,18.674,Varies with device,100.0,Free,0.0,Everyone,Medical,2018-07-27,3.25.0,4.4 and up
3.9,OneTouch Reveal,MEDICAL,6.266,34M,50.0,Free,0.0,Everyone,Medical,2018-05-22,3.5,5.1 and up
4.8,Ovia Fertility Tracker & Ovulation Calculator,MEDICAL,53.743,13M,100.0,Free,0.0,Everyone,Medical,2018-07-27,Varies with device,4.3 and up
2.7,Anthem Anywhere,MEDICAL,2.657,24M,50.0,Free,0.0,Everyone,Medical,2018-07-27,8.0.226,4.4 and up
4.2,Blood Donor,MEDICAL,4.476,20M,50.0,Free,0.0,Everyone,Medical,2018-07-31,1.6.2,4.1 and up
4.7,My Calendar - Period Tracker,MEDICAL,156.41,14M,500.0,Free,0.0,Everyone,Medical,2018-08-03,5.9.6,4.1 and up
4.5,Zocdoc: Find Doctors & Book Appointments,MEDICAL,6.099,38M,50.0,Free,0.0,Everyone,Medical,2018-07-31,3.18.2,4.3 and up
4.7,1800 Contacts - Lens Store,MEDICAL,23.16,26M,100.0,Free,0.0,Everyone,Medical,2018-07-27,7.4.1,5.0 and up
4.7,Blood Pressure Log - MyDiary,MEDICAL,8.348,2.6M,50.0,Free,0.0,Everyone,Medical,2018-04-13,1.4.6,4.0 and up
4.5,PulsePoint Respond,MEDICAL,7.837,21M,10.0,Free,0.0,Everyone,Medical,2018-07-31,2.4,4.1 and up
4.7,Ovia Parenting & Baby Development Tracker,MEDICAL,6.185,38M,10.0,Free,0.0,Everyone,Medical,2018-08-03,1.2.0,4.3 and up
3.4,OptumRx,MEDICAL,1.838,21M,10.0,Free,0.0,Everyone,Medical,2018-07-02,2.11.0,4.0.3 and up
3.5,CVS Caremark,MEDICAL,3.707,10M,50.0,Free,0.0,Everyone,Medical,2018-07-28,4.36,4.4 and up
4.7,Ada - Your Health Guide,MEDICAL,87.418,14M,100.0,Free,0.0,Everyone,Medical,2018-07-16,2.25.0,4.4 and up
4.6,mySugr: the blood sugar tracker made just for you,MEDICAL,21.189,36M,100.0,Free,0.0,Everyone,Medical,2018-08-06,3.52.1,5.0 and up
4.8,Pregnancy Calculator and Tracker app,MEDICAL,69.126,61M,100.0,Free,0.0,Everyone,Medical,2018-06-01,2.6.1,4.1 and up
4.2,DreamMapper,MEDICAL,10.71,8.5M,10.0,Free,0.0,Everyone,Medical,2018-07-03,2.15,5.0 and up
4.4,Drugs.com Medication Guide,MEDICAL,15.875,Varies with device,100.0,Free,0.0,Everyone,Medical,2018-05-22,Varies with device,4.4 and up
4.7,Migraine Buddy - The Migraine and Headache tracker,MEDICAL,26.862,30M,50.0,Free,0.0,Everyone,Medical,2018-06-25,25.3.1,4.0.3 and up
4.9,Period Tracker,MEDICAL,100.082,3.7M,100.0,Free,0.0,Everyone,Medical,2018-07-09,1.2.2,4.1 and up
4.5,Anatomy Learning - 3D Atlas,MEDICAL,72.167,16M,100.0,Free,0.0,Everyone,Medical,2018-07-18,2,4.1 and up
4.6,Moodpath - Depression & Anxiety Test,MEDICAL,6.035,8.9M,10.0,Free,0.0,Everyone,Medical,2018-07-05,1.2.0,4.4 and up
4.7,Teach Me Anatomy,MEDICAL,9.945,97M,50.0,Free,0.0,Everyone,Medical,2018-07-05,5.11,4.1 and up
4.7,Baritastic - Bariatric Tracker,MEDICAL,4.318,12M,10.0,Free,0.0,Everyone,Medical,2018-07-26,1.3.185,4.1 and up
4.3,Mayo Clinic,MEDICAL,2.218,Varies with device,50.0,Free,0.0,Everyone,Medical,2018-08-01,Varies with device,Varies with device
4.3,Epocrates Plus,MEDICAL,23.889,Varies with device,100.0,Free,0.0,Everyone,Medical,2018-07-10,Varies with device,4.0 and up
4.0,Super Ear,MEDICAL,3.498,6.6M,10.0,Free,0.0,Everyone,Medical,2018-05-01,1.7.2,4.0 and up
4.8,VitusVet: Pet Health Care App,MEDICAL,3.052,12M,10.0,Free,0.0,Everyone,Medical,2018-07-31,3.8.0,4.1 and up
4.5,Nurse Grid,MEDICAL,1.686,15M,10.0,Free,0.0,Everyone,Medical,2018-07-30,2.9,4.4 and up
4.5,Sanford Guide:Antimicrobial Rx,MEDICAL,1.388,3.3M,10.0,Free,0.0,Everyone,Medical,2018-07-03,2.1.11,4.1 and up
4.2,Monash Uni Low FODMAP Diet,MEDICAL,1.135,12M,10.0,Paid,9.0,Everyone,Medical,2018-07-16,2.0.7,4.0 and up
4.6,mySugr: the blood sugar tracker made just for you,MEDICAL,21.189,36M,100.0,Free,0.0,Everyone,Medical,2018-08-06,3.52.1,5.0 and up
4.5,Human Anatomy Atlas 2018: Complete 3D Human Body,MEDICAL,2.921,25M,10.0,Paid,24.99,Everyone,Medical,2018-05-25,2018.5.47,5.0 and up
4.6,Diabetes:M,MEDICAL,15.545,Varies with device,10.0,Free,0.0,Everyone,Medical,2018-08-01,6.1.3,Varies with device
4.3,"Pzizz - Sleep, Nap, Focus",MEDICAL,5.521,22M,10.0,Free,0.0,Everyone,Medical,2018-07-01,4.9.6,4.1 and up
3.5,GlassesOff,MEDICAL,1.288,38M,10.0,Free,0.0,Everyone,Medical,2018-07-10,1.0.0.10,3.0 and up
4.0,e-Anatomy,MEDICAL,1.545,74M,10.0,Free,0.0,Everyone,Medical,2018-07-30,4.8.2,4.0.3 and up
4.3,Dosecast - Medication Reminder,MEDICAL,4.107,Varies with device,10.0,Free,0.0,Everyone,Medical,2018-04-17,Varies with device,Varies with device
4.0,Teladoc Member,MEDICAL,2.094,23M,50.0,Free,0.0,Everyone,Medical,2018-07-26,3.19,4.3 and up
4.7,Ada - Your Health Guide,MEDICAL,87.418,14M,100.0,Free,0.0,Everyone,Medical,2018-07-16,2.25.0,4.4 and up
4.8,Ovia Fertility Tracker & Ovulation Calculator,MEDICAL,53.747,13M,100.0,Free,0.0,Everyone,Medical,2018-07-27,Varies with device,4.3 and up
4.5,Nurse Grid,MEDICAL,1.686,15M,10.0,Free,0.0,Everyone,Medical,2018-07-30,2.9,4.4 and up
3.7,Blood Pressure(BP) Diary,MEDICAL,3.596,8.4M,100.0,Free,0.0,Everyone,Medical,2018-07-18,4.0.9,4.0.3 and up
2.7,Anthem Anywhere,MEDICAL,2.657,24M,50.0,Free,0.0,Everyone,Medical,2018-07-27,8.0.226,4.4 and up
4.7,1800 Contacts - Lens Store,MEDICAL,23.16,26M,100.0,Free,0.0,Everyone,Medical,2018-07-27,7.4.1,5.0 and up
4.1,Facebook,SOCIAL,78158.306,Varies with device,100000.0,Free,0.0,Teen,Social,2018-08-03,Varies with device,Varies with device
4.5,Instagram,SOCIAL,66577.313,Varies with device,100000.0,Free,0.0,Teen,Social,2018-07-31,Varies with device,Varies with device
4.3,Facebook Lite,SOCIAL,8606.259,Varies with device,50000.0,Free,0.0,Teen,Social,2018-08-01,Varies with device,Varies with device
4.4,"Messages, Text and Video Chat for Messenger",SOCIAL,49.173,4.0M,1000.0,Free,0.0,Everyone,Social,2018-06-04,1.24,4.1 and up
4.4,Tumblr,SOCIAL,2955.326,Varies with device,10000.0,Free,0.0,Mature 17+,Social,2018-08-01,Varies with device,Varies with device
4.2,All Social Networks,SOCIAL,22.492,1.5M,100.0,Free,0.0,Everyone,Social,2018-05-21,2.4.12,4.0 and up
4.0,Snapchat,SOCIAL,17014.787,Varies with device,50000.0,Free,0.0,Teen,Social,2018-07-30,Varies with device,Varies with device
4.6,Pinterest,SOCIAL,4305.441,Varies with device,10000.0,Free,0.0,Teen,Social,2018-08-03,Varies with device,Varies with device
4.4,TextNow - free text + calls,SOCIAL,441.189,Varies with device,1000.0,Free,0.0,Everyone,Social,2018-08-03,Varies with device,Varies with device
4.2,Google+,SOCIAL,4831.125,Varies with device,100000.0,Free,0.0,Teen,Social,2018-07-26,Varies with device,Varies with device
4.4,The Messenger App,SOCIAL,4.919,2.8M,100.0,Free,0.0,Everyone,Social,2018-08-03,0.1.1,4.1 and up
4.4,Messenger Pro,SOCIAL,13.762,3.9M,100.0,Free,0.0,Everyone,Social,2018-05-09,1.0.2,4.1 and up
4.3,"Free Messages, Video, Chat,Text for Messenger Plus",SOCIAL,6.086,3.1M,100.0,Free,0.0,Teen,Social,2018-06-14,1.0.9,4.3 and up
4.6,Telegram X,SOCIAL,70.616,Varies with device,500.0,Free,0.0,Teen,Social,2018-07-27,Varies with device,Varies with device
4.4,The Video Messenger App,SOCIAL,1.2,2.8M,10.0,Free,0.0,Everyone,Social,2018-08-02,0.1.1,4.1 and up
4.5,Jodel - The Hyperlocal App,SOCIAL,76.48,20M,100.0,Free,0.0,Mature 17+,Social,2018-08-06,4.95.4,5.0 and up
4.6,Who Viewed My Facebook Profile - Stalkers Visitors,SOCIAL,271.445,9.9M,500.0,Free,0.0,Everyone,Social,2018-06-24,4.1.1,4.0.3 and up
4.6,"Hide Something - Photo, Video",SOCIAL,225.103,5.3M,500.0,Free,0.0,Everyone,Social,2018-06-13,5.1.1,4.1 and up
4.6,Love Sticker,SOCIAL,33.177,10M,100.0,Free,0.0,Everyone,Social,2018-06-12,2.1.6,4.0 and up
4.4,Web Browser & Fast Explorer,SOCIAL,54.768,2.6M,500.0,Free,0.0,Everyone,Social,2018-05-16,3.6.1,4.0.3 and up
4.5,"LiveMe - Video chat, new friends, and make money",SOCIAL,457.197,Varies with device,1000.0,Free,0.0,Teen,Social,2018-08-03,Varies with device,Varies with device
4.5,VidStatus app - Status Videos & Status Downloader,SOCIAL,25.562,31M,500.0,Free,0.0,Teen,Social,2018-08-02,2.6.10,4.1 and up
4.3,Love Images,SOCIAL,16.404,2.3M,100.0,Free,0.0,Everyone,Social,2018-06-24,1.6,2.3 and up
4.6,SPARK - Live random video chat & meet new people,SOCIAL,79.658,17M,500.0,Free,0.0,Mature 17+,Social,2018-08-06,2.1.3.2,4.3 and up
4.8,Amino: Communities and Chats,SOCIAL,1259.075,62M,1000.0,Free,0.0,Teen,Social,2018-07-20,1.8.19179,4.0.3 and up
4.2,Facebook Local,SOCIAL,4.751,Varies with device,100.0,Free,0.0,Teen,Social,2018-06-30,13,4.1 and up
4.6,Meet – Talk to Strangers Using Random Video Chat,SOCIAL,60.562,15M,500.0,Free,0.0,Mature 17+,Social,2018-08-06,1.3.2,4.3 and up
4.0,MobilePatrol Public Safety App,SOCIAL,22.695,Varies with device,100.0,Free,0.0,Everyone 10+,Social,2018-06-21,Varies with device,Varies with device
4.6,"💘 WhatsLov: Smileys of love, stickers and GIF",SOCIAL,22.098,18M,100.0,Free,0.0,Everyone,Social,2018-07-24,4.2.4,4.0.3 and up
4.3,Phone Tracker : Family Locator,SOCIAL,231.325,5.4M,1000.0,Free,0.0,Everyone,Social,2018-08-02,4.81,4.0 and up
4.0,Periscope - Live Video,SOCIAL,479.908,15M,1000.0,Free,0.0,Mature 17+,Social,2018-07-09,1.23.3.0,4.4 and up
4.5,Quora,SOCIAL,313.633,Varies with device,1000.0,Free,0.0,Teen,Social,2018-07-25,Varies with device,Varies with device
4.4,Kate Mobile for VK,SOCIAL,540.93,5.3M,1000.0,Free,0.0,Teen,Social,2018-07-23,50.2 lite,2.2 and up
4.5,Family GPS tracker KidControl + GPS by SMS Locator,SOCIAL,57.146,Varies with device,100.0,Free,0.0,Everyone,Social,2018-07-27,Varies with device,4.0.3 and up
4.2,LinkedIn,SOCIAL,1225.339,Varies with device,10000.0,Free,0.0,Everyone,Social,2018-08-02,4.1.202,5.0 and up
4.5,Moment,SOCIAL,19.583,37M,100.0,Free,0.0,Teen,Social,2018-08-01,5.2.1,4.4 and up
4.3,"Text Me: Text Free, Call Free, Second Phone Number",SOCIAL,344.921,Varies with device,1000.0,Free,0.0,Everyone,Social,2018-06-07,Varies with device,Varies with device
4.2,Meetup,SOCIAL,79.129,23M,500.0,Free,0.0,Teen,Social,2018-08-02,3.10.26,4.4 and up
4.2,Text Free: WiFi Calling App,SOCIAL,83.488,Varies with device,500.0,Free,0.0,Everyone,Social,2018-07-24,Varies with device,Varies with device
4.4,TextNow - free text + calls,SOCIAL,441.189,Varies with device,1000.0,Free,0.0,Everyone,Social,2018-08-03,Varies with device,Varies with device
4.3,Badoo - Free Chat & Dating App,SOCIAL,3781.77,Varies with device,10000.0,Free,0.0,Mature 17+,Social,2018-08-02,Varies with device,Varies with device
4.3,Text free - Free Text + Call,SOCIAL,315.441,Varies with device,1000.0,Free,0.0,Everyone,Social,2018-07-26,Varies with device,Varies with device
4.1,textPlus: Free Text & Calls,SOCIAL,382.12,28M,1000.0,Free,0.0,Everyone,Social,2018-07-26,7.3.1,4.1 and up
4.5,"Free phone calls, free texting SMS on free number",SOCIAL,412.725,35M,1000.0,Free,0.0,Everyone,Social,2018-07-31,3.8.1,4.1 and up
4.3,Tango - Live Video Broadcast,SOCIAL,3806.669,Varies with device,10000.0,Free,0.0,Mature 17+,Social,2018-08-01,Varies with device,Varies with device
4.2,MeetMe: Chat & Meet New People,SOCIAL,1259.849,76M,5000.0,Free,0.0,Mature 17+,Social,2018-08-03,Varies with device,4.1 and up
4.1,"Tagged - Meet, Chat & Dating",SOCIAL,486.824,Varies with device,1000.0,Free,0.0,Mature 17+,Social,2018-06-21,Varies with device,Varies with device
4.2,"SayHi Chat, Meet New People",SOCIAL,423.105,Varies with device,1000.0,Free,0.0,Mature 17+,Social,2018-07-09,Varies with device,Varies with device
4.1,Whisper,SOCIAL,205.803,Varies with device,500.0,Free,0.0,Teen,Social,2018-07-18,Varies with device,Varies with device
4.1,"Tapatalk - 100,000+ Forums",SOCIAL,285.816,Varies with device,1000.0,Free,0.0,Mature 17+,Social,2018-06-19,Varies with device,Varies with device
4.4,Tumblr,SOCIAL,2955.325,Varies with device,10000.0,Free,0.0,Mature 17+,Social,2018-08-01,Varies with device,Varies with device
3.7,Blogaway for Android (Blogger),SOCIAL,4.253,4.1M,10.0,Free,0.0,Teen,Social,2018-05-31,7.0.7,4.0.3 and up
4.0,Snapchat,SOCIAL,17014.705,Varies with device,50000.0,Free,0.0,Teen,Social,2018-07-30,Varies with device,Varies with device
4.5,Instagram,SOCIAL,66577.446,Varies with device,100000.0,Free,0.0,Teen,Social,2018-07-31,Varies with device,Varies with device
3.6,TwitCasting Live,SOCIAL,14.835,Varies with device,100.0,Free,0.0,Teen,Social,2018-08-02,Varies with device,Varies with device
4.1,YouNow: Live Stream Video Chat,SOCIAL,309.872,85M,1000.0,Free,0.0,Teen,Social,2018-08-03,14.0.13,4.1 and up
4.0,Periscope - Live Video,SOCIAL,479.909,15M,1000.0,Free,0.0,Mature 17+,Social,2018-07-09,1.23.3.0,4.4 and up
4.1,Mirrativ: Live Stream Any App,SOCIAL,17.955,89M,50.0,Free,0.0,Teen,Social,2018-08-02,7.23.4,4.1 and up
4.0,Snapchat,SOCIAL,17015.352,Varies with device,50000.0,Free,0.0,Teen,Social,2018-07-30,Varies with device,Varies with device
4.5,Instagram,SOCIAL,66577.313,Varies with device,100000.0,Free,0.0,Teen,Social,2018-07-31,Varies with device,Varies with device
4.6,Pinterest,SOCIAL,4305.441,Varies with device,10000.0,Free,0.0,Teen,Social,2018-08-03,Varies with device,Varies with device
4.3,Nextdoor - Local neighborhood news & classifieds,SOCIAL,51.502,20M,500.0,Free,0.0,Teen,Social,2018-07-25,2.69,5.0 and up
4.3,"SKOUT - Meet, Chat, Go Live",SOCIAL,1064.049,Varies with device,5000.0,Free,0.0,Mature 17+,Social,2018-07-28,Varies with device,Varies with device
4.5,We Heart It,SOCIAL,637.309,Varies with device,1000.0,Free,0.0,Teen,Social,2018-07-18,Varies with device,Varies with device
4.2,MeetMe: Chat & Meet New People,SOCIAL,1259.894,76M,5000.0,Free,0.0,Mature 17+,Social,2018-08-03,Varies with device,4.1 and up
4.1,Timehop,SOCIAL,161.61,16M,500.0,Free,0.0,Teen,Social,2018-08-05,4.5.3,4.1 and up
4.2,LinkedIn,SOCIAL,1225.367,Varies with device,10000.0,Free,0.0,Everyone,Social,2018-08-02,4.1.202,5.0 and up
4.4,Path,SOCIAL,1520.959,Varies with device,1000.0,Free,0.0,Teen,Social,2018-05-09,Varies with device,Varies with device
4.3,Tango - Live Video Broadcast,SOCIAL,3806.669,Varies with device,10000.0,Free,0.0,Mature 17+,Social,2018-08-01,Varies with device,Varies with device
4.2,"SayHi Chat, Meet New People",SOCIAL,423.138,Varies with device,1000.0,Free,0.0,Mature 17+,Social,2018-07-09,Varies with device,Varies with device
4.1,"Tapatalk - 100,000+ Forums",SOCIAL,285.82,Varies with device,1000.0,Free,0.0,Mature 17+,Social,2018-06-19,Varies with device,Varies with device
4.3,Badoo - Free Chat & Dating App,SOCIAL,3781.77,Varies with device,10000.0,Free,0.0,Mature 17+,Social,2018-08-02,Varies with device,Varies with device
4.3,Nextdoor - Local neighborhood news & classifieds,SOCIAL,51.504,20M,500.0,Free,0.0,Teen,Social,2018-07-25,2.69,5.0 and up
4.2,POF Free Dating App,SOCIAL,1175.794,Varies with device,5000.0,Free,0.0,Mature 17+,Social,2018-07-31,Varies with device,Varies with device
4.2,MeetMe: Chat & Meet New People,SOCIAL,1259.894,76M,5000.0,Free,0.0,Mature 17+,Social,2018-08-03,Varies with device,4.1 and up
4.0,LOVOO,SOCIAL,852.455,68M,1000.0,Free,0.0,Mature 17+,Social,2018-08-03,27,4.2 and up
4.4,"Jaumo Dating, Flirt & Live Video",SOCIAL,900.064,13M,1000.0,Free,0.0,Mature 17+,Social,2018-07-31,4.17.2,4.1 and up
4.0,Patook - make platonic friends,SOCIAL,3.677,50M,10.0,Free,0.0,Mature 17+,Social,2018-06-21,10.6.3,5.0 and up
4.2,Meetup,SOCIAL,79.129,23M,500.0,Free,0.0,Teen,Social,2018-08-02,3.10.26,4.4 and up
4.2,Text Free: WiFi Calling App,SOCIAL,83.488,Varies with device,500.0,Free,0.0,Everyone,Social,2018-07-24,Varies with device,Varies with device
4.4,Zello PTT Walkie Talkie,SOCIAL,695.613,Varies with device,5000.0,Free,0.0,Everyone,Social,2018-08-02,Varies with device,Varies with device
4.1,textPlus: Free Text & Calls,SOCIAL,382.121,28M,1000.0,Free,0.0,Everyone,Social,2018-07-26,7.3.1,4.1 and up
4.1,magicApp Calling & Messaging,SOCIAL,207.712,Varies with device,1000.0,Free,0.0,Everyone,Social,2018-06-09,4.18.962.5,2.3 and up
4.3,"Dating App, Flirt & Chat : W-Match",SOCIAL,175.722,Varies with device,1000.0,Free,0.0,Mature 17+,Social,2018-07-23,Varies with device,Varies with device
4.2,Meetup,SOCIAL,79.13,23M,500.0,Free,0.0,Teen,Social,2018-08-02,3.10.26,4.4 and up
4.2,POF Free Dating App,SOCIAL,1175.815,Varies with device,5000.0,Free,0.0,Mature 17+,Social,2018-07-31,Varies with device,Varies with device
4.2,MeetMe: Chat & Meet New People,SOCIAL,1259.894,76M,5000.0,Free,0.0,Mature 17+,Social,2018-08-03,Varies with device,4.1 and up
4.1,"Tagged - Meet, Chat & Dating",SOCIAL,486.83,Varies with device,1000.0,Free,0.0,Mature 17+,Social,2018-06-21,Varies with device,Varies with device
4.0,LOVOO,SOCIAL,852.455,68M,1000.0,Free,0.0,Mature 17+,Social,2018-08-03,27,4.2 and up
4.3,"SKOUT - Meet, Chat, Go Live",SOCIAL,1064.076,Varies with device,5000.0,Free,0.0,Mature 17+,Social,2018-07-28,Varies with device,Varies with device
4.3,Badoo - Free Chat & Dating App,SOCIAL,3781.77,Varies with device,10000.0,Free,0.0,Mature 17+,Social,2018-08-02,Varies with device,Varies with device
4.4,"Jaumo Dating, Flirt & Live Video",SOCIAL,900.064,13M,1000.0,Free,0.0,Mature 17+,Social,2018-07-31,4.17.2,4.1 and up
4.4,"Mico- Stranger Chat Random video Chat, Live, Meet",SOCIAL,624.557,56M,1000.0,Free,0.0,Mature 17+,Social,2018-07-27,5.4.7.1,4.3 and up
4.2,"SayHi Chat, Meet New People",SOCIAL,423.138,Varies with device,1000.0,Free,0.0,Mature 17+,Social,2018-07-09,Varies with device,Varies with device
4.2,"Waplog - Free Chat, Dating App, Meet Singles",SOCIAL,522.018,Varies with device,1000.0,Free,0.0,Mature 17+,Social,2018-08-02,Varies with device,Varies with device
4.2,Meetup,SOCIAL,79.13,23M,500.0,Free,0.0,Teen,Social,2018-08-02,3.10.26,4.4 and up
4.0,Amazon for Tablets,SHOPPING,141.613,22M,1000.0,Free,0.0,Teen,Shopping,2018-07-31,16.14.0.850,4.4 and up
4.5,Wish - Shopping Made Fun,SHOPPING,6210.998,15M,10000.0,Free,0.0,Everyone,Shopping,2018-08-03,4.20.5,4.1 and up
4.6,OfferUp - Buy. Sell. Offer Up,SHOPPING,591.312,Varies with device,1000.0,Free,0.0,Everyone,Shopping,2018-08-03,Varies with device,Varies with device
4.3,Shopee - No. 1 Online Shopping,SHOPPING,94.294,30M,1000.0,Free,0.0,Everyone,Shopping,2018-07-23,2.25.17,4.1 and up
4.2,Shopee: No.1 Online Shopping,SHOPPING,608.753,30M,1000.0,Free,0.0,Everyone,Shopping,2018-07-23,2.25.17,4.1 and up
4.3,Kroger,SHOPPING,38.961,27M,500.0,Free,0.0,Everyone,Shopping,2018-08-02,14.2.1,5.0 and up
4.6,"AliExpress - Smarter Shopping, Better Living",SHOPPING,5916.606,Varies with device,10000.0,Free,0.0,Teen,Shopping,2018-08-06,Varies with device,Varies with device
4.4,Walmart,SHOPPING,441.473,Varies with device,1000.0,Free,0.0,Everyone,Shopping,2018-07-30,Varies with device,Varies with device
4.4,eBay: Buy & Sell this Summer - Discover Deals Now!,SHOPPING,2788.923,Varies with device,10000.0,Free,0.0,Teen,Shopping,2018-07-30,Varies with device,Varies with device
4.5,"letgo: Buy & Sell Used Stuff, Cars & Real Estate",SHOPPING,973.27,20M,5000.0,Free,0.0,Teen,Shopping,2018-08-06,2.4.9,4.1 and up
4.3,Amazon Shopping,SHOPPING,909.226,42M,10000.0,Free,0.0,Teen,Shopping,2018-07-31,16.14.0.100,4.4 and up
4.2,Lazada - Online Shopping & Deals,SHOPPING,1573.054,Varies with device,5000.0,Free,0.0,Everyone,Shopping,2018-08-02,Varies with device,4.2 and up
4.2,OLX - Buy and Sell,SHOPPING,857.923,18M,5000.0,Free,0.0,Everyone,Shopping,2018-07-31,11.7.3.0,4.1 and up
4.4,The wall,SHOPPING,35.563,4.2M,100.0,Free,0.0,Everyone,Shopping,2018-07-23,10.2.1,4.1 and up
4.6,Flipp - Weekly Shopping,SHOPPING,85.858,Varies with device,1000.0,Free,0.0,Everyone,Shopping,2018-07-30,Varies with device,Varies with device
4.2,"Shrimp skin shopping: spend less, buy better",SHOPPING,106.798,30M,500.0,Free,0.0,Everyone,Shopping,2018-07-23,2.25.17,4.1 and up
3.6,Lotte Home Shopping LOTTE Homeshopping,SHOPPING,8.82,33M,500.0,Free,0.0,Everyone,Shopping,2018-07-25,3.0.5,4.0.3 and up
4.5,"Horn, free country requirements",SHOPPING,37.186,7.9M,100.0,Free,0.0,Everyone,Shopping,2018-06-30,3.4.5,4.0 and up
4.4,Jiji.ng,SHOPPING,25.714,12M,100.0,Free,0.0,Everyone,Shopping,2018-07-24,3.8.2.2,4.0.3 and up
3.8,GS SHOP,SHOPPING,44.255,15M,1000.0,Free,0.0,Everyone,Shopping,2018-08-03,6.0.4,4.1 and up
4.7,The birth,SHOPPING,1084.945,Varies with device,5000.0,Free,0.0,Teen,Shopping,2018-08-03,Varies with device,Varies with device
3.6,CJmall,SHOPPING,18.252,10M,1000.0,Free,0.0,Everyone,Shopping,2018-08-06,6.3.8,4.1 and up
4.2,Home & Shopping - Only in apps. 10% off + 10% off,SHOPPING,42.75,9.9M,1000.0,Free,0.0,Everyone,Shopping,2018-08-04,2.8.7,4.1 and up
3.6,EHS Dongsen Shopping,SHOPPING,3.656,9.0M,100.0,Free,0.0,Teen,Shopping,2018-08-03,4.16.2,4.1 and up
4.3,bigbasket - online grocery,SHOPPING,216.741,Varies with device,500.0,Free,0.0,Everyone,Shopping,2018-08-06,4.6.0,4.1 and up
4.4,Bukalapak - Buy and Sell Online,SHOPPING,662.287,21M,1000.0,Free,0.0,Everyone,Shopping,2018-08-03,4.26.7,4.1 and up
4.5,Life market,SHOPPING,30.834,13M,100.0,Free,0.0,Everyone,Shopping,2018-07-17,3.2.6,4.0.3 and up
4.1,Jabong Online Shopping App,SHOPPING,367.29,11M,1000.0,Free,0.0,Everyone,Shopping,2018-07-20,4.9.3,4.0.3 and up
4.3,Family Dollar,SHOPPING,2.588,21M,100.0,Free,0.0,Everyone,Shopping,2018-07-23,2.4.0,4.1 and up
4.3,Jumia online shopping,SHOPPING,162.655,8.1M,1000.0,Free,0.0,Teen,Shopping,2018-07-10,4.7.1,4.4 and up
4.7,Mercado Libre: Find your favorite brands,SHOPPING,3860.225,Varies with device,5000.0,Free,0.0,Everyone,Shopping,2018-08-03,Varies with device,Varies with device
4.3,"Carousell: Snap-Sell, Chat-Buy",SHOPPING,125.783,Varies with device,1000.0,Free,0.0,Teen,Shopping,2018-08-06,Varies with device,Varies with device
4.2,Blibli.com Online Shopping,SHOPPING,171.584,12M,1000.0,Free,0.0,Everyone,Shopping,2018-07-26,4.9.5,4.2 and up
4.2,"Club Factory Everything, Unbeaten Price",SHOPPING,244.141,7.3M,1000.0,Free,0.0,Everyone,Shopping,2018-08-06,4.4.5,4.3 and up
4.3,"Real Estate, Car, Shopping and Others",SHOPPING,568.273,Varies with device,1000.0,Free,0.0,Everyone,Shopping,2018-08-04,Varies with device,Varies with device
4.2,ZALORA Fashion Shopping,SHOPPING,142.512,15M,1000.0,Free,0.0,Everyone,Shopping,2018-07-25,6.2.0,4.1 and up
4.3,Magazine Luiza Online Shopping,SHOPPING,109.124,22M,1000.0,Free,0.0,Everyone,Shopping,2018-08-02,3.11.1,4.1 and up
4.6,ROMWE - Women's Fashion,SHOPPING,135.043,11M,1000.0,Free,0.0,Everyone,Shopping,2018-07-30,4.0.2,4.2 and up
4.4,Buscapé - Offers and discounts,SHOPPING,108.592,8.3M,1000.0,Free,0.0,Everyone,Shopping,2018-07-24,4.7.5,4.1 and up
4.3,Myntra Online Shopping App,SHOPPING,1315.242,Varies with device,5000.0,Free,0.0,Everyone,Shopping,2018-07-21,3.27.1,4.1 and up
3.8,11st,SHOPPING,48.732,20M,1000.0,Free,0.0,Everyone,Shopping,2018-07-31,7.8.1,4.0 and up
4.6,Coupang,SHOPPING,308.234,38M,1000.0,Free,0.0,Everyone,Shopping,2018-08-02,5.3.0,4.0.3 and up
4.5,Wemep - Special price representative (special / shopping / shopping app / coupon / shipping),SHOPPING,178.497,9.1M,1000.0,Free,0.0,Everyone,Shopping,2018-08-02,4.33.0,4.0.3 and up
4.1,Target - now with Cartwheel,SHOPPING,68.406,24M,1000.0,Free,0.0,Everyone,Shopping,2018-07-25,6.25.0+1906001476,5.0 and up
4.4,Flipkart Online Shopping App,SHOPPING,6012.719,Varies with device,10000.0,Free,0.0,Teen,Shopping,2018-08-06,Varies with device,Varies with device
4.3,Sam's Club: Wholesale Shopping & Instant Savings,SHOPPING,45.362,Varies with device,500.0,Free,0.0,Everyone,Shopping,2018-07-20,Varies with device,Varies with device
3.8,Chilindo,SHOPPING,18.364,29M,100.0,Free,0.0,Everyone,Shopping,2018-08-04,29.14,4.2 and up
4.0,Rossmann PL,SHOPPING,15.867,Varies with device,500.0,Free,0.0,Everyone,Shopping,2018-08-06,Varies with device,4.0.3 and up
3.3,"Jingdong - pick good things, go to Jingdong",SHOPPING,9.189,98M,100.0,Free,0.0,Teen,Shopping,2018-08-01,7.0.14,4.0 and up
4.1,CheckPoints 🏆 Rewards App,SHOPPING,23.187,25M,100.0,Free,0.0,Everyone,Shopping,2018-06-21,4.89,4.3 and up
4.1,Extreme Coupon Finder,SHOPPING,11.798,Varies with device,100.0,Free,0.0,Everyone,Shopping,2018-05-10,Varies with device,Varies with device
4.1,Checkout 51: Grocery coupons,SHOPPING,52.896,Varies with device,1000.0,Free,0.0,Everyone,Shopping,2018-06-18,Varies with device,Varies with device
4.1,Gyft - Mobile Gift Card Wallet,SHOPPING,9.701,14M,50.0,Free,0.0,Everyone,Shopping,2018-07-25,2.4.0,4.4 and up
4.2,SavingStar - Grocery Coupons,SHOPPING,31.519,21M,100.0,Free,0.0,Everyone,Shopping,2018-06-12,4.9.1,4.0 and up
4.5,The Coupons App,SHOPPING,181.99,Varies with device,1000.0,Free,0.0,Everyone,Shopping,2018-04-27,Varies with device,Varies with device
4.3,"Shopkick: Free Gift Cards, Shop Rewards & Deals",SHOPPING,213.735,43M,1000.0,Free,0.0,Everyone,Shopping,2018-07-24,5.3.73,4.4 and up
4.5,Wish - Shopping Made Fun,SHOPPING,6211.039,15M,10000.0,Free,0.0,Everyone,Shopping,2018-08-03,4.20.5,4.1 and up
4.1,Key Ring: Cards Coupon & Sales,SHOPPING,42.871,23M,100.0,Free,0.0,Everyone,Shopping,2018-07-27,8.9.1,4.1 and up
4.5,"Ibotta: Cash Back Savings, Rewards & Coupons App",SHOPPING,315.908,52M,1000.0,Free,0.0,Everyone,Shopping,2018-08-01,5.21.1,4.1 and up
4.4,"RetailMeNot - Coupons, Deals & Discount Shopping",SHOPPING,210.208,Varies with device,1000.0,Free,0.0,Everyone,Shopping,2018-08-01,Varies with device,Varies with device
4.6,"Groupon - Shop Deals, Discounts & Coupons",SHOPPING,1370.749,Varies with device,5000.0,Free,0.0,Teen,Shopping,2018-08-03,Varies with device,Varies with device
4.5,"Kohl's: Scan, Shop, Pay & Save",SHOPPING,79.261,57M,500.0,Free,0.0,Everyone,Shopping,2018-08-03,7.36,4.4 and up
4.6,Stocard - Rewards Cards Wallet,SHOPPING,284.725,20M,1000.0,Free,0.0,Everyone,Shopping,2018-07-31,7.2.1,4.1 and up
4.7,Nike,SHOPPING,67.071,40M,100.0,Free,0.0,Everyone,Shopping,2018-08-01,2.24.0,4.4 and up
4.3,Poshmark - Buy & Sell Fashion,SHOPPING,46.153,17M,1000.0,Free,0.0,Everyone,Shopping,2018-08-04,2.124.01,4.4 and up
4.4,Mercari: The Selling App,SHOPPING,101.883,13M,1000.0,Free,0.0,Everyone,Shopping,2018-08-03,6.9.2,5.0 and up
4.1,Extreme Coupon Finder,SHOPPING,11.798,Varies with device,100.0,Free,0.0,Everyone,Shopping,2018-05-10,Varies with device,Varies with device
4.1,Checkout 51: Grocery coupons,SHOPPING,52.896,Varies with device,1000.0,Free,0.0,Everyone,Shopping,2018-06-18,Varies with device,Varies with device
4.5,The Coupons App,SHOPPING,181.99,Varies with device,1000.0,Free,0.0,Everyone,Shopping,2018-04-27,Varies with device,Varies with device
4.7,"Shopular: Coupons, Weekly Ads & Shopping Deals",SHOPPING,57.92,Varies with device,100.0,Free,0.0,Everyone,Shopping,2018-05-31,Varies with device,Varies with device
4.1,LivingSocial - Local Deals,SHOPPING,28.523,29M,500.0,Free,0.0,Everyone,Shopping,2018-08-03,18.10.157066,4.4 and up
4.2,Coupons.com – Grocery Coupons & Cash Back Savings,SHOPPING,24.953,Varies with device,100.0,Free,0.0,Everyone,Shopping,2018-06-21,Varies with device,Varies with device
4.5,"Ebates: Cash Back, Coupons, Rewards & Savings",SHOPPING,37.253,31M,100.0,Free,0.0,Everyone,Shopping,2018-08-03,4.31.2,4.4 and up
4.4,"RetailMeNot - Coupons, Deals & Discount Shopping",SHOPPING,210.208,Varies with device,1000.0,Free,0.0,Everyone,Shopping,2018-08-01,Varies with device,Varies with device
4.6,"Groupon - Shop Deals, Discounts & Coupons",SHOPPING,1370.749,Varies with device,5000.0,Free,0.0,Teen,Shopping,2018-08-03,Varies with device,Varies with device
4.2,FidMe Loyalty Cards & Deals at Grocery Supermarket,SHOPPING,33.758,Varies with device,100.0,Free,0.0,Everyone,Shopping,2018-08-06,Varies with device,Varies with device
4.6,Stocard - Rewards Cards Wallet,SHOPPING,284.721,20M,1000.0,Free,0.0,Everyone,Shopping,2018-07-31,7.2.1,4.1 and up
4.1,HauteLook,SHOPPING,7.193,7.3M,50.0,Free,0.0,Everyone,Shopping,2018-07-13,5.0.2,4.4 and up
4.1,Extreme Coupon Finder,SHOPPING,11.798,Varies with device,100.0,Free,0.0,Everyone,Shopping,2018-05-10,Varies with device,Varies with device
4.4,eBay: Buy & Sell this Summer - Discover Deals Now!,SHOPPING,2788.923,Varies with device,10000.0,Free,0.0,Teen,Shopping,2018-07-30,Varies with device,Varies with device
4.1,Checkout 51: Grocery coupons,SHOPPING,52.896,Varies with device,1000.0,Free,0.0,Everyone,Shopping,2018-06-18,Varies with device,Varies with device
4.6,Nordstrom,SHOPPING,2.278,12M,50.0,Free,0.0,Everyone,Shopping,2018-07-15,3.28.1.3.1359,4.4 and up
4.2,Modcloth – Unique Indie Women's Fashion & Style,SHOPPING,5.121,8.8M,50.0,Free,0.0,Everyone,Shopping,2018-07-13,9.0.30,4.1 and up
4.2,Fancy,SHOPPING,39.735,18M,500.0,Free,0.0,Teen,Shopping,2018-07-25,3.13.09,4.0 and up
4.1,Gyft - Mobile Gift Card Wallet,SHOPPING,9.701,14M,50.0,Free,0.0,Everyone,Shopping,2018-07-25,2.4.0,4.4 and up
4.3,"Shopkick: Free Gift Cards, Shop Rewards & Deals",SHOPPING,213.735,43M,1000.0,Free,0.0,Everyone,Shopping,2018-07-24,5.3.73,4.4 and up
4.2,Slice: Package Tracker,SHOPPING,16.966,34M,100.0,Free,0.0,Everyone,Shopping,2018-07-12,6.10.0,4.0.3 and up
4.5,The Coupons App,SHOPPING,181.99,Varies with device,1000.0,Free,0.0,Everyone,Shopping,2018-04-27,Varies with device,Varies with device
4.7,"Shopular: Coupons, Weekly Ads & Shopping Deals",SHOPPING,57.92,Varies with device,100.0,Free,0.0,Everyone,Shopping,2018-05-31,Varies with device,Varies with device
4.5,Wish - Shopping Made Fun,SHOPPING,6211.039,15M,10000.0,Free,0.0,Everyone,Shopping,2018-08-03,4.20.5,4.1 and up
4.3,"Carousell: Snap-Sell, Chat-Buy",SHOPPING,125.783,Varies with device,1000.0,Free,0.0,Teen,Shopping,2018-08-06,Varies with device,Varies with device
4.0,LightInTheBox Online Shopping,SHOPPING,41.986,26M,500.0,Free,0.0,Teen,Shopping,2018-08-06,3.69.0,4.1 and up
4.4,Walmart,SHOPPING,441.473,Varies with device,1000.0,Free,0.0,Everyone,Shopping,2018-07-30,Varies with device,Varies with device
4.4,Best Buy,SHOPPING,186.116,34M,500.0,Free,0.0,Everyone,Shopping,2018-08-03,11.6.0,4.4 and up
4.5,"Ibotta: Cash Back Savings, Rewards & Coupons App",SHOPPING,315.908,52M,1000.0,Free,0.0,Everyone,Shopping,2018-08-01,5.21.1,4.1 and up
4.6,"AliExpress - Smarter Shopping, Better Living",SHOPPING,5916.569,Varies with device,10000.0,Free,0.0,Teen,Shopping,2018-08-06,Varies with device,Varies with device
4.1,LivingSocial - Local Deals,SHOPPING,28.523,29M,500.0,Free,0.0,Everyone,Shopping,2018-08-03,18.10.157066,4.4 and up
4.5,zulily - Shop Daily Deals in Fashion and Home,SHOPPING,28.56,Varies with device,100.0,Free,0.0,Everyone,Shopping,2018-07-23,Varies with device,Varies with device
3.9,MiniInTheBox Online Shopping,SHOPPING,34.171,Varies with device,100.0,Free,0.0,Everyone,Shopping,2018-07-24,Varies with device,Varies with device
4.5,Zappos – Shoe shopping made simple,SHOPPING,44.588,20M,500.0,Free,0.0,Everyone,Shopping,2018-07-12,9.0.0,4.4 and up
4.2,Urban Outfitters,SHOPPING,4.158,23M,50.0,Free,0.0,Teen,Shopping,2018-07-02,2.8,4.0.3 and up
4.3,Tophatter - 90 Second Auctions,SHOPPING,105.773,Varies with device,1000.0,Free,0.0,Everyone,Shopping,2018-08-05,Varies with device,4.4 and up
4.3,Amazon Shopping,SHOPPING,909.204,42M,10000.0,Free,0.0,Teen,Shopping,2018-07-31,16.14.0.100,4.4 and up
4.4,Shopfully - Weekly Ads & Deals,SHOPPING,279.428,16M,1000.0,Free,0.0,Everyone,Shopping,2018-08-03,6.4.2,4.4 and up
4.5,Slickdeals: Coupons & Shopping,SHOPPING,33.583,12M,100.0,Free,0.0,Everyone,Shopping,2018-07-30,3.9,4.4 and up
4.6,Wanelo Shopping,SHOPPING,94.205,6.5M,100.0,Free,0.0,Everyone,Shopping,2018-06-13,5.6.8,4.4 and up
4.4,"RetailMeNot - Coupons, Deals & Discount Shopping",SHOPPING,210.208,Varies with device,1000.0,Free,0.0,Everyone,Shopping,2018-08-01,Varies with device,Varies with device
4.3,Etsy: Handmade & Vintage Goods,SHOPPING,95.52,15M,1000.0,Free,0.0,Teen,Shopping,2018-08-03,5.3.1,4.1 and up
4.3,Poshmark - Buy & Sell Fashion,SHOPPING,46.153,17M,1000.0,Free,0.0,Everyone,Shopping,2018-08-04,2.124.01,4.4 and up
4.1,Target - now with Cartwheel,SHOPPING,68.406,24M,1000.0,Free,0.0,Everyone,Shopping,2018-07-25,6.25.0+1906001476,5.0 and up
4.7,ASOS,SHOPPING,181.798,22M,1000.0,Free,0.0,Everyone,Shopping,2018-07-30,4.4.9,4.4 and up
4.4,"Overstock – Home Decor, Furniture Shopping",SHOPPING,25.719,Varies with device,100.0,Free,0.0,Teen,Shopping,2018-08-06,Varies with device,Varies with device
4.2,ZALORA Fashion Shopping,SHOPPING,142.512,15M,1000.0,Free,0.0,Everyone,Shopping,2018-07-25,6.2.0,4.1 and up
4.4,eBay: Buy & Sell this Summer - Discover Deals Now!,SHOPPING,2788.923,Varies with device,10000.0,Free,0.0,Teen,Shopping,2018-07-30,Varies with device,Varies with device
4.2,Fancy,SHOPPING,39.735,18M,500.0,Free,0.0,Teen,Shopping,2018-07-25,3.13.09,4.0 and up
4.2,Modcloth – Unique Indie Women's Fashion & Style,SHOPPING,5.121,8.8M,50.0,Free,0.0,Everyone,Shopping,2018-07-13,9.0.30,4.1 and up
4.1,Gyft - Mobile Gift Card Wallet,SHOPPING,9.701,14M,50.0,Free,0.0,Everyone,Shopping,2018-07-25,2.4.0,4.4 and up
4.1,LivingSocial - Local Deals,SHOPPING,28.523,29M,500.0,Free,0.0,Everyone,Shopping,2018-08-03,18.10.157066,4.4 and up
4.5,Zappos – Shoe shopping made simple,SHOPPING,44.588,20M,500.0,Free,0.0,Everyone,Shopping,2018-07-12,9.0.0,4.4 and up
4.6,Wanelo Shopping,SHOPPING,94.205,6.5M,100.0,Free,0.0,Everyone,Shopping,2018-06-13,5.6.8,4.4 and up
4.3,Etsy: Handmade & Vintage Goods,SHOPPING,95.52,15M,1000.0,Free,0.0,Teen,Shopping,2018-08-03,5.3.1,4.1 and up
4.6,"Groupon - Shop Deals, Discounts & Coupons",SHOPPING,1370.749,Varies with device,5000.0,Free,0.0,Teen,Shopping,2018-08-03,Varies with device,Varies with device
4.4,eBay: Buy & Sell this Summer - Discover Deals Now!,SHOPPING,2788.923,Varies with device,10000.0,Free,0.0,Teen,Shopping,2018-07-30,Varies with device,Varies with device
4.5,Receipt Hog - Receipts to Cash,SHOPPING,72.596,19M,100.0,Free,0.0,Teen,Shopping,2018-08-03,4.2.2,4.1 and up
4.1,ShopSavvy Barcode & QR Scanner,SHOPPING,110.425,27M,1000.0,Free,0.0,Everyone,Shopping,2018-06-18,13.6.4,4.0.3 and up
4.6,"AliExpress - Smarter Shopping, Better Living",SHOPPING,5917.485,Varies with device,10000.0,Free,0.0,Teen,Shopping,2018-08-06,Varies with device,Varies with device
4.5,Newegg Mobile,SHOPPING,35.497,16M,100.0,Free,0.0,Everyone,Shopping,2018-07-11,4.16.0,4.4 and up
4.4,REI – Shop Outdoor Gear,SHOPPING,3.878,8.8M,10.0,Free,0.0,Everyone,Shopping,2018-05-08,5.6.8,4.1 and up
4.5,Slickdeals: Coupons & Shopping,SHOPPING,33.583,12M,100.0,Free,0.0,Everyone,Shopping,2018-07-30,3.9,4.4 and up
4.1,Target - now with Cartwheel,SHOPPING,68.406,24M,1000.0,Free,0.0,Everyone,Shopping,2018-08-06,6.25.0+1906001476,5.0 and up
4.3,The Home Depot,SHOPPING,44.071,56M,500.0,Free,0.0,Everyone,Shopping,2018-07-19,5.1,4.4 and up
4.5,Wish - Shopping Made Fun,SHOPPING,6212.081,15M,10000.0,Free,0.0,Everyone,Shopping,2018-08-03,4.20.5,4.1 and up
4.2,Fancy,SHOPPING,39.735,18M,500.0,Free,0.0,Teen,Shopping,2018-07-25,3.13.09,4.0 and up
3.8,Boxed Wholesale,SHOPPING,6.38,Varies with device,100.0,Free,0.0,Everyone,Shopping,2018-08-02,Varies with device,Varies with device
4.5,La La-Shop Designer Brands Street,SHOPPING,5.123,14M,50.0,Free,0.0,Everyone,Shopping,2018-07-28,4.4.4,5.0 and up
4.7,ASOS,SHOPPING,181.823,22M,1000.0,Free,0.0,Everyone,Shopping,2018-07-30,4.4.9,4.4 and up
4.1,TouchNote: Cards & Gifts,PHOTOGRAPHY,19.232,28M,100.0,Free,0.0,Everyone,Photography,2018-08-06,7.4.2,4.4 and up
4.6,"Shutterfly: Free Prints, Photo Books, Cards, Gifts",PHOTOGRAPHY,98.716,59M,500.0,Free,0.0,Everyone,Photography,2018-08-01,5.13.1,5.0 and up
4.8,FreePrints – Free Photos Delivered,PHOTOGRAPHY,109.5,37M,100.0,Free,0.0,Everyone,Photography,2018-08-02,2.18.2,4.1 and up
4.7,"LALALAB prints your photos, photobooks and magnets",PHOTOGRAPHY,50.424,82M,100.0,Free,0.0,Everyone,Photography,2018-08-02,584,4.1 and up
4.1,Snapfish,PHOTOGRAPHY,32.398,28M,100.0,Free,0.0,Everyone,Photography,2018-08-01,9.6.4,4.4 and up
4.5,Google Photos,PHOTOGRAPHY,10858.556,Varies with device,100000.0,Free,0.0,Everyone,Photography,2018-08-06,Varies with device,Varies with device
4.5,HD Camera - Best Cam with filters & panorama,PHOTOGRAPHY,38.953,9.7M,500.0,Free,0.0,Everyone,Photography,2018-07-26,2.2.4,4.2 and up
4.7,"Face Filter, Selfie Editor - Sweet Camera",PHOTOGRAPHY,142.634,22M,1000.0,Free,0.0,Everyone,Photography,2018-07-06,1.5.1,4.4 and up
4.7,LightX Photo Editor & Photo Effects,PHOTOGRAPHY,259.45,17M,1000.0,Free,0.0,Everyone,Photography,2018-05-24,1.0.4,4.1 and up
4.5,"Sweet Snap - live filter, Selfie photo edit",PHOTOGRAPHY,123.029,Varies with device,1000.0,Free,0.0,Everyone,Photography,2018-08-02,Varies with device,4.0.3 and up
4.2,Adobe Photoshop Express:Photo Editor Collage Maker,PHOTOGRAPHY,914.804,Varies with device,5000.0,Free,0.0,Everyone,Photography,2018-07-22,5.0.508,4.4 and up
4.5,HD Camera - Quick Snap Photo & Video,PHOTOGRAPHY,21.841,7.7M,100.0,Free,0.0,Everyone,Photography,2018-07-24,1.6.4,4.2 and up
4.4,B612 - Beauty & Filter Camera,PHOTOGRAPHY,5282.578,Varies with device,10000.0,Free,0.0,Everyone,Photography,2018-07-30,7.6.5,4.3 and up
4.4,Huji Cam,PHOTOGRAPHY,40.289,19M,500.0,Free,0.0,Everyone,Photography,2018-07-11,2.2,5.0 and up
3.7,Unicorn Photo,PHOTOGRAPHY,3.362,Varies with device,100.0,Free,0.0,Everyone,Photography,2018-05-22,Varies with device,4.0 and up
4.3,HD Camera,PHOTOGRAPHY,49.68,8.7M,500.0,Free,0.0,Everyone,Photography,2018-07-11,1.8.5,4.2 and up
4.5,Makeup Editor -Beauty Photo Editor & Selfie Camera,PHOTOGRAPHY,3.378,30M,100.0,Free,0.0,Mature 17+,Photography,2018-07-25,1.7,4.1 and up
4.4,Makeup Photo Editor: Makeup Camera & Makeup Editor,PHOTOGRAPHY,10.525,25M,100.0,Free,0.0,Everyone,Photography,2018-07-27,8.9.9,4.0 and up
3.3,Moto Photo Editor,PHOTOGRAPHY,3.492,17M,500.0,Free,0.0,Everyone,Photography,2018-06-14,1.5.3.8,7.0 and up
4.4,Garden Photo Frames - Garden Photo Editor,PHOTOGRAPHY,1.864,13M,50.0,Free,0.0,Everyone,Photography,2018-05-03,22,4.0.3 and up
4.5,Photo Frame,PHOTOGRAPHY,74.476,23M,1000.0,Free,0.0,Everyone,Photography,2018-06-19,1.6,4.0 and up
4.4,Camera360 Lite - Selfie Camera,PHOTOGRAPHY,221.858,Varies with device,1000.0,Free,0.0,Everyone,Photography,2018-08-01,Varies with device,4.1 and up
4.2,Selfie Camera - Photo Editor & Filter & Sticker,PHOTOGRAPHY,401.82,Varies with device,5000.0,Free,0.0,Everyone,Photography,2018-04-27,Varies with device,Varies with device
4.5,"Sweet Snap Lite - live filter, Selfie photo editor",PHOTOGRAPHY,3.116,22M,50.0,Free,0.0,Everyone,Photography,2018-08-03,2.15.180,4.0.3 and up
4.7,"Selfie Camera: Beauty Camera, Photo Editor,Collage",PHOTOGRAPHY,31.985,9.1M,100.0,Free,0.0,Everyone,Photography,2018-08-06,1.7.14,4.2 and up
4.5,Night Photo Frame,PHOTOGRAPHY,4.4,8.3M,100.0,Free,0.0,Everyone,Photography,2018-07-28,2.0.1,4.0.3 and up
4.6,YouCam Makeup - Magic Selfie Makeovers,PHOTOGRAPHY,3337.956,Varies with device,10000.0,Free,0.0,Everyone,Photography,2018-08-06,Varies with device,Varies with device
4.6,Selfie Photo Editor,PHOTOGRAPHY,11.677,19M,100.0,Free,0.0,Everyone,Photography,2018-07-05,1.0.3,4.4 and up
4.4,BeautyPlus - Easy Photo Editor & Selfie Camera,PHOTOGRAPHY,3158.047,53M,10000.0,Free,0.0,Everyone,Photography,2018-07-31,6.9.031,4.1 and up
4.3,ASUS Gallery,PHOTOGRAPHY,125.259,Varies with device,5000.0,Free,0.0,Everyone,Photography,2018-08-02,Varies with device,Varies with device
4.3,My Photo Keyboard,PHOTOGRAPHY,56.114,17M,1000.0,Free,0.0,Everyone,Photography,2018-07-09,2.6,2.3 and up
4.6,Kids Photo Frames,PHOTOGRAPHY,15.7,10M,100.0,Free,0.0,Everyone,Photography,2018-07-07,2.3,4.0.3 and up
4.4,Pencil Photo Sketch-Sketching Drawing Photo Editor,PHOTOGRAPHY,16.523,Varies with device,100.0,Free,0.0,Everyone,Photography,2018-07-30,1.2.31,4.1 and up
4.5,"Pretty Makeup, Beauty Photo Editor & Snappy Camera",PHOTOGRAPHY,26.361,29M,500.0,Free,0.0,Everyone,Photography,2018-07-25,5.3,4.1 and up
4.2,DSLR Camera Hd Ultra Professional,PHOTOGRAPHY,4.41,4.5M,100.0,Free,0.0,Everyone,Photography,2018-06-27,4.1,4.0.3 and up
4.0,Snap Cat Face Camera,PHOTOGRAPHY,5.855,4.9M,100.0,Free,0.0,Everyone,Photography,2018-07-12,1.6,2.3 and up
4.4,Silent Camera [High Quality],PHOTOGRAPHY,47.09,Varies with device,500.0,Free,0.0,Everyone,Photography,2018-07-28,Varies with device,Varies with device
4.7,"Sweet Camera - Selfie Filters, Beauty Camera",PHOTOGRAPHY,233.039,24M,1000.0,Free,0.0,Everyone,Photography,2018-07-28,1.5.3,4.4 and up
4.3,Photo Frames,PHOTOGRAPHY,28.578,23M,1000.0,Free,0.0,Everyone,Photography,2018-07-28,6.21,4.0 and up
4.6,"Sweet Selfie - selfie camera, beauty cam, photo edit",PHOTOGRAPHY,1159.058,25M,10000.0,Free,0.0,Everyone,Photography,2018-08-03,2.73.672,4.0.3 and up
4.4,"Candy selfie - photo editor, live filter camera",PHOTOGRAPHY,53.421,26M,1000.0,Free,0.0,Everyone,Photography,2018-08-06,2.74.685,4.0.3 and up
4.5,YouCam Perfect - Selfie Photo Editor,PHOTOGRAPHY,1579.287,Varies with device,10000.0,Free,0.0,Everyone,Photography,2018-07-25,Varies with device,Varies with device
4.3,Open Camera,PHOTOGRAPHY,116.88,2.0M,1000.0,Free,0.0,Everyone,Photography,2018-04-23,1.43.3,4.0.3 and up
4.3,Beauty Makeup – Photo Makeover,PHOTOGRAPHY,21.73,19M,100.0,Free,0.0,Everyone,Photography,2018-05-23,1.6.0,4.0 and up
4.4,Blur Image Background Editor (Blur Photo Editor),PHOTOGRAPHY,62.421,9.6M,500.0,Free,0.0,Everyone,Photography,2018-07-28,2.4,4.1 and up
4.5,Google Photos,PHOTOGRAPHY,10858.538,Varies with device,100000.0,Free,0.0,Everyone,Photography,2018-08-06,Varies with device,Varies with device
4.3,Flickr,PHOTOGRAPHY,251.951,16M,1000.0,Free,0.0,Mature 17+,Photography,2018-07-11,4.7.3,4.4 and up
4.6,"Shutterfly: Free Prints, Photo Books, Cards, Gifts",PHOTOGRAPHY,98.716,59M,500.0,Free,0.0,Everyone,Photography,2018-08-01,5.13.1,5.0 and up
4.4,B612 - Beauty & Filter Camera,PHOTOGRAPHY,5282.558,Varies with device,10000.0,Free,0.0,Everyone,Photography,2018-07-30,7.6.5,4.3 and up
4.4,BeautyPlus - Easy Photo Editor & Selfie Camera,PHOTOGRAPHY,3157.936,53M,10000.0,Free,0.0,Everyone,Photography,2018-07-31,6.9.031,4.1 and up
4.3,Photo Editor-,PHOTOGRAPHY,68.07,Varies with device,500.0,Free,0.0,Everyone,Photography,2018-05-05,Varies with device,Varies with device
4.4,"Cymera Camera- Photo Editor, Filter,Collage,Layout",PHOTOGRAPHY,2418.135,Varies with device,10000.0,Free,0.0,Everyone,Photography,2018-07-12,Varies with device,Varies with device
4.2,Wondershare PowerCam,PHOTOGRAPHY,329.16,27M,1000.0,Free,0.0,Everyone,Photography,2018-05-29,3.1.8.180529,2.3 and up
4.5,YouCam Perfect - Selfie Photo Editor,PHOTOGRAPHY,1579.287,Varies with device,10000.0,Free,0.0,Everyone,Photography,2018-07-25,Varies with device,Varies with device
4.3,love,PHOTOGRAPHY,42.677,22M,100.0,Free,0.0,Everyone,Photography,2018-06-15,1.28,4.0.3 and up
4.3,InstaSize Photo Filters & Collage Editor,PHOTOGRAPHY,811.693,50M,5000.0,Free,0.0,Everyone,Photography,2018-08-02,4.0.26,4.4 and up
4.1,"KVAD Camera +: Selfie, Photo Filter, Grids",PHOTOGRAPHY,23.44,30M,100.0,Free,0.0,Everyone,Photography,2018-07-11,1.8.2,4.0 and up
4.4,"Candy Camera - selfie, beauty camera, photo editor",PHOTOGRAPHY,3368.649,Varies with device,10000.0,Free,0.0,Everyone,Photography,2018-07-16,4.47,4.0.3 and up
4.3,Camera360: Selfie Photo Editor with Funny Sticker,PHOTOGRAPHY,4865.093,51M,10000.0,Free,0.0,Everyone,Photography,2018-08-06,9.3.1,4.0.3 and up
4.1,RetroSelfie - Selfie Editor,PHOTOGRAPHY,106.08,35M,1000.0,Free,0.0,Everyone,Photography,2018-06-27,6.1.6,4.1 and up
3.9,Blur Image Background,PHOTOGRAPHY,129.272,11M,1000.0,Free,0.0,Everyone,Photography,2018-07-30,1.32,4.1 and up
4.4,MIX by Camera360,PHOTOGRAPHY,111.066,74M,500.0,Free,0.0,Everyone,Photography,2018-08-03,4.8.7,4.0.3 and up
4.4,Facetune - For Free,PHOTOGRAPHY,49.553,48M,100.0,Paid,5.99,Everyone,Photography,2018-07-25,1.3.1,4.1 and up
4.5,Google Photos,PHOTOGRAPHY,10859.051,Varies with device,100000.0,Free,0.0,Everyone,Photography,2018-08-06,Varies with device,Varies with device
4.3,Flickr,PHOTOGRAPHY,251.951,16M,1000.0,Free,0.0,Mature 17+,Photography,2018-07-11,4.7.3,4.4 and up
4.6,"Shutterfly: Free Prints, Photo Books, Cards, Gifts",PHOTOGRAPHY,98.716,59M,500.0,Free,0.0,Everyone,Photography,2018-08-01,5.13.1,5.0 and up
4.2,Cameringo Lite. Filters Camera,PHOTOGRAPHY,140.917,5.7M,1000.0,Free,0.0,Everyone,Photography,2018-06-11,2.2.93,4.0 and up
4.1,HD Camera for Android,PHOTOGRAPHY,351.254,4.0M,1000.0,Free,0.0,Everyone,Photography,2018-06-29,4.6.0.0,4.2 and up
4.0,GoPro (formerly Capture),PHOTOGRAPHY,157.506,47M,1000.0,Free,0.0,Everyone,Photography,2018-05-24,4.5.2,5.0 and up
4.3,Open Camera,PHOTOGRAPHY,116.88,2.0M,1000.0,Free,0.0,Everyone,Photography,2018-04-23,1.43.3,4.0.3 and up
4.5,Beauty Makeup Snappy Collage Photo Editor - Lidow,PHOTOGRAPHY,420.973,Varies with device,1000.0,Free,0.0,Everyone,Photography,2018-08-02,Varies with device,Varies with device
4.0,Samsung SMART CAMERA App,PHOTOGRAPHY,34.753,22M,100.0,Free,0.0,Everyone,Photography,2018-07-03,1.4.0_180703,4.2 and up
4.4,Square InPic - Photo Editor & Collage Maker,PHOTOGRAPHY,635.846,14M,5000.0,Free,0.0,Everyone,Photography,2018-05-23,4.2.14,4.0 and up
4.4,"Cymera Camera- Photo Editor, Filter,Collage,Layout",PHOTOGRAPHY,2418.135,Varies with device,10000.0,Free,0.0,Everyone,Photography,2018-07-12,Varies with device,Varies with device
4.3,Camera MX - Free Photo & Video Camera,PHOTOGRAPHY,244.371,Varies with device,1000.0,Free,0.0,Everyone,Photography,2018-07-05,Varies with device,Varies with device
4.2,EyeEm - Camera & Photo Filter,PHOTOGRAPHY,215.343,44M,1000.0,Free,0.0,Everyone,Photography,2018-07-14,6.4.3,4.0.3 and up
4.3,Retrica,PHOTOGRAPHY,6120.977,Varies with device,10000.0,Free,0.0,Everyone,Photography,2018-06-28,6.1.0,Varies with device
4.4,"Candy Camera - selfie, beauty camera, photo editor",PHOTOGRAPHY,3368.646,Varies with device,10000.0,Free,0.0,Everyone,Photography,2018-07-16,4.47,4.0.3 and up
4.4,VSCO,PHOTOGRAPHY,753.115,Varies with device,5000.0,Free,0.0,Everyone,Photography,2018-08-03,71,4.4 and up
4.3,Camera360: Selfie Photo Editor with Funny Sticker,PHOTOGRAPHY,4865.107,51M,10000.0,Free,0.0,Everyone,Photography,2018-08-06,9.3.1,4.0.3 and up
4.4,Facetune - For Free,PHOTOGRAPHY,49.553,48M,100.0,Paid,5.99,Everyone,Photography,2018-07-25,1.3.1,4.1 and up
4.4,PhotoWonder: Pro Beauty Photo Editor Collage Maker,PHOTOGRAPHY,852.649,43M,5000.0,Free,0.0,Teen,Photography,2018-06-26,4.1.0.1,4.2 and up
4.6,No Crop & Square for Instagram,PHOTOGRAPHY,819.774,25M,1000.0,Free,0.0,Everyone,Photography,2018-06-26,4.2.3,4.0 and up
4.1,HD Camera for Android,PHOTOGRAPHY,351.255,4.0M,1000.0,Free,0.0,Everyone,Photography,2018-06-29,4.6.0.0,4.2 and up
4.2,Photo Studio,PHOTOGRAPHY,477.831,51M,1000.0,Free,0.0,Everyone,Photography,2018-07-28,2.0.17.9,4.0 and up
4.6,YouCam Makeup - Magic Selfie Makeovers,PHOTOGRAPHY,3337.952,Varies with device,10000.0,Free,0.0,Everyone,Photography,2018-08-06,Varies with device,Varies with device
4.3,Photo Editor-,PHOTOGRAPHY,68.071,Varies with device,500.0,Free,0.0,Everyone,Photography,2018-05-05,Varies with device,Varies with device
4.2,Pic Stitch - #1 Collage Maker,PHOTOGRAPHY,15.426,50M,100.0,Free,0.0,Everyone,Photography,2018-07-24,3.8.3,5.1 and up
4.6,PhotoDirector Photo Editor App,PHOTOGRAPHY,714.34,Varies with device,1000.0,Free,0.0,Everyone,Photography,2018-07-28,Varies with device,Varies with device
4.6,Pic Collage - Photo Editor,PHOTOGRAPHY,1451.0,Varies with device,5000.0,Free,0.0,Everyone,Photography,2018-07-19,Varies with device,Varies with device
4.4,Photo Editor by Aviary,PHOTOGRAPHY,1490.732,21M,5000.0,Free,0.0,Everyone,Photography,2018-07-19,4.8.4,4.1 and up
4.7,"Video Editor Music,Cut,No Crop",PHOTOGRAPHY,2163.282,Varies with device,5000.0,Free,0.0,Everyone,Photography,2018-07-10,Varies with device,Varies with device
4.4,Pixlr – Free Photo Editor,PHOTOGRAPHY,1163.232,31M,5000.0,Free,0.0,Everyone,Photography,2018-07-20,3.4.0,4.0.3 and up
4.3,Photo Collage Maker,PHOTOGRAPHY,751.766,Varies with device,1000.0,Free,0.0,Everyone,Photography,2018-05-10,Varies with device,Varies with device
4.4,"Cymera Camera- Photo Editor, Filter,Collage,Layout",PHOTOGRAPHY,2418.158,Varies with device,10000.0,Free,0.0,Everyone,Photography,2018-07-12,Varies with device,Varies with device
4.2,Adobe Photoshop Express:Photo Editor Collage Maker,PHOTOGRAPHY,914.917,Varies with device,5000.0,Free,0.0,Everyone,Photography,2018-07-22,5.0.508,4.4 and up
4.4,BeautyPlus - Easy Photo Editor & Selfie Camera,PHOTOGRAPHY,3158.151,53M,10000.0,Free,0.0,Everyone,Photography,2018-07-31,6.9.031,4.1 and up
4.5,PicsArt Photo Studio: Collage Maker & Pic Editor,PHOTOGRAPHY,7594.559,34M,10000.0,Free,0.0,Teen,Photography,2018-08-06,9.40.3,4.0.3 and up
3.8,Color Touch Effects,PHOTOGRAPHY,167.652,12M,1000.0,Free,0.0,Everyone,Photography,2018-04-23,4.5,4.1 and up
4.3,InstaSize Photo Filters & Collage Editor,PHOTOGRAPHY,811.714,50M,5000.0,Free,0.0,Everyone,Photography,2018-08-02,4.0.26,4.4 and up
4.4,"Z Camera - Photo Editor, Beauty Selfie, Collage",PHOTOGRAPHY,1075.277,47M,10000.0,Free,0.0,Mature 17+,Photography,2018-08-03,4.21,4.1 and up
4.6,"PhotoGrid: Video & Pic Collage Maker, Photo Editor",PHOTOGRAPHY,7529.865,Varies with device,10000.0,Free,0.0,Everyone,Photography,2018-08-06,6.71,Varies with device
4.4,"Candy Camera - selfie, beauty camera, photo editor",PHOTOGRAPHY,3368.705,Varies with device,10000.0,Free,0.0,Everyone,Photography,2018-07-16,4.47,4.0.3 and up
4.5,YouCam Perfect - Selfie Photo Editor,PHOTOGRAPHY,1579.343,Varies with device,10000.0,Free,0.0,Everyone,Photography,2018-07-25,Varies with device,Varies with device
4.2,Pixgram- video photo slideshow,PHOTOGRAPHY,93.726,9.2M,500.0,Free,0.0,Everyone,Photography,2018-07-08,2.0.18,4.3 and up
4.5,Fotor Photo Editor - Photo Collage & Photo Effects,PHOTOGRAPHY,597.068,Varies with device,1000.0,Free,0.0,Everyone,Photography,2018-07-09,Varies with device,Varies with device
4.5,Snapseed,PHOTOGRAPHY,823.109,Varies with device,5000.0,Free,0.0,Everyone,Photography,2018-06-29,2.19.0.201907232,4.4 and up
4.3,Camera360: Selfie Photo Editor with Funny Sticker,PHOTOGRAPHY,4865.132,51M,10000.0,Free,0.0,Everyone,Photography,2018-08-06,9.3.1,4.0.3 and up
4.4,Facetune - For Free,PHOTOGRAPHY,49.553,48M,100.0,Paid,5.99,Everyone,Photography,2018-07-25,1.3.1,4.1 and up
4.6,"Shutterfly: Free Prints, Photo Books, Cards, Gifts",PHOTOGRAPHY,98.717,59M,500.0,Free,0.0,Everyone,Photography,2018-08-01,5.13.1,5.0 and up
4.4,BeautyPlus - Easy Photo Editor & Selfie Camera,PHOTOGRAPHY,3158.151,53M,10000.0,Free,0.0,Everyone,Photography,2018-07-31,6.9.031,4.1 and up
4.5,"Meitu – Beauty Cam, Easy Photo Editor",PHOTOGRAPHY,462.702,45M,1000.0,Free,0.0,Everyone,Photography,2018-08-01,8.1.0.6,4.3 and up
4.2,ESPN,SPORTS,521.138,Varies with device,1000.0,Free,0.0,Everyone 10+,Sports,2018-07-19,Varies with device,5.0 and up
4.3,Free Sports TV,SPORTS,1.802,9.8M,10.0,Free,0.0,Everyone,Sports,2018-06-21,1.4,4.0.3 and up
4.4,LiveScore: Live Sport Updates,SPORTS,283.662,Varies with device,1000.0,Free,0.0,Everyone,Sports,2018-06-15,Varies with device,4.1 and up
4.2,MLB At Bat,SPORTS,82.882,Varies with device,500.0,Free,0.0,Everyone,Sports,2018-07-30,Varies with device,Varies with device
4.1,NFL,SPORTS,459.795,Varies with device,5000.0,Free,0.0,Everyone,Sports,2018-08-02,Varies with device,Varies with device
4.4,"theScore: Live Sports Scores, News, Stats & Videos",SPORTS,133.825,34M,1000.0,Free,0.0,Everyone 10+,Sports,2018-07-25,6.17.2,4.4 and up
4.7,Onefootball - Soccer Scores,SPORTS,911.995,20M,1000.0,Free,0.0,Everyone,Sports,2018-08-01,10.8.1.330,4.4 and up
4.6,Cristiano Ronaldo Wallpaper,SPORTS,1.733,19M,50.0,Free,0.0,Everyone,Sports,2018-07-17,2.1,4.1 and up
4.2,"FIFA - Tournaments, Soccer News & Live Scores",SPORTS,342.909,6.0M,1000.0,Free,0.0,Everyone,Sports,2018-08-03,4.3.1,4.4 and up
4.3,kicker football news,SPORTS,56.27,15M,500.0,Free,0.0,Everyone,Sports,2018-08-03,5.4.2,5.0 and up
4.5,Football Live Scores,SPORTS,107.724,6.5M,500.0,Free,0.0,Everyone,Sports,2018-07-31,1004,4.0 and up
4.6,Pro 2018 - Series A and B,SPORTS,101.455,6.2M,500.0,Free,0.0,Everyone,Sports,2018-08-03,2.24.2.0,4.0.3 and up
4.5,BeSoccer - Soccer Live Score,SPORTS,152.78,Varies with device,1000.0,Free,0.0,Everyone,Sports,2018-07-18,Varies with device,Varies with device
4.4,Sport.pl LIVE,SPORTS,21.733,Varies with device,100.0,Free,0.0,Mature 17+,Sports,2018-06-29,Varies with device,Varies with device
4.7,FotMob - Live Soccer Scores,SPORTS,410.384,Varies with device,1000.0,Free,0.0,Everyone,Sports,2018-07-31,Varies with device,Varies with device
4.2,Yahoo Fantasy Sports - #1 Rated Fantasy App,SPORTS,277.902,Varies with device,500.0,Free,0.0,Mature 17+,Sports,2018-08-02,Varies with device,Varies with device
4.3,"CBS Sports App - Scores, News, Stats & Watch Live",SPORTS,91.031,Varies with device,500.0,Free,0.0,Everyone,Sports,2018-08-04,Varies with device,5.0 and up
4.2,"The Team - Live Sport: football, tennis, rugby ..",SPORTS,112.725,Varies with device,500.0,Free,0.0,Everyone,Sports,2018-07-31,Varies with device,Varies with device
3.9,MARCA - Sports Leader Diary,SPORTS,76.346,14M,500.0,Free,0.0,Everyone,Sports,2018-07-25,6.3.3,4.1 and up
3.9,Sahadan Live Scores,SPORTS,63.938,Varies with device,500.0,Free,0.0,Everyone,Sports,2018-08-06,Varies with device,Varies with device
4.2,BBC Sport,SPORTS,18.678,Varies with device,100.0,Free,0.0,Everyone,Sports,2018-04-25,Varies with device,Varies with device
4.3,"Foot Mercato: transfers, results, news, live",SPORTS,39.878,6.1M,100.0,Free,0.0,Everyone,Sports,2018-07-28,3.6.7,4.1 and up
4.6,All Football - Latest News & Videos,SPORTS,152.867,17M,1000.0,Free,0.0,Everyone,Sports,2018-08-03,3.0.5,4.1 and up
4.3,Premier League - Official App,SPORTS,63.58,24M,500.0,Free,0.0,Everyone,Sports,2018-07-20,1.1.5,4.1 and up
4.0,Eurosport,SPORTS,121.003,Varies with device,1000.0,Free,0.0,Everyone,Sports,2018-08-06,Varies with device,Varies with device
4.0,beIN SPORTS TR,SPORTS,135.763,13M,1000.0,Free,0.0,Everyone,Sports,2018-08-02,1.5.13,4.1 and up
4.6,"All Football GO- Live Score, Games",SPORTS,1.981,10M,10.0,Free,0.0,Everyone,Sports,2018-06-21,2.9.9go,4.1 and up
4.2,GollerCepte Live Score,SPORTS,9.992,31M,100.0,Free,0.0,Everyone,Sports,2018-05-23,6.5,4.1 and up
4.3,Championat,SPORTS,36.49,Varies with device,100.0,Free,0.0,Everyone,Sports,2018-07-25,Varies with device,Varies with device
4.4,"Bleacher Report: sports news, scores, & highlights",SPORTS,122.282,Varies with device,500.0,Free,0.0,Everyone 10+,Sports,2018-07-20,Varies with device,Varies with device
4.6,World Cup 2018,SPORTS,4.011,2.6M,50.0,Free,0.0,Teen,Sports,2018-07-01,1.0.16,2.3 and up
4.7,GollerCepte 1903,SPORTS,25.172,30M,50.0,Free,0.0,Everyone,Sports,2018-05-23,5.5,4.1 and up
4.3,League18,SPORTS,14.123,13M,50.0,Free,0.0,Everyone,Sports,2018-08-01,4.0.0,4.0 and up
4.0,Speed Boat Racing,SPORTS,2.487,27M,100.0,Free,0.0,Everyone,Sports,2018-08-03,12,4.0.3 and up
4.5,La Liga - Spanish Soccer League Official,SPORTS,180.938,29M,1000.0,Free,0.0,Everyone,Sports,2018-07-24,6.4.8,4.0.3 and up
4.4,Goal Live Scores,SPORTS,232.423,35M,500.0,Free,0.0,Everyone,Sports,2018-06-11,4.2.2,4.0.3 and up
4.8,The 5th Stand,SPORTS,1.664,17M,10.0,Free,0.0,Everyone,Sports,2018-07-31,1.2.677,4.4 and up
3.3,NUsport,SPORTS,1.391,Varies with device,10.0,Free,0.0,Everyone,Sports,2018-05-04,Varies with device,Varies with device
4.3,U + professional baseball,SPORTS,2.486,18M,50.0,Free,0.0,Everyone,Sports,2018-07-30,06.11.00,4.4 and up
3.9,Mackolik Live Results,SPORTS,188.834,Varies with device,1000.0,Free,0.0,Everyone,Sports,2018-07-24,Varies with device,Varies with device
3.9,MLB Ballpark,SPORTS,5.51,32M,100.0,Free,0.0,Everyone,Sports,2018-07-16,7.3.0,4.2 and up
4.4,MUTV - Manchester United TV,SPORTS,4.549,24M,50.0,Free,0.0,Everyone,Sports,2018-08-01,2.4.0,4.1 and up
4.3,"CBS Sports App - Scores, News, Stats & Watch Live",SPORTS,91.031,Varies with device,500.0,Free,0.0,Everyone,Sports,2018-08-04,Varies with device,5.0 and up
4.4,"Hole19: Golf GPS App, Rangefinder & Scorecard",SPORTS,6.106,Varies with device,10.0,Free,0.0,Everyone,Sports,2018-08-01,Varies with device,Varies with device
4.2,Yahoo Fantasy Sports - #1 Rated Fantasy App,SPORTS,277.9,Varies with device,500.0,Free,0.0,Mature 17+,Sports,2018-08-02,Varies with device,Varies with device
4.2,ESPN,SPORTS,521.138,Varies with device,1000.0,Free,0.0,Everyone 10+,Sports,2018-07-19,Varies with device,5.0 and up
4.1,NFL,SPORTS,459.795,Varies with device,5000.0,Free,0.0,Everyone,Sports,2018-08-02,Varies with device,Varies with device
4.4,"Bleacher Report: sports news, scores, & highlights",SPORTS,122.282,Varies with device,500.0,Free,0.0,Everyone 10+,Sports,2018-07-20,Varies with device,Varies with device
4.4,"theScore: Live Sports Scores, News, Stats & Videos",SPORTS,133.825,34M,1000.0,Free,0.0,Everyone 10+,Sports,2018-07-25,6.17.2,4.4 and up
4.3,"CBS Sports App - Scores, News, Stats & Watch Live",SPORTS,91.031,Varies with device,500.0,Free,0.0,Everyone,Sports,2018-08-04,Varies with device,5.0 and up
4.0,CBS Sports Fantasy,SPORTS,43.611,27M,100.0,Free,0.0,Everyone,Sports,2018-06-27,3.17.0+3,5.0 and up
4.2,ESPN,SPORTS,521.138,Varies with device,1000.0,Free,0.0,Everyone 10+,Sports,2018-07-19,Varies with device,5.0 and up
4.2,MLB At Bat,SPORTS,82.882,Varies with device,500.0,Free,0.0,Everyone,Sports,2018-07-30,Varies with device,Varies with device
4.3,"CBS Sports App - Scores, News, Stats & Watch Live",SPORTS,91.031,Varies with device,500.0,Free,0.0,Everyone,Sports,2018-08-04,Varies with device,5.0 and up
3.1,NBC Sports,SPORTS,78.442,25M,500.0,Free,0.0,Everyone,Sports,2018-06-22,5.12.4,4.1 and up
2.9,NBC Sports Gold,SPORTS,3.017,24M,10.0,Free,0.0,Everyone,Sports,2018-07-02,3.7,4.1 and up
4.0,UFC,SPORTS,30.84,Varies with device,100.0,Free,0.0,Teen,Sports,2018-05-22,Varies with device,Varies with device
4.5,Telemundo Deportes - Live,SPORTS,36.255,25M,100.0,Free,0.0,Everyone,Sports,2018-08-01,5.10.5,4.1 and up
4.1,Golf Channel,SPORTS,19.23,88M,100.0,Free,0.0,Everyone,Sports,2018-05-30,4.5.19.56,4.1 and up
4.5,"GolfNow: Tee Time Deals at Golf Courses, Golf GPS",SPORTS,26.102,Varies with device,100.0,Free,0.0,Everyone,Sports,2018-05-03,Varies with device,Varies with device
4.6,Golf GPS by SwingxSwing,SPORTS,37.167,Varies with device,100.0,Free,0.0,Everyone,Sports,2018-07-30,Varies with device,4.4 and up
4.4,Zepp Golf Swing Analyzer,SPORTS,2.02,84M,10.0,Free,0.0,Everyone,Sports,2018-05-24,4.4.0,5.0 and up
4.3,Golfshot: Golf GPS + Tee Times,SPORTS,7.543,25M,50.0,Free,0.0,Everyone,Sports,2018-07-11,1.31.0,4.1 and up
4.6,Golf GPS Rangefinder: Golf Pad,SPORTS,13.098,Varies with device,100.0,Free,0.0,Everyone,Sports,2018-07-28,Varies with device,Varies with device
4.2,Mobitee GPS Golf Free,SPORTS,1.904,9.9M,10.0,Free,0.0,Everyone,Sports,2018-06-11,2.0.22,2.3 and up
4.4,"Hole19: Golf GPS App, Rangefinder & Scorecard",SPORTS,6.106,Varies with device,10.0,Free,0.0,Everyone,Sports,2018-08-01,Varies with device,Varies with device
4.0,GolfLogix GPS + Putt Breaks,SPORTS,11.085,61M,100.0,Free,0.0,Everyone,Sports,2018-06-21,8.9.3,4.0.3 and up
4.0,PGA TOUR,SPORTS,11.151,52M,100.0,Free,0.0,Everyone,Sports,2018-06-27,2018.6,5.0 and up
4.6,FanDuel: Daily Fantasy Sports,SPORTS,29.673,57M,100.0,Free,0.0,Mature 17+,Sports,2018-08-06,2.46.1,5.0 and up
4.2,Yahoo Fantasy Sports - #1 Rated Fantasy App,SPORTS,277.904,Varies with device,500.0,Free,0.0,Mature 17+,Sports,2018-08-02,Varies with device,Varies with device
4.5,DraftKings - Daily Fantasy Sports,SPORTS,50.017,41M,100.0,Free,0.0,Adults only 18+,Sports,2018-07-24,3.21.324,4.4 and up
4.4,Fantasy Football Manager (FPL),SPORTS,63.65,4.6M,100.0,Free,0.0,Everyone,Sports,2018-08-03,7.0.2,4.1 and up
3.5,Fantasy Football,SPORTS,50.179,23M,100.0,Free,0.0,Everyone,Sports,2018-08-02,2.5.7.1,5.0 and up
4.0,CBS Sports Fantasy,SPORTS,43.611,27M,100.0,Free,0.0,Everyone,Sports,2018-06-27,3.17.0+3,5.0 and up
4.2,ESPN,SPORTS,521.14,Varies with device,1000.0,Free,0.0,Everyone 10+,Sports,2018-07-19,Varies with device,5.0 and up
4.0,US Open Tennis Championships 2018,SPORTS,9.971,33M,100.0,Free,0.0,Everyone,Sports,2018-06-05,7.1,5.0 and up
4.4,"Bleacher Report: sports news, scores, & highlights",SPORTS,122.283,Varies with device,500.0,Free,0.0,Everyone 10+,Sports,2018-07-20,Varies with device,Varies with device
4.6,Tennis Temple - Live Scores,SPORTS,5.305,Varies with device,10.0,Free,0.0,Everyone,Sports,2018-05-18,Varies with device,Varies with device
4.3,"The Championships, Wimbledon 2018",SPORTS,24.082,95M,100.0,Free,0.0,Everyone,Sports,2018-07-04,6.5,4.4 and up
4.4,"theScore: Live Sports Scores, News, Stats & Videos",SPORTS,133.833,34M,1000.0,Free,0.0,Everyone 10+,Sports,2018-07-25,6.17.2,4.4 and up
4.3,"CBS Sports App - Scores, News, Stats & Watch Live",SPORTS,91.033,Varies with device,500.0,Free,0.0,Everyone,Sports,2018-08-04,Varies with device,5.0 and up
4.5,"Yahoo Sports - scores, stats, news, & highlights",SPORTS,32.386,19M,100.0,Free,0.0,Everyone,Sports,2018-08-01,7.8.0,5.1 and up
4.2,ESPN,SPORTS,521.14,Varies with device,1000.0,Free,0.0,Everyone 10+,Sports,2018-07-19,Varies with device,5.0 and up
4.4,"Bleacher Report: sports news, scores, & highlights",SPORTS,122.283,Varies with device,500.0,Free,0.0,Everyone 10+,Sports,2018-07-20,Varies with device,Varies with device
4.2,MLB At Bat,SPORTS,82.883,Varies with device,500.0,Free,0.0,Everyone,Sports,2018-07-30,Varies with device,Varies with device
4.4,"theScore: Live Sports Scores, News, Stats & Videos",SPORTS,133.833,34M,1000.0,Free,0.0,Everyone 10+,Sports,2018-07-25,6.17.2,4.4 and up
4.3,"CBS Sports App - Scores, News, Stats & Watch Live",SPORTS,91.033,Varies with device,500.0,Free,0.0,Everyone,Sports,2018-08-04,Varies with device,5.0 and up
4.5,MSN Sports - Scores & Schedule,SPORTS,35.394,21M,50.0,Free,0.0,Everyone,Sports,2018-07-05,1.2.0,4.2 and up
4.5,"Yahoo Sports - scores, stats, news, & highlights",SPORTS,32.386,19M,100.0,Free,0.0,Everyone,Sports,2018-08-01,7.8.0,5.1 and up
4.0,"FOX Sports: Live Streaming, Scores & News",SPORTS,28.895,82M,500.0,Free,0.0,Teen,Sports,2018-08-02,4.4.15,5.0 and up
4.7,FotMob - Live Soccer Scores,SPORTS,410.395,Varies with device,1000.0,Free,0.0,Everyone,Sports,2018-07-31,Varies with device,Varies with device
4.6,Sports Alerts - NFL edition,SPORTS,11.549,Varies with device,10.0,Free,0.0,Everyone,Sports,2018-07-07,Varies with device,Varies with device
4.2,Yahoo Fantasy Sports - #1 Rated Fantasy App,SPORTS,277.904,Varies with device,500.0,Free,0.0,Mature 17+,Sports,2018-08-02,Varies with device,Varies with device
4.2,ESPN,SPORTS,521.14,Varies with device,1000.0,Free,0.0,Everyone 10+,Sports,2018-07-19,Varies with device,5.0 and up
4.1,NFL,SPORTS,459.797,Varies with device,5000.0,Free,0.0,Everyone,Sports,2018-08-02,Varies with device,Varies with device
3.5,SportsManias Fantasy Team News,SPORTS,4.057,26M,50.0,Free,0.0,Everyone,Sports,2018-05-10,3.2.12,4.0.3 and up
3.9,NCAA Sports,SPORTS,4.272,16M,50.0,Free,0.0,Everyone,Sports,2018-04-23,3.0.13,4.1 and up
4.0,US Open Tennis Championships 2018,SPORTS,9.971,33M,100.0,Free,0.0,Everyone,Sports,2018-06-05,7.1,5.0 and up
4.4,"Bleacher Report: sports news, scores, & highlights",SPORTS,122.283,Varies with device,500.0,Free,0.0,Everyone 10+,Sports,2018-07-20,Varies with device,Varies with device
4.2,MLB At Bat,SPORTS,82.883,Varies with device,500.0,Free,0.0,Everyone,Sports,2018-07-30,Varies with device,Varies with device
4.2,"FIFA - Tournaments, Soccer News & Live Scores",SPORTS,342.912,6.0M,1000.0,Free,0.0,Everyone,Sports,2018-08-03,4.3.1,4.4 and up
4.6,365Scores - Live Scores,SPORTS,666.521,25M,1000.0,Free,0.0,Everyone,Sports,2018-07-29,5.5.9,4.1 and up
4.5,Cricbuzz - Live Cricket Scores & News,SPORTS,838.765,Varies with device,5000.0,Free,0.0,Everyone,Sports,2018-05-18,Varies with device,Varies with device
4.4,"theScore: Live Sports Scores, News, Stats & Videos",SPORTS,133.833,34M,1000.0,Free,0.0,Everyone 10+,Sports,2018-07-25,6.17.2,4.4 and up
4.5,Fantasy Football & NFL News,SPORTS,2.943,8.1M,10.0,Free,0.0,Everyone,Sports,2018-05-15,6.1.3,2.3.3 and up
4.4,NBA,SPORTS,108.318,35M,1000.0,Free,0.0,Everyone,Sports,2018-07-09,2017.7.1,4.4 and up
4.3,Golfshot: Golf GPS + Tee Times,SPORTS,7.543,25M,50.0,Free,0.0,Everyone,Sports,2018-07-11,1.31.0,4.1 and up
4.2,BBC Sport,SPORTS,18.679,Varies with device,100.0,Free,0.0,Everyone,Sports,2018-04-25,Varies with device,Varies with device
4.3,"CBS Sports App - Scores, News, Stats & Watch Live",SPORTS,91.033,Varies with device,500.0,Free,0.0,Everyone,Sports,2018-08-04,Varies with device,5.0 and up
4.5,"Yahoo Sports - scores, stats, news, & highlights",SPORTS,32.386,19M,100.0,Free,0.0,Everyone,Sports,2018-08-01,7.8.0,5.1 and up
4.0,NHL,SPORTS,68.935,48M,500.0,Free,0.0,Everyone,Sports,2018-06-27,9.4.0,4.2 and up
4.2,NASCAR MOBILE,SPORTS,80.9,21M,100.0,Free,0.0,Everyone,Sports,2018-07-25,7.1.7.4,4.4 and up
3.9,MLB Ballpark,SPORTS,5.511,32M,100.0,Free,0.0,Everyone,Sports,2018-07-16,7.3.0,4.2 and up
4.2,"Univision Deportes: Liga MX, MLS, Fútbol Live",SPORTS,75.545,Varies with device,500.0,Free,0.0,Everyone,Sports,2018-07-23,Varies with device,Varies with device
4.0,"FOX Sports: Live Streaming, Scores & News",SPORTS,28.895,82M,500.0,Free,0.0,Teen,Sports,2018-08-02,4.4.15,5.0 and up
3.5,Fantasy Football,SPORTS,50.179,23M,100.0,Free,0.0,Everyone,Sports,2018-08-02,2.5.7.1,5.0 and up
4.0,PGA TOUR,SPORTS,11.151,52M,100.0,Free,0.0,Everyone,Sports,2018-06-27,2018.6,5.0 and up
4.0,UFC,SPORTS,30.84,Varies with device,100.0,Free,0.0,Teen,Sports,2018-05-22,Varies with device,Varies with device
4.1,"Expedia Hotels, Flights & Car Rental Travel Deals",TRAVEL_AND_LOCAL,136.626,14M,1000.0,Free,0.0,Everyone,Travel & Local,2018-08-06,18.30.0,5.0 and up
4.2,trivago: Hotels & Travel,TRAVEL_AND_LOCAL,219.848,Varies with device,5000.0,Free,0.0,Everyone,Travel & Local,2018-08-02,Varies with device,Varies with device
4.4,Hopper - Watch & Book Flights,TRAVEL_AND_LOCAL,52.029,Varies with device,500.0,Free,0.0,Everyone,Travel & Local,2018-06-29,Varies with device,5.0 and up
4.4,TripIt: Travel Organizer,TRAVEL_AND_LOCAL,49.19,25M,100.0,Free,0.0,Everyone,Travel & Local,2018-06-15,7.5.0,5.0 and up
4.1,Trip by Skyscanner - City & Travel Guide,TRAVEL_AND_LOCAL,5.15,Varies with device,50.0,Free,0.0,Everyone,Travel & Local,2018-05-29,Varies with device,Varies with device
4.3,CityMaps2Go Plan Trips Travel Guide Offline Maps,TRAVEL_AND_LOCAL,64.713,58M,100.0,Free,0.0,Everyone,Travel & Local,2018-06-09,10.9.8 (Play),5.0 and up
4.5,"KAYAK Flights, Hotels & Cars",TRAVEL_AND_LOCAL,216.388,19M,1000.0,Free,0.0,Everyone,Travel & Local,2018-07-31,Varies with device,Varies with device
4.5,Skyscanner,TRAVEL_AND_LOCAL,481.545,29M,1000.0,Free,0.0,Everyone,Travel & Local,2018-08-06,5.48,4.4 and up
4.5,Hotels.com: Book Hotel Rooms & Find Vacation Deals,TRAVEL_AND_LOCAL,260.121,Varies with device,1000.0,Free,0.0,Everyone,Travel & Local,2018-07-04,Varies with device,Varies with device
4.7,Booking.com Travel Deals,TRAVEL_AND_LOCAL,1830.388,Varies with device,10000.0,Free,0.0,Everyone,Travel & Local,2018-08-06,Varies with device,Varies with device
4.4,Hostelworld: Hostels & Cheap Hotels Travel App,TRAVEL_AND_LOCAL,17.878,28M,100.0,Free,0.0,Everyone,Travel & Local,2018-07-16,6.7.1,4.1 and up
4.1,Google Trips - Travel Planner,TRAVEL_AND_LOCAL,26.871,Varies with device,500.0,Free,0.0,Everyone,Travel & Local,2018-07-26,1.10.0.205086730,4.1 and up
4.4,TripAdvisor Hotels Flights Restaurants Attractions,TRAVEL_AND_LOCAL,1162.837,Varies with device,10000.0,Free,0.0,Everyone,Travel & Local,2018-08-04,Varies with device,Varies with device
4.4,Airbnb,TRAVEL_AND_LOCAL,359.403,Varies with device,1000.0,Free,0.0,Everyone,Travel & Local,2018-08-02,Varies with device,Varies with device
4.3,Maps - Navigate & Explore,TRAVEL_AND_LOCAL,9235.155,Varies with device,100000.0,Free,0.0,Everyone,Travel & Local,2018-07-31,Varies with device,Varies with device
4.2,trivago: Hotels & Travel,TRAVEL_AND_LOCAL,219.848,Varies with device,5000.0,Free,0.0,Everyone,Travel & Local,2018-08-02,Varies with device,Varies with device
4.0,GPS Map Free,TRAVEL_AND_LOCAL,33.782,7.6M,500.0,Free,0.0,Everyone,Travel & Local,2018-07-11,4.6,4.0 and up
4.7,Offline Maps & Navigation,TRAVEL_AND_LOCAL,192.641,33M,500.0,Free,0.0,Everyone,Travel & Local,2018-06-07,17.4.1,4.0.3 and up
4.3,Google Earth,TRAVEL_AND_LOCAL,2338.655,Varies with device,10000.0,Free,0.0,Everyone,Travel & Local,2018-06-18,9.2.17.13,4.1 and up
4.6,GasBuddy: Find Cheap Gas,TRAVEL_AND_LOCAL,751.551,42M,1000.0,Free,0.0,Mature 17+,Travel & Local,2018-08-02,5.2.0 21127,4.4 and up
3.9,Southwest Airlines,TRAVEL_AND_LOCAL,24.781,8.3M,500.0,Free,0.0,Everyone,Travel & Local,2018-07-11,5.6.1,6.0 and up
4.1,KakaoMap - Map / Navigation,TRAVEL_AND_LOCAL,76.779,Varies with device,1000.0,Free,0.0,Everyone,Travel & Local,2018-07-30,Varies with device,Varies with device
4.2,Google Street View,TRAVEL_AND_LOCAL,2129.689,Varies with device,100000.0,Free,0.0,Everyone,Travel & Local,2018-08-06,Varies with device,Varies with device
3.9,AirAsia,TRAVEL_AND_LOCAL,98.585,37M,1000.0,Free,0.0,Everyone,Travel & Local,2018-07-16,5.0.4,4.4 and up
4.1,"Expedia Hotels, Flights & Car Rental Travel Deals",TRAVEL_AND_LOCAL,136.633,14M,1000.0,Free,0.0,Everyone,Travel & Local,2018-08-06,18.30.0,5.0 and up
4.3,Goibibo - Flight Hotel Bus Car IRCTC Booking App,TRAVEL_AND_LOCAL,459.851,Varies with device,1000.0,Free,0.0,Everyone,Travel & Local,2018-08-01,3.9.7,4.3 and up
3.1,Allegiant,TRAVEL_AND_LOCAL,5.572,21M,100.0,Free,0.0,Everyone,Travel & Local,2018-07-12,5.16.1,4.4 and up
3.7,Amtrak,TRAVEL_AND_LOCAL,16.815,28M,100.0,Free,0.0,Everyone,Travel & Local,2018-07-15,3.1.3,5.0 and up
3.4,JAL (Domestic and international flights),TRAVEL_AND_LOCAL,2.277,27M,100.0,Free,0.0,Everyone,Travel & Local,2018-05-07,4.4.7,4.0.3 and up
4.4,Flight & Hotel Booking App - ixigo,TRAVEL_AND_LOCAL,45.562,Varies with device,500.0,Free,0.0,Everyone,Travel & Local,2018-07-30,4.0.9.1,4.1 and up
4.4,TripAdvisor Hotels Flights Restaurants Attractions,TRAVEL_AND_LOCAL,1162.838,Varies with device,10000.0,Free,0.0,Everyone,Travel & Local,2018-08-04,Varies with device,Varies with device
3.6,MAIN,TRAVEL_AND_LOCAL,7.081,51M,100.0,Free,0.0,Everyone,Travel & Local,2018-08-06,4.1.21,4.4 and up
4.8,"Yoriza Pension - travel, lodging, pension, camping, caravan, pool villas accommodation discount",TRAVEL_AND_LOCAL,17.882,86M,100.0,Free,0.0,Everyone,Travel & Local,2018-08-03,3.4.5,5.0 and up
3.9,Foursquare Swarm: Check In,TRAVEL_AND_LOCAL,421.8,Varies with device,1000.0,Free,0.0,Teen,Travel & Local,2018-07-27,Varies with device,Varies with device
3.8,PagesJaunes - local search,TRAVEL_AND_LOCAL,43.935,Varies with device,1000.0,Free,0.0,Everyone,Travel & Local,2018-08-01,8.13.3,5.0 and up
4.3,Flightradar24 Flight Tracker,TRAVEL_AND_LOCAL,171.889,Varies with device,1000.0,Free,0.0,Everyone,Travel & Local,2018-07-18,7.8.0,Varies with device
4.5,"Yatra - Flights, Hotels, Bus, Trains & Cabs",TRAVEL_AND_LOCAL,251.037,26M,1000.0,Free,0.0,Everyone,Travel & Local,2018-08-05,13.0.16,4.1 and up
3.4,SNCF,TRAVEL_AND_LOCAL,15.75,Varies with device,500.0,Free,0.0,Everyone,Travel & Local,2018-08-02,Varies with device,Varies with device
3.7,Fly Delta,TRAVEL_AND_LOCAL,27.56,46M,500.0,Free,0.0,Everyone,Travel & Local,2018-07-31,4.13.2,5.0 and up
4.5,Skyscanner,TRAVEL_AND_LOCAL,481.546,29M,1000.0,Free,0.0,Everyone,Travel & Local,2018-08-06,5.48,4.4 and up
4.4,Despegar.com Hotels and Flights,TRAVEL_AND_LOCAL,150.932,27M,1000.0,Free,0.0,Everyone,Travel & Local,2018-07-30,9.1.0,4.1 and up
4.5,2GIS: directory & navigator,TRAVEL_AND_LOCAL,768.833,Varies with device,5000.0,Free,0.0,Everyone,Travel & Local,2018-07-30,Varies with device,Varies with device
3.9,Gaode Map,TRAVEL_AND_LOCAL,13.275,71M,100.0,Free,0.0,Everyone,Travel & Local,2018-07-03,8.60.0.2586,4.0 and up
4.4,"Priceline Hotel Deals, Rental Cars & Flights",TRAVEL_AND_LOCAL,48.93,15M,500.0,Free,0.0,Everyone,Travel & Local,2018-07-26,4.38.176,4.4 and up
4.8,TravelPirates,TRAVEL_AND_LOCAL,43.054,Varies with device,100.0,Free,0.0,Everyone,Travel & Local,2018-08-06,Varies with device,Varies with device
4.7,Booking.com Travel Deals,TRAVEL_AND_LOCAL,1830.387,Varies with device,10000.0,Free,0.0,Everyone,Travel & Local,2018-08-06,Varies with device,Varies with device
4.3,Free Radar Detector,TRAVEL_AND_LOCAL,15.68,11M,100.0,Free,0.0,Everyone,Travel & Local,2018-07-06,6.2.3,4.1 and up
3.7,American Airlines,TRAVEL_AND_LOCAL,16.98,Varies with device,500.0,Free,0.0,Everyone,Travel & Local,2018-07-18,Varies with device,Varies with device
4.2,Where to travel - ticket. hotel. train ticket. car ticket. travel. tickets,TRAVEL_AND_LOCAL,5.112,62M,100.0,Free,0.0,Everyone,Travel & Local,2018-07-27,8.8.2,4.4 and up
3.5,United Airlines,TRAVEL_AND_LOCAL,30.447,80M,500.0,Free,0.0,Everyone,Travel & Local,2018-07-20,2.1.56,5.0 and up
4.3,NTES,TRAVEL_AND_LOCAL,165.299,5.4M,1000.0,Free,0.0,Everyone,Travel & Local,2018-07-30,8,4.1 and up
4.7,Where is my Train : Indian Railway & PNR Status,TRAVEL_AND_LOCAL,620.534,9.8M,1000.0,Free,0.0,Everyone,Travel & Local,2018-07-30,5.7.3,4.0.3 and up
4.3,MakeMyTrip-Flight Hotel Bus Cab IRCTC Rail Booking,TRAVEL_AND_LOCAL,599.872,Varies with device,1000.0,Free,0.0,Everyone,Travel & Local,2018-08-04,7.3.3,4.4 and up
4.1,Restaurant Finder,TRAVEL_AND_LOCAL,12.564,Varies with device,100.0,Free,0.0,Everyone,Travel & Local,2018-07-05,Varies with device,Varies with device
4.3,"Yelp: Food, Shopping, Services Nearby",TRAVEL_AND_LOCAL,397.422,Varies with device,1000.0,Free,0.0,Teen,Travel & Local,2018-08-03,Varies with device,Varies with device
4.4,TripAdvisor Hotels Flights Restaurants Attractions,TRAVEL_AND_LOCAL,1162.837,Varies with device,10000.0,Free,0.0,Everyone,Travel & Local,2018-08-04,Varies with device,Varies with device
4.3,Qatar Airways,TRAVEL_AND_LOCAL,11.182,62M,100.0,Free,0.0,Everyone,Travel & Local,2018-07-30,11.26,4.1 and up
4.3,Hipmunk Hotels & Flights,TRAVEL_AND_LOCAL,16.734,10.0M,100.0,Free,0.0,Everyone,Travel & Local,2018-07-31,8.8.2,5.0 and up
4.4,"Priceline Hotel Deals, Rental Cars & Flights",TRAVEL_AND_LOCAL,48.93,15M,500.0,Free,0.0,Everyone,Travel & Local,2018-07-26,4.38.176,4.4 and up
3.5,United Airlines,TRAVEL_AND_LOCAL,30.447,80M,500.0,Free,0.0,Everyone,Travel & Local,2018-07-20,2.1.56,5.0 and up
4.1,"Expedia Hotels, Flights & Car Rental Travel Deals",TRAVEL_AND_LOCAL,136.626,14M,1000.0,Free,0.0,Everyone,Travel & Local,2018-08-06,18.30.0,5.0 and up
4.6,Skiplagged — Exclusive Flights & Hotels,TRAVEL_AND_LOCAL,10.035,Varies with device,100.0,Free,0.0,Everyone,Travel & Local,2018-05-04,Varies with device,Varies with device
4.4,CWT To Go,TRAVEL_AND_LOCAL,20.313,57M,10.0,Free,0.0,Everyone,Travel & Local,2018-08-05,17.7.8,4.4 and up
4.2,British Airways,TRAVEL_AND_LOCAL,25.74,51M,100.0,Free,0.0,Everyone,Travel & Local,2018-07-24,4.2,4.4 and up
3.9,Southwest Airlines,TRAVEL_AND_LOCAL,24.781,8.3M,500.0,Free,0.0,Everyone,Travel & Local,2018-07-11,5.6.1,6.0 and up
4.2,Cheap Flights & Hotels momondo,TRAVEL_AND_LOCAL,42.546,24M,500.0,Free,0.0,Everyone,Travel & Local,2018-04-25,7.6.5,4.4 and up
4.4,"CheapTickets – Hotels, Flights & Travel Deals",TRAVEL_AND_LOCAL,6.925,Varies with device,100.0,Free,0.0,Everyone,Travel & Local,2018-07-25,Varies with device,Varies with device
4.4,JetBlue,TRAVEL_AND_LOCAL,24.281,29M,100.0,Free,0.0,Everyone,Travel & Local,2018-07-25,4.4.2,4.4 and up
4.4,Hopper - Watch & Book Flights,TRAVEL_AND_LOCAL,52.028,Varies with device,500.0,Free,0.0,Everyone,Travel & Local,2018-06-29,Varies with device,5.0 and up
4.4,Flights,TRAVEL_AND_LOCAL,18.039,3.1M,100.0,Free,0.0,Everyone,Travel & Local,2018-07-26,3.6.6,4.1 and up
3.7,Fly Delta,TRAVEL_AND_LOCAL,27.56,46M,500.0,Free,0.0,Everyone,Travel & Local,2018-07-31,4.13.2,5.0 and up
4.4,The Emirates App,TRAVEL_AND_LOCAL,22.748,55M,100.0,Free,0.0,Everyone,Travel & Local,2018-08-06,4.7.1,5.0 and up
4.5,"KAYAK Flights, Hotels & Cars",TRAVEL_AND_LOCAL,216.388,19M,1000.0,Free,0.0,Everyone,Travel & Local,2018-07-31,Varies with device,Varies with device
3.7,American Airlines,TRAVEL_AND_LOCAL,16.98,Varies with device,500.0,Free,0.0,Everyone,Travel & Local,2018-07-18,Varies with device,Varies with device
4.4,Cheapflights – Flight Search,TRAVEL_AND_LOCAL,47.78,19M,500.0,Free,0.0,Everyone,Travel & Local,2018-07-31,Varies with device,Varies with device
3.7,KLM - Royal Dutch Airlines,TRAVEL_AND_LOCAL,7.705,40M,100.0,Free,0.0,Everyone,Travel & Local,2018-08-06,9.7.1,4.1 and up
4.4,"Orbitz - Hotels, Flights & Package Deals",TRAVEL_AND_LOCAL,33.256,Varies with device,100.0,Free,0.0,Everyone,Travel & Local,2018-07-31,Varies with device,Varies with device
4.5,Skyscanner,TRAVEL_AND_LOCAL,481.546,29M,1000.0,Free,0.0,Everyone,Travel & Local,2018-08-06,5.48,4.4 and up
3.6,Lufthansa,TRAVEL_AND_LOCAL,14.544,43M,100.0,Free,0.0,Everyone,Travel & Local,2018-07-27,7.2.5,4.1 and up
4.4,easyJet: Travel App,TRAVEL_AND_LOCAL,134.895,50M,1000.0,Free,0.0,Everyone,Travel & Local,2018-07-01,2.32.2,4.2 and up
4.0,IndiGo,TRAVEL_AND_LOCAL,48.082,Varies with device,500.0,Free,0.0,Everyone,Travel & Local,2018-07-25,4.1.3,4.0.3 and up
4.1,LateRooms: Find Hotel Deals,TRAVEL_AND_LOCAL,2.419,13M,100.0,Free,0.0,Everyone,Travel & Local,2018-05-29,1.24.5,4.1 and up
4.4,Choice Hotels,TRAVEL_AND_LOCAL,17.915,Varies with device,100.0,Free,0.0,Everyone,Travel & Local,2018-07-18,Varies with device,Varies with device
4.4,Couchsurfing Travel App,TRAVEL_AND_LOCAL,61.776,Varies with device,100.0,Free,0.0,Teen,Travel & Local,2018-07-10,Varies with device,Varies with device
4.3,Hotwire Hotel & Car Rental App,TRAVEL_AND_LOCAL,10.323,Varies with device,100.0,Free,0.0,Everyone,Travel & Local,2018-07-19,Varies with device,Varies with device
4.4,"Priceline Hotel Deals, Rental Cars & Flights",TRAVEL_AND_LOCAL,48.93,15M,500.0,Free,0.0,Everyone,Travel & Local,2018-07-26,4.38.176,4.4 and up
4.2,HOTEL DEALS,TRAVEL_AND_LOCAL,1.609,4.0M,10.0,Free,0.0,Everyone,Travel & Local,2018-04-26,53.89.55,4.1 and up
4.2,trivago: Hotels & Travel,TRAVEL_AND_LOCAL,219.848,Varies with device,5000.0,Free,0.0,Everyone,Travel & Local,2018-08-02,Varies with device,Varies with device
4.1,"Expedia Hotels, Flights & Car Rental Travel Deals",TRAVEL_AND_LOCAL,136.626,14M,1000.0,Free,0.0,Everyone,Travel & Local,2018-08-06,18.30.0,5.0 and up
4.3,HomeAway Vacation Rentals,TRAVEL_AND_LOCAL,30.403,Varies with device,500.0,Free,0.0,Everyone,Travel & Local,2018-08-01,Varies with device,Varies with device
4.5,"KAYAK Flights, Hotels & Cars",TRAVEL_AND_LOCAL,216.388,19M,1000.0,Free,0.0,Everyone,Travel & Local,2018-07-31,Varies with device,Varies with device
4.4,"Orbitz - Hotels, Flights & Package Deals",TRAVEL_AND_LOCAL,33.256,Varies with device,100.0,Free,0.0,Everyone,Travel & Local,2018-07-31,Varies with device,Varies with device
4.5,Skyscanner,TRAVEL_AND_LOCAL,481.546,29M,1000.0,Free,0.0,Everyone,Travel & Local,2018-08-06,5.48,4.4 and up
4.3,IHG®: Hotel Deals & Rewards,TRAVEL_AND_LOCAL,18.622,44M,100.0,Free,0.0,Everyone,Travel & Local,2018-08-03,4.15.1,4.4 and up
4.2,SPG: Starwood Hotels & Resorts,TRAVEL_AND_LOCAL,8.258,22M,100.0,Free,0.0,Everyone,Travel & Local,2018-07-03,v5.4.3,4.4 and up
4.5,Hotels.com: Book Hotel Rooms & Find Vacation Deals,TRAVEL_AND_LOCAL,260.133,Varies with device,1000.0,Free,0.0,Everyone,Travel & Local,2018-07-04,Varies with device,Varies with device
4.7,Booking.com Travel Deals,TRAVEL_AND_LOCAL,1830.388,Varies with device,10000.0,Free,0.0,Everyone,Travel & Local,2018-08-06,Varies with device,Varies with device
4.4,HotelTonight: Book amazing deals at great hotels,TRAVEL_AND_LOCAL,57.573,Varies with device,500.0,Free,0.0,Everyone,Travel & Local,2018-07-31,Varies with device,Varies with device
4.4,Hostelworld: Hostels & Cheap Hotels Travel App,TRAVEL_AND_LOCAL,17.878,28M,100.0,Free,0.0,Everyone,Travel & Local,2018-07-16,6.7.1,4.1 and up
4.4,TripAdvisor Hotels Flights Restaurants Attractions,TRAVEL_AND_LOCAL,1162.837,Varies with device,10000.0,Free,0.0,Everyone,Travel & Local,2018-08-04,Varies with device,Varies with device
4.4,Airbnb,TRAVEL_AND_LOCAL,359.56,Varies with device,1000.0,Free,0.0,Everyone,Travel & Local,2018-08-02,Varies with device,Varies with device
4.6,Agoda – Hotel Booking Deals,TRAVEL_AND_LOCAL,263.525,Varies with device,1000.0,Free,0.0,Everyone,Travel & Local,2018-08-04,Varies with device,Varies with device
4.4,Turo - Better Than Car Rental,TRAVEL_AND_LOCAL,14.114,46M,100.0,Free,0.0,Everyone,Travel & Local,2018-08-04,18.21.0,5.0 and up
4.5,Cheap hotel deals and discounts — Hotellook,TRAVEL_AND_LOCAL,7.153,Varies with device,100.0,Free,0.0,Everyone,Travel & Local,2018-07-30,Varies with device,Varies with device
4.5,Skyscanner,TRAVEL_AND_LOCAL,481.546,29M,1000.0,Free,0.0,Everyone,Travel & Local,2018-08-06,5.48,4.4 and up
4.4,HotelTonight: Book amazing deals at great hotels,TRAVEL_AND_LOCAL,57.573,Varies with device,500.0,Free,0.0,Everyone,Travel & Local,2018-07-31,Varies with device,Varies with device
4.3,Maps - Navigate & Explore,TRAVEL_AND_LOCAL,9235.373,Varies with device,100000.0,Free,0.0,Everyone,Travel & Local,2018-07-31,Varies with device,Varies with device
4.5,GPS Status & Toolbox,TRAVEL_AND_LOCAL,149.723,4.1M,1000.0,Free,0.0,Everyone,Travel & Local,2018-06-13,8.1.171,4.0 and up
4.2,Scout GPS Navigation & Meet Up,TRAVEL_AND_LOCAL,120.373,31M,500.0,Free,0.0,Everyone,Travel & Local,2018-07-31,3.19.35.999,4.0.3 and up
4.2,Street Panorama View,TRAVEL_AND_LOCAL,40.225,4.1M,100.0,Free,0.0,Everyone,Travel & Local,2018-07-18,4.0.3,4.1 and up
4.7,DreamTrips,TRAVEL_AND_LOCAL,9.971,22M,50.0,Free,0.0,Teen,Travel & Local,2018-08-06,1.28.1,5.0 and up
4.0,Navmii GPS USA (Navfree),TRAVEL_AND_LOCAL,5.96,Varies with device,50.0,Free,0.0,Everyone,Travel & Local,2018-05-23,Varies with device,Varies with device
4.2,Sygic Truck GPS Navigation,TRAVEL_AND_LOCAL,18.294,28M,100.0,Free,0.0,Everyone,Travel & Local,2018-08-02,13.8.3,4.0 and up
4.2,Google Street View,TRAVEL_AND_LOCAL,2129.707,Varies with device,100000.0,Free,0.0,Everyone,Travel & Local,2018-08-06,Varies with device,Varies with device
4.4,Google,TOOLS,8033.493,Varies with device,100000.0,Free,0.0,Everyone,Tools,2018-08-03,Varies with device,Varies with device
4.4,Google Translate,TOOLS,5745.093,Varies with device,50000.0,Free,0.0,Everyone,Tools,2018-08-04,Varies with device,Varies with device
4.2,Moto Display,TOOLS,18.239,Varies with device,1000.0,Free,0.0,Everyone,Tools,2018-08-06,Varies with device,Varies with device
4.5,Cache Cleaner-DU Speed Booster (booster & cleaner),TOOLS,12759.663,15M,10000.0,Free,0.0,Everyone,Tools,2018-07-25,3.1.2,4.0 and up
4.1,Moto Voice,TOOLS,33.216,Varies with device,1000.0,Free,0.0,Everyone,Tools,2018-06-05,Varies with device,Varies with device
4.2,Device Help,TOOLS,28.86,Varies with device,10000.0,Free,0.0,Everyone,Tools,2018-07-18,Varies with device,Varies with device
4.0,myMetro,TOOLS,26.189,5.3M,1000.0,Free,0.0,Everyone,Tools,2018-06-27,MyMetro_HTML_2.0_430029,4.0 and up
4.6,File Manager,TOOLS,739.329,Varies with device,5000.0,Free,0.0,Everyone,Tools,2018-04-17,Varies with device,Varies with device
3.1,My Telcel,TOOLS,45.838,16M,5000.0,Free,0.0,Everyone,Tools,2018-07-25,7.6.1,4.1 and up
4.6,"Calculator - free calculator, multi calculator app",TOOLS,25.592,7.5M,1000.0,Free,0.0,Everyone,Tools,2018-07-31,v8.0.1.8.0629.1,4.2 and up
4.5,ASUS Sound Recorder,TOOLS,34.126,Varies with device,1000.0,Free,0.0,Everyone,Tools,2018-07-13,Varies with device,Varies with device
4.3,Samsung Max - Data Savings & Privacy Protection,TOOLS,330.468,Varies with device,1000.0,Free,0.0,Everyone,Tools,2018-05-29,Varies with device,Varies with device
4.6,ZenUI Help,TOOLS,136.874,Varies with device,1000.0,Free,0.0,Everyone,Tools,2018-06-25,Varies with device,Varies with device
4.4,"Calculator - free calculator ,multi calculator app",TOOLS,1.236,5.8M,10.0,Free,0.0,Everyone,Tools,2018-07-06,8.1.6,4.2 and up
4.6,SHAREit - Transfer & Share,TOOLS,7790.693,17M,50000.0,Free,0.0,Everyone,Tools,2018-07-30,4.5.28_ww,4.1 and up
4.5,"ZenUI Keyboard – Emoji, Theme",TOOLS,537.554,Varies with device,1000.0,Free,0.0,Everyone,Tools,2018-08-01,Varies with device,Varies with device
4.6,Files Go by Google: Free up space on your phone,TOOLS,315.585,8.5M,1000.0,Free,0.0,Everyone,Tools,2018-07-18,1.0.204375696,5.0 and up
4.4,Nokia mobile support,TOOLS,12.215,9.1M,500.0,Free,0.0,Everyone,Tools,2018-08-01,1.7.4,7.0 and up
4.2,File Manager -- Take Command of Your Files Easily,TOOLS,127.223,7.6M,1000.0,Free,0.0,Everyone,Tools,2018-08-03,v7.0.7.1.0625.1_06_0629,5.0 and up
4.4,Samsung Calculator,TOOLS,9.602,2.5M,10000.0,Free,0.0,Everyone,Tools,2018-07-05,6.0.61.5,7.0 and up
3.1,Clear,TOOLS,24.151,15M,1000.0,Free,0.0,Everyone,Tools,2018-08-06,11.7.0,4.1 and up
3.6,Phone,TOOLS,45.483,Varies with device,1000.0,Free,0.0,Everyone,Tools,2018-07-30,Varies with device,Varies with device
4.2,Gboard - the Google Keyboard,TOOLS,1859.115,Varies with device,50000.0,Free,0.0,Everyone,Tools,2018-07-31,Varies with device,Varies with device
3.5,Google Korean Input,TOOLS,74.819,Varies with device,10000.0,Free,0.0,Everyone,Tools,2018-06-25,Varies with device,7.1 and up
3.9,AT&T Smart Wi-Fi,TOOLS,18.513,6.1M,1000.0,Free,0.0,Everyone,Tools,2018-04-26,3.2,4.1 and up
3.9,Sound Recorder: Recorder & Voice Changer Free,TOOLS,14.552,17M,1000.0,Free,0.0,Everyone,Tools,2018-07-31,v7.0.9.1.0526.1_06_0704,5.0 and up
4.4,Share Music & Transfer Files - Xender,TOOLS,1280.423,Varies with device,10000.0,Free,0.0,Everyone,Tools,2018-07-20,Varies with device,Varies with device
3.4,App vault,TOOLS,25.094,Varies with device,1000.0,Free,0.0,Everyone,Tools,2018-07-18,Varies with device,Varies with device
3.5,My love,TOOLS,163.997,16M,1000.0,Free,0.0,Everyone,Tools,2018-08-05,5.36,4.2 and up
4.2,Digital Alarm Clock,TOOLS,118.439,16M,1000.0,Free,0.0,Everyone,Tools,2018-06-19,10.4,4.4 and up
4.3,Puzzle Alarm Clock ⏰,TOOLS,32.111,5.3M,100.0,Free,0.0,Everyone,Tools,2018-08-03,3.1.0.1126,4.4 and up
4.5,I Can't Wake Up! Alarm Clock,TOOLS,70.404,4.2M,100.0,Free,0.0,Everyone,Tools,2018-05-25,3.4.0,4.0 and up
4.5,Brightest Flashlight - LED Light,TOOLS,876.866,9.1M,5000.0,Free,0.0,Everyone,Tools,2018-07-27,1.4.9,4.0.3 and up
4.4,Tiny Flashlight + LED,TOOLS,4254.879,Varies with device,10000.0,Free,0.0,Everyone,Tools,2018-07-08,Varies with device,Varies with device
4.7,Flashlight,TOOLS,115.409,Varies with device,1000.0,Free,0.0,Everyone,Tools,2018-08-06,Varies with device,Varies with device
4.4,"CM Flashlight (Compass, SOS)",TOOLS,166.367,1.8M,500.0,Free,0.0,Everyone,Tools,2018-05-25,1.4.0,2.3 and up
4.3,Flashlight HD LED,TOOLS,618.918,Varies with device,5000.0,Free,0.0,Everyone,Tools,2018-07-28,Varies with device,Varies with device
4.4,Flashlight - Torch LED Light,TOOLS,192.661,8.5M,1000.0,Free,0.0,Everyone,Tools,2018-07-07,2.4.1,4.1 and up
4.5,Brightest LED Flashlight,TOOLS,60.571,Varies with device,500.0,Free,0.0,Everyone,Tools,2018-07-02,Varies with device,Varies with device
4.5,Fraction Calculator Plus Free,TOOLS,148.506,11M,500.0,Free,0.0,Everyone,Tools,2018-07-15,Varies with device,Varies with device
4.6,Calculator Plus Free,TOOLS,679.912,Varies with device,1000.0,Free,0.0,Everyone,Tools,2018-07-27,Varies with device,Varies with device
4.7,CALCU™ Stylish Calculator Free,TOOLS,152.692,11M,500.0,Free,0.0,Everyone,Tools,2018-07-07,3.5.6,4.1 and up
4.5,Unit Converter,TOOLS,85.387,5.4M,100.0,Free,0.0,Everyone,Tools,2018-07-03,2.1.54,4.0 and up
4.6,Calculator ++,TOOLS,33.509,3.6M,100.0,Free,0.0,Everyone,Tools,2018-05-12,2.2.7,4.4 and up
4.3,Scientific Calculator Free,TOOLS,16.395,Varies with device,100.0,Free,0.0,Everyone,Tools,2018-06-28,Varies with device,Varies with device
4.1,Hideman VPN,TOOLS,88.675,9.6M,500.0,Free,0.0,Everyone,Tools,2018-07-24,6.0.1,4.0 and up
4.3,Fast Secure VPN,TOOLS,56.848,9.6M,100.0,Free,0.0,Everyone,Tools,2018-05-18,1.6.11,4.1 and up
4.2,Free & Premium VPN - FinchVPN,TOOLS,19.096,10M,100.0,Free,0.0,Everyone,Tools,2018-07-05,2.0.2,4.1 and up
4.2,Hotspot Shield Free VPN Proxy & Wi-Fi Security,TOOLS,1116.393,8.2M,5000.0,Free,0.0,Everyone,Tools,2018-08-06,6.1.0,4.1 and up
4.2,OpenVPN Connect – Fast & Safe SSL VPN Client,TOOLS,154.578,14M,1000.0,Free,0.0,Everyone,Tools,2018-05-25,3.0.5,4.1 and up
4.2,"VPN - Fast, Secure & Unlimited WiFi with VyprVPN",TOOLS,40.676,25M,100.0,Free,0.0,Everyone,Tools,2018-07-05,2.27.1,4.1 and up
4.3,FREEDOME VPN Unlimited anonymous Wifi Security,TOOLS,39.833,9.9M,100.0,Free,0.0,Everyone,Tools,2018-07-09,2.5.1.7592,4.0.3 and up
4.5,SurfEasy Secure Android VPN,TOOLS,273.283,22M,500.0,Free,0.0,Everyone,Tools,2018-07-11,4.1.0,4.0.3 and up
4.4,TunnelBear VPN,TOOLS,139.48,Varies with device,500.0,Free,0.0,Everyone,Tools,2018-04-19,v150,4.1 and up
4.5,VPN Free - Betternet Hotspot VPN & Private Browser,TOOLS,801.054,8.9M,1000.0,Free,0.0,Everyone,Tools,2018-08-01,4.3.0,4.1 and up
4.2,Gboard - the Google Keyboard,TOOLS,1859.109,Varies with device,50000.0,Free,0.0,Everyone,Tools,2018-07-31,Varies with device,Varies with device
4.4,"Emoji keyboard - Cute Emoticons, GIF, Stickers",TOOLS,1107.32,25M,5000.0,Free,0.0,Everyone,Tools,2018-08-07,3.4.500,4.1 and up
4.5,"GO Keyboard - Cute Emojis, Themes and GIFs",TOOLS,4594.198,Varies with device,10000.0,Free,0.0,Everyone,Tools,2018-07-31,Varies with device,Varies with device
4.3,Google Handwriting Input,TOOLS,94.427,Varies with device,1000.0,Free,0.0,Everyone,Tools,2018-08-02,Varies with device,Varies with device
4.1,Network Signal Info,TOOLS,33.926,17M,100.0,Free,0.0,Everyone,Tools,2018-08-03,4.78.06,4.2 and up
4.4,Speedtest by Ookla,TOOLS,1028.794,Varies with device,10000.0,Free,0.0,Everyone,Tools,2018-07-19,Varies with device,Varies with device
4.2,osmino Wi-Fi: free WiFi,TOOLS,134.203,4.1M,1000.0,Free,0.0,Everyone,Tools,2018-08-06,6.06.14,4.4 and up
4.1,WiFi Overview 360,TOOLS,15.693,18M,100.0,Free,0.0,Everyone,Tools,2018-08-03,4.32.07,4.2 and up
4.6,Speedcheck,TOOLS,48.979,14M,100.0,Free,0.0,Everyone,Tools,2018-08-04,5.0.0.8,4.0.3 and up
4.2,Keypad Lock Screen,TOOLS,428.581,4.7M,1000.0,Free,0.0,Everyone,Tools,2018-07-17,1.33,4.0 and up
4.1,photo keypad lockscreen,TOOLS,225.544,8.1M,1000.0,Free,0.0,Everyone,Tools,2018-07-17,3.1.2,4.0 and up
4.6,CM Locker - Security Lockscreen,TOOLS,3090.727,Varies with device,10000.0,Free,0.0,Everyone,Tools,2018-07-31,Varies with device,Varies with device
4.5,Solo Locker (DIY Locker),TOOLS,474.439,7.9M,1000.0,Free,0.0,Everyone,Tools,2018-06-26,6.1.7.5,4.2 and up
4.4,AppLock - Fingerprint,TOOLS,745.245,3.5M,1000.0,Free,0.0,Everyone,Tools,2018-04-13,7.2.0,2.3 and up
4.4,Applock,TOOLS,4934.13,Varies with device,10000.0,Free,0.0,Everyone,Tools,2018-06-11,Varies with device,Varies with device
4.4,Smart AppLock (App Protect),TOOLS,137.562,Varies with device,1000.0,Free,0.0,Everyone,Tools,2018-05-31,Varies with device,Varies with device
4.6,Nova Launcher,PERSONALIZATION,1121.805,Varies with device,5000.0,Free,0.0,Everyone,Personalization,2018-05-14,Varies with device,Varies with device
4.6,ZEDGE™ Ringtones & Wallpapers,PERSONALIZATION,6466.641,Varies with device,10000.0,Free,0.0,Teen,Personalization,2018-07-19,Varies with device,Varies with device
4.6,"XOS - Launcher,Theme,Wallpaper",PERSONALIZATION,49.657,8.7M,500.0,Free,0.0,Everyone,Personalization,2018-08-06,3.6.21_pre,4.4 and up
4.5,3D Live Neon Weed Launcher,PERSONALIZATION,1.724,21M,10.0,Free,0.0,Mature 17+,Personalization,2018-06-26,5.34.10,4.0.3 and up
4.7,Evie Launcher,PERSONALIZATION,139.258,Varies with device,500.0,Free,0.0,Everyone,Personalization,2018-08-03,Varies with device,4.4 and up
4.4,Golden Launcher,PERSONALIZATION,32.794,12M,500.0,Free,0.0,Everyone,Personalization,2018-07-31,1.284.1.83,4.2 and up
4.5,Launcher,PERSONALIZATION,102.923,18M,100.0,Free,0.0,Everyone,Personalization,2018-07-10,2.1.2,5.0 and up
4.6,"CM Launcher 3D - Theme, Wallpapers, Efficient",PERSONALIZATION,6702.776,17M,10000.0,Free,0.0,Teen,Personalization,2018-08-03,5.41.0,4.0.3 and up
4.6,4K Wallpapers and Ultra HD Backgrounds,PERSONALIZATION,7.583,3.8M,50.0,Free,0.0,Everyone 10+,Personalization,2018-07-04,2.6.2.1,4.0.3 and up
4.0,OnePlus Launcher,PERSONALIZATION,24.215,Varies with device,100.0,Free,0.0,Everyone,Personalization,2018-08-03,Varies with device,Varies with device
4.7,ZenUI Launcher,PERSONALIZATION,1141.545,15M,5000.0,Free,0.0,Everyone,Personalization,2018-07-31,Varies with device,Varies with device
4.7,"Color Call - Caller Screen, LED Flash",PERSONALIZATION,29.485,9.9M,100.0,Free,0.0,Everyone,Personalization,2018-07-20,1.0.4,4.0 and up
4.4,New Launcher 2018,PERSONALIZATION,142.393,12M,1000.0,Free,0.0,Everyone,Personalization,2018-07-31,1.284.1.126,4.2 and up
4.3,Diamond Zipper Lock Screen,PERSONALIZATION,71.688,12M,1000.0,Free,0.0,Everyone,Personalization,2018-06-11,3.5,4.1 and up
4.7,"Emoji Keyboard - Cute Emoji,GIF, Sticker, Emoticon",PERSONALIZATION,114.851,20M,1000.0,Free,0.0,Everyone,Personalization,2018-07-20,2.1.9,4.1 and up
4.1,3D Blue Glass Water Keyboard Theme,PERSONALIZATION,62.209,7.4M,1000.0,Free,0.0,Everyone,Personalization,2018-07-01,6.7.1,4.0.3 and up
4.4,Smart Launcher 5,PERSONALIZATION,512.102,Varies with device,1000.0,Free,0.0,Everyone,Personalization,2018-07-16,Varies with device,Varies with device
4.6,New 2018 Keyboard,PERSONALIZATION,298.321,14M,1000.0,Free,0.0,Everyone,Personalization,2018-08-05,2.5.5.9,4.2 and up
4.5,"APUS Launcher - Theme, Wallpaper, Hide Apps",PERSONALIZATION,5783.441,14M,10000.0,Free,0.0,Everyone,Personalization,2018-08-06,3.9.7,4.0.3 and up
4.4,ZenUI Themes – Stylish Themes,PERSONALIZATION,47.393,7.2M,1000.0,Free,0.0,Everyone,Personalization,2018-05-24,1.8.0.24_180511,5.0 and up
4.3,Lovely Cute Pink Kitty Cat Keyboard Theme,PERSONALIZATION,2.267,7.2M,50.0,Free,0.0,Everyone,Personalization,2018-07-09,6.7.5,4.0.3 and up
4.3,Apex Launcher,PERSONALIZATION,266.401,Varies with device,1000.0,Free,0.0,Everyone,Personalization,2018-08-04,Varies with device,Varies with device
4.6,Microsoft Launcher,PERSONALIZATION,649.568,26M,1000.0,Free,0.0,Everyone,Personalization,2018-08-01,4.12.0.44682,4.2 and up
4.7,Goku Wallpaper Art,PERSONALIZATION,6.342,38M,100.0,Free,0.0,Everyone,Personalization,2018-07-13,1.8,4.1 and up
4.3,Door Lock Screen,PERSONALIZATION,5.413,3.9M,100.0,Free,0.0,Everyone,Personalization,2018-07-28,3.3.a,4.0 and up
4.5,Yandex Browser with Protect,PERSONALIZATION,1237.135,Varies with device,5000.0,Free,0.0,Everyone,Personalization,2018-07-18,Varies with device,Varies with device
4.6,Cute wallpapers & kawaii backgrounds images,PERSONALIZATION,4.724,5.4M,100.0,Free,0.0,Everyone,Personalization,2018-07-30,1.2,4.0.3 and up
4.5,"Hola Launcher- Theme,Wallpaper",PERSONALIZATION,3277.209,7.6M,10000.0,Free,0.0,Everyone,Personalization,2018-05-09,3.2.5,4.0 and up
4.3,Live 3D Neon Blue Love Heart Keyboard Theme,PERSONALIZATION,6.626,9.1M,100.0,Free,0.0,Everyone,Personalization,2018-07-25,6.7.25.2018,4.0.3 and up
3.7,Pink Diamond Princess Keyboard Theme,PERSONALIZATION,10.796,6.8M,100.0,Free,0.0,Everyone,Personalization,2018-07-06,6.7.5,4.0.3 and up
4.7,"Wallpapers HD, 4K Backgrounds",PERSONALIZATION,273.994,12M,1000.0,Free,0.0,Everyone,Personalization,2018-07-23,2.3.27,4.4 and up
4.4,Romantic Love Photo Frames,PERSONALIZATION,18.918,12M,500.0,Free,0.0,Everyone,Personalization,2018-06-19,1.14,4.0 and up
4.3,Colorful Glitter Neon Butterfly Keyboard Theme,PERSONALIZATION,2.056,9.8M,50.0,Free,0.0,Everyone,Personalization,2018-07-25,6.7.24.2018,4.0.3 and up
4.7,"FUN Keyboard – Emoji Keyboard, Sticker,Theme & GIF",PERSONALIZATION,12.089,27M,50.0,Free,0.0,Everyone,Personalization,2018-07-03,1.2.5,4.0 and up
4.6,ZEDGE™ Ringtones & Wallpapers,PERSONALIZATION,6466.641,Varies with device,10000.0,Free,0.0,Teen,Personalization,2018-07-19,Varies with device,Varies with device
4.3,Ringtone Maker,PERSONALIZATION,495.905,Varies with device,5000.0,Free,0.0,Everyone,Personalization,2018-07-29,Varies with device,Varies with device
4.3,icon wallpaper dressup💞CocoPPa,PERSONALIZATION,595.12,Varies with device,1000.0,Free,0.0,Everyone,Personalization,2018-07-10,Varies with device,Varies with device
4.3,The real aquarium - HD,PERSONALIZATION,100.13,Varies with device,500.0,Free,0.0,Everyone,Personalization,2018-06-25,Varies with device,Varies with device
4.1,Waterfall Live Wallpaper,PERSONALIZATION,112.977,13M,1000.0,Free,0.0,Everyone,Personalization,2018-05-22,3.6,4.1 and up
4.2,Petals 3D live wallpaper,PERSONALIZATION,112.479,4.3M,1000.0,Free,0.0,Everyone,Personalization,2018-07-25,3.0.5,4.2 and up
4.4,LINE Launcher,PERSONALIZATION,733.838,21M,1000.0,Free,0.0,Everyone,Personalization,2018-06-29,2.4.25,4.0.3 and up
4.1,Asteroids 3D live wallpaper,PERSONALIZATION,157.495,6.4M,1000.0,Free,0.0,Everyone,Personalization,2018-07-24,4.0.0.7,4.4 and up
4.1,Tiger Live Wallpaper,PERSONALIZATION,77.724,7.1M,500.0,Free,0.0,Teen,Personalization,2018-05-31,2.7.2,4.0 and up
4.6,ZEDGE™ Ringtones & Wallpapers,PERSONALIZATION,6466.641,Varies with device,10000.0,Free,0.0,Teen,Personalization,2018-07-19,Varies with device,Varies with device
4.6,Backgrounds HD (Wallpapers),PERSONALIZATION,2390.185,Varies with device,10000.0,Free,0.0,Teen,Personalization,2018-08-04,Varies with device,Varies with device
4.2,Pink Roses Live Wallpaper,PERSONALIZATION,33.074,3.3M,100.0,Free,0.0,Everyone,Personalization,2018-05-04,4.1,4.1 and up
4.1,Butterfly Live Wallpaper,PERSONALIZATION,35.771,3.5M,500.0,Free,0.0,Everyone,Personalization,2018-05-04,4.1,4.1 and up
4.5,Wallpaper,PERSONALIZATION,69.488,9.7M,100.0,Free,0.0,Everyone,Personalization,2018-07-08,6.07,4.1 and up
4.2,Horses Live Wallpaper,PERSONALIZATION,28.806,7.1M,100.0,Free,0.0,Everyone,Personalization,2018-05-22,18,4.1 and up
4.0,Tropical Beach Live Wallpaper,PERSONALIZATION,11.343,8.4M,100.0,Free,0.0,Everyone,Personalization,2018-05-22,18,4.1 and up
4.2,Glowing Flowers Live Wallpaper,PERSONALIZATION,66.73,7.0M,500.0,Free,0.0,Everyone,Personalization,2018-05-21,18,4.1 and up
4.6,Nova Launcher,PERSONALIZATION,1121.805,Varies with device,5000.0,Free,0.0,Everyone,Personalization,2018-05-14,Varies with device,Varies with device
4.3,Apex Launcher,PERSONALIZATION,266.402,Varies with device,1000.0,Free,0.0,Everyone,Personalization,2018-08-04,Varies with device,Varies with device
4.4,Smart Launcher 5,PERSONALIZATION,512.106,Varies with device,1000.0,Free,0.0,Everyone,Personalization,2018-07-16,Varies with device,Varies with device
4.5,"iKeyboard - emoji, emoticons",PERSONALIZATION,624.924,24M,1000.0,Free,0.0,Everyone,Personalization,2018-08-01,4.8.2.2195,4.1 and up
4.1,Simple Neon Blue Future Tech Keyboard Theme,PERSONALIZATION,51.145,6.2M,1000.0,Free,0.0,Everyone,Personalization,2018-06-28,1,4.0.3 and up
4.3,ai.type Free Emoji Keyboard,PERSONALIZATION,647.844,Varies with device,1000.0,Free,0.0,Everyone,Personalization,2018-07-24,Varies with device,Varies with device
4.4,"GO Keyboard - Emoticon keyboard, Free Theme, GIF",PERSONALIZATION,2591.941,Varies with device,10000.0,Free,0.0,Everyone,Personalization,2018-07-20,Varies with device,Varies with device
4.2,TouchPal Purple Butterfly Theme,PERSONALIZATION,7.435,6.9M,100.0,Free,0.0,Everyone,Personalization,2018-06-28,1,4.0.3 and up
4.2,2018Emoji Keyboard 😂 Emoticons Lite -sticker&gif,PERSONALIZATION,115.773,Varies with device,1000.0,Free,0.0,Everyone,Personalization,2018-05-22,Varies with device,4.1 and up
4.5,Microsoft Word,PRODUCTIVITY,2084.126,Varies with device,50000.0,Free,0.0,Everyone,Productivity,2018-07-11,16.0.10325.20043,4.4 and up
4.7,"All-In-One Toolbox: Cleaner, Booster, App Manager",PRODUCTIVITY,536.926,Varies with device,1000.0,Free,0.0,Everyone,Productivity,2018-08-05,Varies with device,Varies with device
4.3,Adobe Acrobat Reader,PRODUCTIVITY,3016.297,Varies with device,10000.0,Free,0.0,Everyone,Productivity,2018-04-17,Varies with device,Varies with device
4.4,"AVG Cleaner – Speed, Battery & Memory Booster",PRODUCTIVITY,1188.154,24M,1000.0,Free,0.0,Everyone,Productivity,2018-06-14,4.6.4,4.1 and up
4.4,Google Drive,PRODUCTIVITY,2731.171,Varies with device,100000.0,Free,0.0,Everyone,Productivity,2018-08-06,Varies with device,Varies with device
3.8,QR Scanner & Barcode Scanner 2018,PRODUCTIVITY,8.226,4.1M,1000.0,Free,0.0,Everyone,Productivity,2018-07-20,1.8.4,4.4 and up
4.4,Chrome Beta,PRODUCTIVITY,228.794,Varies with device,1000.0,Free,0.0,Everyone,Productivity,2018-08-06,68.0.3440.91,Varies with device
4.3,Microsoft Outlook,PRODUCTIVITY,3252.896,50M,10000.0,Free,0.0,Everyone,Productivity,2018-08-02,2.2.194,4.4 and up
4.5,Microsoft Excel,PRODUCTIVITY,1079.491,Varies with device,10000.0,Free,0.0,Everyone,Productivity,2018-07-14,16.0.10325.20059,4.4 and up
3.2,My Claro Peru,PRODUCTIVITY,11.2,11M,500.0,Free,0.0,Everyone,Productivity,2018-07-23,3.1.1,4.4 and up
4.5,Power Booster - Junk Cleaner & CPU Cooler & Boost,PRODUCTIVITY,9.653,5.1M,100.0,Free,0.0,Everyone,Productivity,2018-08-06,1.2.5,4.1 and up
4.4,Microsoft OneDrive,PRODUCTIVITY,1038.306,Varies with device,10000.0,Free,0.0,Everyone,Productivity,2018-08-01,Varies with device,Varies with device
4.7,Calculator - unit converter,PRODUCTIVITY,287.25,Varies with device,5000.0,Free,0.0,Everyone,Productivity,2018-05-09,Varies with device,Varies with device
4.4,Microsoft OneNote,PRODUCTIVITY,480.643,Varies with device,10000.0,Free,0.0,Everyone,Productivity,2018-07-22,16.0.10325.20024,4.4 and up
4.4,Google Keep,PRODUCTIVITY,691.474,Varies with device,10000.0,Free,0.0,Everyone,Productivity,2018-08-06,Varies with device,Varies with device
4.6,ES File Explorer File Manager,PRODUCTIVITY,5383.985,16M,10000.0,Free,0.0,Everyone,Productivity,2018-08-03,4.1.8.2.2,4.0 and up
4.0,MyMTN,PRODUCTIVITY,8.55,15M,100.0,Free,0.0,Everyone,Productivity,2018-07-25,2.1.5,4.0 and up
4.4,Dropbox,PRODUCTIVITY,1861.31,61M,50000.0,Free,0.0,Everyone,Productivity,2018-08-01,Varies with device,Varies with device
4.2,Google Calendar,PRODUCTIVITY,858.208,Varies with device,50000.0,Free,0.0,Everyone,Productivity,2018-08-06,Varies with device,Varies with device
4.3,Google Docs,PRODUCTIVITY,815.981,Varies with device,10000.0,Free,0.0,Everyone,Productivity,2018-08-06,Varies with device,Varies with device
4.2,lifebox,PRODUCTIVITY,56.403,49M,500.0,Free,0.0,Everyone,Productivity,2018-07-27,4.0.5,4.4 and up
4.4,Yandex.Disk,PRODUCTIVITY,115.072,Varies with device,500.0,Free,0.0,Everyone,Productivity,2018-07-31,Varies with device,Varies with device
4.7,Content Transfer,PRODUCTIVITY,19.302,7.2M,500.0,Free,0.0,Everyone,Productivity,2018-06-28,3.5.12,4.0.3 and up
4.6,"Evernote – Organizer, Planner for Notes & Memos",PRODUCTIVITY,1488.396,Varies with device,10000.0,Free,0.0,Everyone,Productivity,2018-08-03,Varies with device,Varies with device
3.1,HTC Mail,PRODUCTIVITY,6.572,Varies with device,1000.0,Free,0.0,Everyone,Productivity,2018-05-29,Varies with device,Varies with device
4.1,MyVodafone (India) - Online Recharge & Pay Bills,PRODUCTIVITY,1092.367,Varies with device,1000.0,Free,0.0,Everyone,Productivity,2018-08-04,8.0.1.0,Varies with device
4.5,Microsoft PowerPoint,PRODUCTIVITY,618.798,Varies with device,10000.0,Free,0.0,Everyone,Productivity,2018-07-11,16.0.10325.20043,4.4 and up
4.6,Microsoft Translator,PRODUCTIVITY,209.696,49M,500.0,Free,0.0,Everyone,Productivity,2018-06-18,3.2.258b ae1da5165,4.3 and up
4.3,"My Airtel-Online Recharge, Pay Bill, Wallet, UPI",PRODUCTIVITY,1498.393,14M,5000.0,Free,0.0,Everyone,Productivity,2018-08-02,4.3.2.0,4.2 and up
4.5,Do It Later: Tasks & To-Dos,PRODUCTIVITY,123.412,Varies with device,5000.0,Free,0.0,Everyone,Productivity,2018-04-13,Varies with device,Varies with device
4.3,Verizon Cloud,PRODUCTIVITY,185.632,Varies with device,5000.0,Free,0.0,Everyone,Productivity,2018-07-18,Varies with device,4.4 and up
3.7,myAT&T,PRODUCTIVITY,80.847,Varies with device,5000.0,Free,0.0,Everyone,Productivity,2018-07-18,Varies with device,5.0 and up
4.5,SwiftKey Keyboard,PRODUCTIVITY,2764.964,Varies with device,10000.0,Free,0.0,Everyone,Productivity,2018-08-02,Varies with device,Varies with device
4.0,MEGA,PRODUCTIVITY,549.973,Varies with device,5000.0,Free,0.0,Everyone,Productivity,2018-07-04,Varies with device,Varies with device
4.7,Loop - Habit Tracker,PRODUCTIVITY,17.955,3.8M,100.0,Free,0.0,Everyone,Productivity,2018-05-23,1.7.9,4.0.3 and up
4.6,"TickTick: To Do List with Reminder, Day Planner",PRODUCTIVITY,25.37,Varies with device,100.0,Free,0.0,Everyone,Productivity,2018-08-06,Varies with device,Varies with device
4.2,Keeper: Free Password Manager & Secure Vault,PRODUCTIVITY,74.146,32M,1000.0,Free,0.0,Everyone,Productivity,2018-07-16,12.1.0,4.4 and up
4.5,Todoist: To-do lists for task management & errands,PRODUCTIVITY,155.999,12M,1000.0,Free,0.0,Everyone,Productivity,2018-08-05,12.8.2,4.4 and up
4.4,Cozi Family Organizer,PRODUCTIVITY,56.713,25M,100.0,Free,0.0,Everyone,Productivity,2018-07-05,9.3.5776,4.1 and up
4.3,IFTTT,PRODUCTIVITY,117.255,Varies with device,100.0,Free,0.0,Everyone,Productivity,2018-08-06,Varies with device,Varies with device
4.4,Google Keep,PRODUCTIVITY,691.474,Varies with device,10000.0,Free,0.0,Everyone,Productivity,2018-08-06,Varies with device,Varies with device
4.5,"Any.do: To-do list, Calendar, Reminders & Planner",PRODUCTIVITY,298.843,Varies with device,1000.0,Free,0.0,Everyone,Productivity,2018-08-05,Varies with device,Varies with device
4.5,Trello,PRODUCTIVITY,72.513,12M,500.0,Free,0.0,Everyone,Productivity,2018-07-18,5.0.1.11068-production,5.0 and up
4.6,"Evernote – Organizer, Planner for Notes & Memos",PRODUCTIVITY,1488.396,Varies with device,10000.0,Free,0.0,Everyone,Productivity,2018-08-03,Varies with device,Varies with device
4.4,Easy Voice Recorder,PRODUCTIVITY,205.191,7.1M,1000.0,Free,0.0,Everyone,Productivity,2018-06-20,2.4.5,4.1 and up
4.6,Dashlane Free Password Manager,PRODUCTIVITY,73.695,Varies with device,100.0,Free,0.0,Everyone,Productivity,2018-08-06,Varies with device,5.0 and up
4.6,ES File Explorer File Manager,PRODUCTIVITY,5383.971,16M,10000.0,Free,0.0,Everyone,Productivity,2018-08-03,4.1.8.2.2,4.0 and up
4.3,File Browser by Astro (File Manager),PRODUCTIVITY,609.182,9.2M,5000.0,Free,0.0,Everyone,Productivity,2018-07-02,6.4.0,4.0 and up
4.6,Solid Explorer File Manager,PRODUCTIVITY,67.523,Varies with device,100.0,Free,0.0,Everyone,Productivity,2018-07-19,2.5.4,4.1 and up
4.2,Smart File Manager,PRODUCTIVITY,17.415,4.1M,100.0,Free,0.0,Everyone,Productivity,2018-07-05,3.5.9,4.0 and up
4.5,Microsoft Word,PRODUCTIVITY,2084.125,Varies with device,50000.0,Free,0.0,Everyone,Productivity,2018-07-11,16.0.10325.20043,4.4 and up
4.4,Google Drive,PRODUCTIVITY,2731.211,Varies with device,100000.0,Free,0.0,Everyone,Productivity,2018-08-06,Varies with device,Varies with device
4.3,Adobe Acrobat Reader,PRODUCTIVITY,3016.305,Varies with device,10000.0,Free,0.0,Everyone,Productivity,2018-04-17,Varies with device,Varies with device
4.3,Google Sheets,PRODUCTIVITY,496.399,Varies with device,10000.0,Free,0.0,Everyone,Productivity,2018-08-06,Varies with device,Varies with device
4.5,Microsoft Excel,PRODUCTIVITY,1079.616,Varies with device,10000.0,Free,0.0,Everyone,Productivity,2018-07-14,16.0.10325.20059,4.4 and up
4.3,Google Docs,PRODUCTIVITY,815.974,Varies with device,10000.0,Free,0.0,Everyone,Productivity,2018-08-06,Varies with device,Varies with device
4.3,"Polaris Office - Word, Docs, Sheets, Slide, PDF",PRODUCTIVITY,549.9,60M,1000.0,Free,0.0,Everyone,Productivity,2018-07-18,7.3.30,4.1 and up
4.5,Microsoft PowerPoint,PRODUCTIVITY,618.796,Varies with device,10000.0,Free,0.0,Everyone,Productivity,2018-07-11,16.0.10325.20043,4.4 and up
4.5,"WPS Office - Word, Docs, PDF, Note, Slide & Sheet",PRODUCTIVITY,1508.137,37M,10000.0,Free,0.0,Everyone,Productivity,2018-07-30,11.1.3,4.0 and up
4.4,Microsoft OneNote,PRODUCTIVITY,480.64,Varies with device,10000.0,Free,0.0,Everyone,Productivity,2018-07-22,16.0.10325.20024,4.4 and up
4.2,Google Calendar,PRODUCTIVITY,858.227,Varies with device,50000.0,Free,0.0,Everyone,Productivity,2018-08-06,Varies with device,Varies with device
4.2,Google Slides,PRODUCTIVITY,244.567,Varies with device,10000.0,Free,0.0,Everyone,Productivity,2018-08-06,Varies with device,Varies with device
4.6,ColorNote Notepad Notes,PRODUCTIVITY,2401.017,Varies with device,10000.0,Free,0.0,Everyone,Productivity,2018-06-27,Varies with device,Varies with device
4.2,Squid - Take Notes & Markup PDFs,PRODUCTIVITY,37.204,19M,100.0,Free,0.0,Everyone,Productivity,2018-07-21,3.4.4.4-GP,4.0 and up
4.0,Ultimate Notepad,PRODUCTIVITY,10.643,Varies with device,500.0,Free,0.0,Everyone,Productivity,2018-05-19,Varies with device,Varies with device
4.3,Notepad & To do list,PRODUCTIVITY,226.295,4.2M,1000.0,Free,0.0,Everyone,Productivity,2018-06-06,4.3.19,2.3.3 and up
4.6,"JotterPad - Writer, Screenplay, Novel",PRODUCTIVITY,57.904,11M,100.0,Free,0.0,Everyone,Productivity,2018-07-01,12.8.2-pi,4.2 and up
4.4,Google Keep,PRODUCTIVITY,691.474,Varies with device,10000.0,Free,0.0,Everyone,Productivity,2018-08-06,Varies with device,Varies with device
4.6,"Evernote – Organizer, Planner for Notes & Memos",PRODUCTIVITY,1488.397,Varies with device,10000.0,Free,0.0,Everyone,Productivity,2018-08-03,Varies with device,Varies with device
4.5,"Any.do: To-do list, Calendar, Reminders & Planner",PRODUCTIVITY,298.854,Varies with device,1000.0,Free,0.0,Everyone,Productivity,2018-08-05,Varies with device,Varies with device
4.5,Todoist: To-do lists for task management & errands,PRODUCTIVITY,155.999,12M,1000.0,Free,0.0,Everyone,Productivity,2018-08-05,12.8.2,4.4 and up
4.4,Microsoft OneNote,PRODUCTIVITY,480.638,Varies with device,10000.0,Free,0.0,Everyone,Productivity,2018-07-22,16.0.10325.20024,4.4 and up
4.3,Planning Center Services,PRODUCTIVITY,5.157,Varies with device,50.0,Free,0.0,Everyone,Productivity,2018-07-31,Varies with device,Varies with device
4.2,To-Do Calendar Planner,PRODUCTIVITY,30.291,Varies with device,100.0,Free,0.0,Everyone,Productivity,2018-05-29,Varies with device,Varies with device
4.5,New Calendar,PRODUCTIVITY,25.985,6.9M,100.0,Free,0.0,Everyone,Productivity,2018-07-20,1.0.167,4.0.3 and up
4.2,Calendar Widget Month + Agenda,PRODUCTIVITY,60.84,1.9M,500.0,Free,0.0,Everyone,Productivity,2018-05-31,1.26.2,4.0.3 and up
4.4,DigiCal Calendar Agenda,PRODUCTIVITY,133.573,Varies with device,500.0,Free,0.0,Everyone,Productivity,2018-07-03,Varies with device,Varies with device
4.6,Time Recording - Timesheet App,PRODUCTIVITY,23.393,Varies with device,100.0,Free,0.0,Everyone,Productivity,2018-07-12,Varies with device,Varies with device
4.3,Jorte Calendar & Organizer,PRODUCTIVITY,198.051,Varies with device,1000.0,Free,0.0,Everyone,Productivity,2018-07-30,Varies with device,Varies with device
4.6,Business Calendar 2,PRODUCTIVITY,102.594,15M,500.0,Free,0.0,Everyone,Productivity,2018-07-23,2.30.1,4.1 and up
4.2,Google Calendar,PRODUCTIVITY,858.23,Varies with device,50000.0,Free,0.0,Everyone,Productivity,2018-08-06,Varies with device,Varies with device
4.4,aCalendar - Android Phone,PRODUCTIVITY,80.119,Varies with device,1000.0,Free,0.0,Everyone,Productivity,2018-06-25,Varies with device,Varies with device
4.6,aCalendar+ Calendar & Tasks,PRODUCTIVITY,26.919,Varies with device,10.0,Paid,5.99,Everyone,Productivity,2018-06-25,Varies with device,Varies with device
4.4,Google Drive,PRODUCTIVITY,2731.211,Varies with device,100000.0,Free,0.0,Everyone,Productivity,2018-08-06,Varies with device,Varies with device
4.6,G Cloud Backup,PRODUCTIVITY,267.189,Varies with device,500.0,Free,0.0,Everyone,Productivity,2018-04-29,Varies with device,Varies with device
4.4,Microsoft OneDrive,PRODUCTIVITY,1038.303,Varies with device,10000.0,Free,0.0,Everyone,Productivity,2018-08-01,Varies with device,Varies with device
4.4,Dropbox,PRODUCTIVITY,1861.309,61M,50000.0,Free,0.0,Everyone,Productivity,2018-08-01,Varies with device,Varies with device
4.1,SugarSync,PRODUCTIVITY,16.42,3.8M,100.0,Free,0.0,Everyone,Productivity,2018-05-16,4.4.0.4,2.3.3 and up
4.3,pCloud: Free Cloud Storage,PRODUCTIVITY,16.149,Varies with device,100.0,Free,0.0,Everyone,Productivity,2018-07-24,Varies with device,Varies with device
4.1,Cloud Print,PRODUCTIVITY,282.46,Varies with device,50000.0,Free,0.0,Everyone,Productivity,2018-05-23,Varies with device,Varies with device
3.9,My baby Piano,PARENTING,17.941,Varies with device,500.0,Free,0.0,Everyone,Parenting;Music & Video,2018-05-27,Varies with device,Varies with device
3.8,My baby Game (Balloon POP!),PARENTING,3.614,3.3M,100.0,Free,0.0,Everyone,Parenting;Brain Games,2018-05-28,2.15.2714,4.0 and up
4.6,Development of the child up to a year,PARENTING,1.413,14M,10.0,Free,0.0,Mature 17+,Parenting,2018-07-20,2.9.9,4.1 and up
4.0,Baby Panda Learns Shapes,PARENTING,3.789,42M,100.0,Free,0.0,Everyone,Parenting;Education,2018-06-21,8.25.10.00,4.0.3 and up
3.7,My baby firework,PARENTING,4.976,2.8M,100.0,Free,0.0,Everyone,Parenting;Education,2018-05-28,2.04.2714,4.0 and up
3.7,My baby Phone,PARENTING,9.293,2.4M,100.0,Free,0.0,Everyone,Parenting,2018-05-28,2.03.2714,4.0 and up
4.6,Baby Sleep: White noise lullabies for newborns,PARENTING,62.386,3.4M,100.0,Free,0.0,Everyone,Parenting,2018-06-12,2.7,4.0 and up
4.7,Family Album Mitene: Private Photo & Video Sharing,PARENTING,34.336,Varies with device,100.0,Free,0.0,Everyone,Parenting,2018-07-31,Varies with device,Varies with device
4.4,Family GPS Tracker and Chat + Baby Monitor Online,PARENTING,9.073,Varies with device,50.0,Free,0.0,Everyone,Parenting,2018-08-02,Varies with device,4.2 and up
4.4,Safe365 – Cell Phone GPS Locator For Your Family,PARENTING,11.501,11M,100.0,Free,0.0,Everyone,Parenting,2018-07-30,3.7.1,4.0.3 and up
4.2,"Amazon FreeTime – Kids’ Videos, Books, & TV shows",PARENTING,2.715,24M,50.0,Free,0.0,Everyone,Parenting;Music & Video,2018-07-24,FreeTimeApp-aosp_v3.14_Build-1.0.204367.0.13014,5.0 and up
4.8,Classical music for baby,PARENTING,1.94,38M,10.0,Free,0.0,Everyone,Parenting;Music & Video,2018-07-18,1.04,4.2 and up
4.5,My Child from eDziecko.pl,PARENTING,1.025,17M,10.0,Free,0.0,Everyone,Parenting,2018-06-29,1.3.9,4.1 and up
4.0,Baby Panda Musical Genius,PARENTING,3.346,37M,100.0,Free,0.0,Everyone,Parenting;Music & Video,2018-06-15,8.25.10.00,4.0.3 and up
3.9,Vegetable Fun,PARENTING,3.182,46M,100.0,Free,0.0,Everyone,Parenting;Education,2018-06-15,8.25.10.00,4.0.3 and up
4.4,It's open.,PARENTING,1.528,16M,10.0,Free,0.0,Everyone,Parenting,2018-07-24,8.1.2,4.4 and up
4.5,Feed Baby - Baby Tracker,PARENTING,76.795,18M,100.0,Free,0.0,Everyone,Parenting,2018-08-01,2.0.6,4.1 and up
4.4,The Weather Channel: Rain Forecast & Storm Alerts,WEATHER,1558.437,Varies with device,5000.0,Free,0.0,Everyone,Weather,2018-08-01,Varies with device,Varies with device
4.8,Weather forecast,WEATHER,159.455,10M,100.0,Free,0.0,Everyone,Weather,2018-05-08,1.11.93,4.4 and up
4.4,AccuWeather: Daily Forecast & Live Weather Reports,WEATHER,2053.404,Varies with device,5000.0,Free,0.0,Everyone,Weather,2018-08-06,Varies with device,Varies with device
4.5,"Weather by WeatherBug: Forecast, Radar & Alerts",WEATHER,981.995,Varies with device,1000.0,Free,0.0,Everyone,Weather,2018-06-07,Varies with device,Varies with device
4.7,weather - weather forecast,WEATHER,11.118,9.7M,100.0,Free,0.0,Everyone,Weather,2018-04-26,30,4.0 and up
4.5,MyRadar NOAA Weather Radar,WEATHER,178.934,Varies with device,1000.0,Free,0.0,Everyone,Weather,2018-08-04,Varies with device,Varies with device
3.5,SMHI Weather,WEATHER,11.297,Varies with device,100.0,Free,0.0,Everyone,Weather,2018-06-26,Varies with device,Varies with device
4.4,Free live weather on screen,WEATHER,15.37,21M,100.0,Free,0.0,Everyone,Weather,2018-08-02,12.2.6.3660,4.1 and up
4.4,Weather –Simple weather forecast,WEATHER,40.606,15M,1000.0,Free,0.0,Everyone,Weather,2018-08-05,v7.0.02.3.0516.1_06_0713,5.0 and up
4.2,Weather Crave,WEATHER,133.338,44M,500.0,Free,0.0,Everyone,Weather,2018-06-26,6.1.3,4.1 and up
4.6,Klara weather,WEATHER,36.9,4.8M,50.0,Free,0.0,Everyone,Weather,2018-07-28,1.3.6,4.0 and up
4.4,Yahoo Weather,WEATHER,1312.037,Varies with device,1000.0,Free,0.0,Everyone,Weather,2018-08-01,Varies with device,Varies with device
3.9,METEO FRANCE,WEATHER,100.994,54M,500.0,Free,0.0,Everyone,Weather,2018-07-13,5.9.7,4.1 and up
4.3,APE Weather ( Live Forecast),WEATHER,20.008,9.1M,500.0,Free,0.0,Everyone,Weather,2018-07-03,7.1.34.28,5.0 and up
4.5,Live Weather & Daily Local Weather Forecast,WEATHER,13.426,19M,100.0,Free,0.0,Everyone,Weather,2018-07-17,9.9.1.1910,4.1 and up
4.2,Weather,WEATHER,18.773,12M,1000.0,Free,0.0,Everyone,Weather,2018-05-24,1.3.A.2.9,4.4 and up
3.7,Rainfall radar - weather,WEATHER,26.941,Varies with device,500.0,Free,0.0,Everyone,Weather,2018-07-13,Varies with device,Varies with device
4.2,Yahoo! Weather for SH Forecast for understanding the approach of rain clouds Free,WEATHER,7.457,Varies with device,100.0,Free,0.0,Everyone,Weather,2018-08-02,Varies with device,Varies with device
3.9,The Weather Network,WEATHER,135.337,Varies with device,500.0,Free,0.0,Everyone,Weather,2018-08-06,Varies with device,Varies with device
3.6,Klart.se - Sweden's best weather,WEATHER,7.623,19M,100.0,Free,0.0,Everyone,Weather,2018-07-11,3.18.5,4.4 and up
4.5,"GO Weather - Widget, Theme, Wallpaper, Efficient",WEATHER,1422.858,Varies with device,5000.0,Free,0.0,Everyone,Weather,2018-08-03,Varies with device,Varies with device
4.3,Weather From DMI/YR,WEATHER,2.143,Varies with device,10.0,Free,0.0,Everyone,Weather,2018-07-31,Varies with device,Varies with device
4.2,wetter.com - Weather and Radar,WEATHER,189.313,38M,1000.0,Free,0.0,Everyone,Weather,2018-08-06,Varies with device,Varies with device
4.6,Storm Radar: Tornado Tracker & Hurricane Alerts,WEATHER,89.868,Varies with device,100.0,Free,0.0,Everyone,Weather,2018-06-12,Varies with device,Varies with device
4.5,Yandex.Weather,WEATHER,309.617,Varies with device,1000.0,Free,0.0,Everyone,Weather,2018-07-23,Varies with device,Varies with device
4.5,Local Weather Forecast & Visual Widget,WEATHER,3.478,6.1M,50.0,Free,0.0,Everyone,Weather,2018-08-02,2.9.10,4.2 and up
4.2,Wetter by t-online.de,WEATHER,24.349,9.2M,100.0,Free,0.0,Everyone,Weather,2018-05-14,1.8.4.5,4.1 and up
4.8,Weather Live Pro,WEATHER,17.493,11M,10.0,Paid,4.49,Everyone,Weather,2018-04-20,1.3,4.4 and up
4.5,New 2018 Weather App & Widget,WEATHER,2.332,20M,50.0,Free,0.0,Teen,Weather,2018-08-03,12.2.7.3671,4.1 and up
4.5,Météociel,WEATHER,29.344,22M,50.0,Free,0.0,Everyone,Weather,2018-07-25,4.1.11 - Hegoa,4.1 and up
4.2,Weather by eltiempo.es,WEATHER,67.772,Varies with device,500.0,Free,0.0,Everyone,Weather,2018-08-02,Varies with device,Varies with device
4.3,YouTube,VIDEO_PLAYERS,25655.305,Varies with device,100000.0,Free,0.0,Teen,Video Players & Editors,2018-08-02,Varies with device,Varies with device
4.3,All Video Downloader 2018,VIDEO_PLAYERS,7.557,5.6M,100.0,Free,0.0,Everyone,Video Players & Editors,2018-07-25,1.0.1,4.4 and up
4.2,Video Downloader,VIDEO_PLAYERS,59.089,5.4M,1000.0,Free,0.0,Everyone,Video Players & Editors,2018-08-03,1.0.8,4.4 and up
4.3,HD Video Player,VIDEO_PLAYERS,1.551,2.9M,100.0,Free,0.0,Everyone,Video Players & Editors,2018-07-25,1.1,4.1 and up
3.6,Iqiyi (for tablet),VIDEO_PLAYERS,12.764,25M,100.0,Free,0.0,Teen,Video Players & Editors,2018-07-11,7.1,4.0 and up
3.9,Motorola FM Radio,VIDEO_PLAYERS,54.807,Varies with device,10000.0,Free,0.0,Everyone,Video Players & Editors,2018-05-02,Varies with device,Varies with device
4.8,Video Player All Format,VIDEO_PLAYERS,259.003,Varies with device,1000.0,Free,0.0,Everyone,Video Players & Editors,2018-08-03,Varies with device,4.3 and up
4.6,Video Player All Format for Android,VIDEO_PLAYERS,3.93,3.3M,50.0,Free,0.0,Everyone,Video Players & Editors,2018-07-26,1.1.7,4.0.3 and up
4.4,VLC for Android,VIDEO_PLAYERS,1032.076,Varies with device,10000.0,Free,0.0,Everyone,Video Players & Editors,2018-07-30,Varies with device,2.3 and up
4.2,Vote for,VIDEO_PLAYERS,193.381,17M,5000.0,Free,0.0,Teen,Video Players & Editors,2018-08-03,1.78,4.0.3 and up
4.1,XX HD Video downloader-Free Video Downloader,VIDEO_PLAYERS,7.624,6.0M,100.0,Free,0.0,Everyone,Video Players & Editors,2018-04-20,1.9,4.0.3 and up
3.8,OBJECTIVE,VIDEO_PLAYERS,19.738,33M,100.0,Free,0.0,Teen,Video Players & Editors,2018-08-07,9.7.6,4.0 and up
4.4,Music - Mp3 Player,VIDEO_PLAYERS,259.605,3.1M,1000.0,Free,0.0,Everyone,Video Players & Editors,2018-08-03,1.6.1,4.0.3 and up
4.6,"YouCut - Video Editor & Video Maker, No Watermark",VIDEO_PLAYERS,98.819,27M,500.0,Free,0.0,Everyone,Video Players & Editors,2018-08-06,1.251.54,4.3 and up
4.7,"Video Editor,Crop Video,Movie Video,Music,Effects",VIDEO_PLAYERS,53.006,44M,100.0,Free,0.0,Everyone,Video Players & Editors,2018-08-03,1.5.1,4.4 and up
4.3,YouTube Studio,VIDEO_PLAYERS,436.921,Varies with device,1000.0,Free,0.0,Teen,Video Players & Editors,2018-06-28,Varies with device,Varies with device
4.3,Vigo Video,VIDEO_PLAYERS,1615.596,Varies with device,5000.0,Free,0.0,Teen,Video Players & Editors,2018-08-03,Varies with device,4.0.3 and up
3.7,Google Play Movies & TV,VIDEO_PLAYERS,906.384,Varies with device,100000.0,Free,0.0,Teen,Video Players & Editors,2018-08-06,Varies with device,Varies with device
3.6,VPlayer,VIDEO_PLAYERS,5.639,Varies with device,100.0,Free,0.0,Everyone,Video Players & Editors,2018-04-12,Varies with device,Varies with device
4.4,Samsung Video Library,VIDEO_PLAYERS,25.922,6.1M,5000.0,Free,0.0,Everyone,Video Players & Editors,2018-05-09,1.4.08.2,7.0 and up
3.8,OnePlus Gallery,VIDEO_PLAYERS,5.555,64M,100.0,Free,0.0,Everyone,Video Players & Editors,2018-07-12,2.6.71,7.1 and up
4.6,LIKE – Magic Video Maker & Community,VIDEO_PLAYERS,921.868,47M,5000.0,Free,0.0,Teen,Video Players & Editors,2018-08-04,2.4.11,4.0 and up
4.3,Play Tube,VIDEO_PLAYERS,15.874,5.4M,100.0,Free,0.0,Everyone,Video Players & Editors,2018-07-05,1.2,4.1 and up
4.4,video player,VIDEO_PLAYERS,26.421,Varies with device,100.0,Free,0.0,Everyone,Video Players & Editors,2018-05-30,3.4.5,4.1 and up
3.1,G Guide Program Guide (SOFTBANK EMOBILE WILLCOM version),VIDEO_PLAYERS,2.689,Varies with device,100.0,Free,0.0,Everyone,Video Players & Editors,2018-07-18,Varies with device,Varies with device
4.6,Video.Guru - Video Maker,VIDEO_PLAYERS,36.969,27M,100.0,Free,0.0,Everyone,Video Players & Editors,2018-08-06,1.137.22,4.3 and up
4.5,"PowerDirector Video Editor App: 4K, Slow Mo & More",VIDEO_PLAYERS,714.665,50M,1000.0,Free,0.0,Everyone,Video Players & Editors,2018-07-24,4.13.3,4.3 and up
4.0,Cartoon Network App,VIDEO_PLAYERS,119.202,Varies with device,1000.0,Free,0.0,Everyone 10+,Video Players & Editors;Music & Video,2018-06-21,Varies with device,Varies with device
4.5,MX Player,VIDEO_PLAYERS,6474.426,Varies with device,50000.0,Free,0.0,Everyone,Video Players & Editors,2018-08-06,Varies with device,Varies with device
4.3,Video Status,VIDEO_PLAYERS,6.685,4.0M,100.0,Free,0.0,Everyone,Video Players & Editors,2018-08-02,1.1.4,4.1 and up
3.7,SVT Play,VIDEO_PLAYERS,11.549,Varies with device,100.0,Free,0.0,Teen,Video Players & Editors,2018-07-13,Varies with device,Varies with device
3.9,BluTV,VIDEO_PLAYERS,28.835,Varies with device,100.0,Free,0.0,Teen,Video Players & Editors,2018-07-26,Varies with device,Varies with device
3.5,Tencent Video - Supporting the whole network,VIDEO_PLAYERS,13.205,44M,100.0,Free,0.0,Teen,Video Players & Editors,2018-07-31,6.2.2.17136,3.0 and up
4.3,amazer - Global Kpop Video Community,VIDEO_PLAYERS,1.215,23M,10.0,Free,0.0,Everyone 10+,Video Players & Editors,2018-07-20,1.5.4,4.1 and up
4.5,MX Player,VIDEO_PLAYERS,6474.672,Varies with device,50000.0,Free,0.0,Everyone,Video Players & Editors,2018-08-06,Varies with device,Varies with device
4.1,Video Editor,VIDEO_PLAYERS,159.622,23M,500.0,Free,0.0,Everyone,Video Players & Editors;Creativity,2018-07-17,6.14.091,4.3 and up
4.4,"Omlet Arcade - Stream, Meet, Play",VIDEO_PLAYERS,169.965,14M,1000.0,Free,0.0,Teen,Video Players & Editors,2018-08-02,1.32.1,4.3 and up
4.4,VUE: video editor & camcorder,VIDEO_PLAYERS,38.63,89M,100.0,Free,0.0,Everyone,Video Players & Editors,2018-08-05,2.1.6,4.4 and up
4.5,"Fox News – Breaking News, Live Video & News Alerts",NEWS_AND_MAGAZINES,249.919,Varies with device,1000.0,Free,0.0,Everyone 10+,News & Magazines,2018-07-30,Varies with device,Varies with device
4.4,"NEW - Read Newspaper, News 24h",NEWS_AND_MAGAZINES,158.196,Varies with device,1000.0,Free,0.0,Everyone,News & Magazines,2018-07-27,Varies with device,Varies with device
4.3,BaBe + - Indonesian News,NEWS_AND_MAGAZINES,42.624,16M,100.0,Free,0.0,Everyone 10+,News & Magazines,2018-08-01,6.6.4,4.0 and up
4.3,BBC News,NEWS_AND_MAGAZINES,296.781,Varies with device,1000.0,Free,0.0,Everyone 10+,News & Magazines,2018-07-24,Varies with device,Varies with device
4.6,"Free TV Shows App:News, TV Series, Episode, Movies",NEWS_AND_MAGAZINES,29.706,11M,100.0,Free,0.0,Teen,News & Magazines,2018-08-02,2.71,4.1 and up
4.1,News24,NEWS_AND_MAGAZINES,30.693,Varies with device,100.0,Free,0.0,Everyone 10+,News & Magazines,2018-08-01,Varies with device,Varies with device
4.2,"Le Monde, the continuous news",NEWS_AND_MAGAZINES,83.558,Varies with device,500.0,Free,0.0,Everyone,News & Magazines,2018-07-18,Varies with device,Varies with device
3.5,Wireless news,NEWS_AND_MAGAZINES,6.066,56M,100.0,Free,0.0,Everyone,News & Magazines,2018-04-16,2.1.4,4.4 and up
4.0,CNN Breaking US & World News,NEWS_AND_MAGAZINES,293.08,25M,1000.0,Free,0.0,Everyone 10+,News & Magazines,2018-08-06,5.17,4.4 and up
3.8,Gnoche entertainment news · sports news is also free,NEWS_AND_MAGAZINES,54.256,Varies with device,500.0,Free,0.0,Everyone,News & Magazines,2018-07-23,Varies with device,Varies with device
4.3,BaBe - Read News,NEWS_AND_MAGAZINES,355.921,17M,1000.0,Free,0.0,Teen,News & Magazines,2018-08-01,9.1.4,4.0 and up
4.3,Nigeria News NAIJ.com,NEWS_AND_MAGAZINES,37.882,9.1M,100.0,Free,0.0,Teen,News & Magazines,2018-06-01,8.2.9,4.0.3 and up
4.1,detikcom - Latest & Most Complete News,NEWS_AND_MAGAZINES,190.888,11M,1000.0,Free,0.0,Teen,News & Magazines,2018-07-13,5.2.5,4.1 and up
4.3,"Dailyhunt (Newshunt) - Latest News, Viral Videos",NEWS_AND_MAGAZINES,948.198,Varies with device,5000.0,Free,0.0,Teen,News & Magazines,2018-07-19,Varies with device,Varies with device
4.5,BaBe Lite - Read Quota Saving News,NEWS_AND_MAGAZINES,9.548,15M,100.0,Free,0.0,Everyone,News & Magazines,2018-08-01,6.6.4,4.0 and up
4.4,ARY NEWS URDU,NEWS_AND_MAGAZINES,1.071,9.7M,50.0,Free,0.0,Everyone,News & Magazines,2018-07-25,5.8.0,4.1 and up
4.0,Bengali Newspaper - The first L.,NEWS_AND_MAGAZINES,11.908,5.5M,100.0,Free,0.0,Everyone,News & Magazines,2018-07-01,8.3,4.1 and up
4.1,"Read- Latest News, Information, Gossip and Politics",NEWS_AND_MAGAZINES,185.058,6.7M,1000.0,Free,0.0,Teen,News & Magazines,2018-08-01,3.1.6.9,4.1 and up
4.6,"Reddit: Social News, Trending Memes & Funny Videos",NEWS_AND_MAGAZINES,697.212,Varies with device,1000.0,Free,0.0,Mature 17+,News & Magazines,2018-08-02,Varies with device,Varies with device
3.9,Google News,NEWS_AND_MAGAZINES,877.635,13M,100000.0,Free,0.0,Teen,News & Magazines,2018-08-01,5.2.0,4.4 and up
4.5,Opera News - Trending news and videos,NEWS_AND_MAGAZINES,51.684,8.5M,1000.0,Free,0.0,Teen,News & Magazines,2018-07-31,4.2.2254.129147,Varies with device
4.7,"Topbuzz: Breaking News, Videos & Funny GIFs",NEWS_AND_MAGAZINES,175.11,25M,1000.0,Free,0.0,Mature 17+,News & Magazines,2018-08-06,6.7.3,4.0 and up
4.3,Twitter,NEWS_AND_MAGAZINES,11667.403,Varies with device,50000.0,Free,0.0,Mature 17+,News & Magazines,2018-08-06,Varies with device,Varies with device
4.5,"Pulse Nabd - World News, Urgent",NEWS_AND_MAGAZINES,357.944,12M,1000.0,Free,0.0,Everyone,News & Magazines,2018-07-12,9.1,4.1 and up
4.7,"Breaking News, Local news, Attacks and Alerts Free",NEWS_AND_MAGAZINES,2.543,6.3M,50.0,Free,0.0,Everyone,News & Magazines,2018-07-19,8.0.6,4.1 and up
3.8,WE,NEWS_AND_MAGAZINES,18.818,Varies with device,100.0,Free,0.0,Everyone 10+,News & Magazines,2018-06-26,Varies with device,Varies with device
4.0,Sky News,NEWS_AND_MAGAZINES,30.287,19M,100.0,Free,0.0,Everyone 10+,News & Magazines,2018-08-03,4.11.0.611033,4.1 and up
4.2,Microsoft News,NEWS_AND_MAGAZINES,31.504,31M,100.0,Free,0.0,Everyone 10+,News & Magazines,2018-07-30,18.201.01,5.0 and up
4.0,"Onet - news, weather, sport",NEWS_AND_MAGAZINES,13.95,Varies with device,100.0,Free,0.0,Mature 17+,News & Magazines,2018-08-06,Varies with device,Varies with device
4.2,"Vietnam Today - Read online newspapers, the hottest news 24h",NEWS_AND_MAGAZINES,21.147,9.0M,500.0,Free,0.0,Teen,News & Magazines,2018-08-06,2.2.1,4.0.3 and up
3.4,Apple Daily Apple News,NEWS_AND_MAGAZINES,41.49,25M,500.0,Free,0.0,Teen,News & Magazines,2018-07-24,4.6.0,4.1 and up
4.5,РИА Новости,NEWS_AND_MAGAZINES,44.274,8.0M,100.0,Free,0.0,Everyone,News & Magazines,2018-08-06,4.0.6,4.4 and up
4.0,Tencent News,NEWS_AND_MAGAZINES,7.006,23M,100.0,Free,0.0,Everyone,News & Magazines,2018-07-31,5.6.40,4.0 and up
4.4,ARY NEWS,NEWS_AND_MAGAZINES,2.959,9.8M,100.0,Free,0.0,Everyone,News & Magazines,2018-08-04,7.5.0,4.1 and up
4.2,Kurio - Read the Latest News,NEWS_AND_MAGAZINES,40.167,8.7M,100.0,Free,0.0,Everyone,News & Magazines,2018-07-30,3.12.0,4.4 and up
4.1,Daily Mail Online,NEWS_AND_MAGAZINES,56.807,Varies with device,500.0,Free,0.0,Everyone 10+,News & Magazines,2018-07-30,Varies with device,Varies with device
4.4,Flipboard: News For Our Time,NEWS_AND_MAGAZINES,1284.017,Varies with device,50000.0,Free,0.0,Everyone 10+,News & Magazines,2018-08-03,Varies with device,Varies with device
3.7,"AD - News, Sports, Region & Entertainment",NEWS_AND_MAGAZINES,10.382,Varies with device,100.0,Free,0.0,Everyone,News & Magazines,2018-07-28,Varies with device,Varies with device
4.6,Podcast Addict,NEWS_AND_MAGAZINES,413.999,10M,500.0,Free,0.0,Teen,News & Magazines,2018-08-03,3.53.2,4.1 and up
4.5,Podcast Republic - Podcast Player & Radio Player,NEWS_AND_MAGAZINES,66.978,Varies with device,100.0,Free,0.0,Teen,News & Magazines,2018-08-06,Varies with device,Varies with device
4.6,Podcast App: Free & Offline Podcasts by Player FM,NEWS_AND_MAGAZINES,66.384,19M,100.0,Free,0.0,Teen,News & Magazines,2018-07-25,4.1.0.72,4.0 and up
4.5,Spreaker Podcast Radio,NEWS_AND_MAGAZINES,17.703,6.6M,50.0,Free,0.0,Teen,News & Magazines,2018-06-07,4.10.0,4.4 and up
3.9,BeyondPod Podcast Manager,NEWS_AND_MAGAZINES,32.121,Varies with device,100.0,Free,0.0,Everyone,News & Magazines,2018-04-13,Varies with device,Varies with device
4.4,"issuu - Read Magazines, Catalogs, Newspapers.",NEWS_AND_MAGAZINES,74.425,8.6M,100.0,Free,0.0,Everyone,News & Magazines,2018-07-18,5.14.0,4.0.3 and up
3.9,Google News,NEWS_AND_MAGAZINES,877.635,13M,100000.0,Free,0.0,Teen,News & Magazines,2018-08-01,5.2.0,4.4 and up
4.3,"BuzzFeed: News, Tasty, Quizzes",NEWS_AND_MAGAZINES,131.028,13M,500.0,Free,0.0,Teen,News & Magazines,2018-07-30,5.38,4.4 and up
4.4,Flipboard: News For Our Time,NEWS_AND_MAGAZINES,1284.017,Varies with device,50000.0,Free,0.0,Everyone 10+,News & Magazines,2018-08-03,Varies with device,Varies with device
3.6,LA Times: Your California News,NEWS_AND_MAGAZINES,3.311,10M,10.0,Free,0.0,Everyone,News & Magazines,2018-04-24,4.0.1,4.2 and up
4.5,The Washington Post Classic,NEWS_AND_MAGAZINES,23.158,Varies with device,100.0,Free,0.0,Everyone 10+,News & Magazines,2018-07-17,Varies with device,Varies with device
3.6,Chicago Tribune,NEWS_AND_MAGAZINES,1.38,Varies with device,10.0,Free,0.0,Everyone,News & Magazines,2018-07-26,Varies with device,4.1 and up
4.1,USA TODAY,NEWS_AND_MAGAZINES,49.259,Varies with device,500.0,Free,0.0,Everyone 10+,News & Magazines,2018-08-02,Varies with device,Varies with device
4.1,The Wall Street Journal: Business & Market News,NEWS_AND_MAGAZINES,40.975,36M,100.0,Free,0.0,Everyone 10+,News & Magazines,2018-08-02,4.4.2.19,4.1 and up
4.2,Financial Times,NEWS_AND_MAGAZINES,27.104,8.2M,100.0,Free,0.0,Everyone 10+,News & Magazines,2018-08-03,2.42.1.9,4.4 and up
4.7,The Guardian,NEWS_AND_MAGAZINES,247.992,22M,500.0,Free,0.0,Teen,News & Magazines,2018-07-25,6.5.1725,4.1 and up
3.9,NYTimes - Latest News,NEWS_AND_MAGAZINES,63.647,23M,1000.0,Free,0.0,Everyone 10+,News & Magazines,2018-08-01,6.19.5,4.4 and up
4.4,News360: Personalized News,NEWS_AND_MAGAZINES,30.722,Varies with device,100.0,Free,0.0,Teen,News & Magazines,2018-08-02,Varies with device,Varies with device
4.3,BBC News,NEWS_AND_MAGAZINES,296.781,Varies with device,1000.0,Free,0.0,Everyone 10+,News & Magazines,2018-07-24,Varies with device,Varies with device
4.6,RT News (Russia Today),NEWS_AND_MAGAZINES,56.524,14M,100.0,Free,0.0,Teen,News & Magazines,2018-08-06,3.5.13,4.0.3 and up
4.0,NPR News,NEWS_AND_MAGAZINES,24.79,Varies with device,100.0,Free,0.0,Everyone,News & Magazines,2018-07-20,Varies with device,Varies with device
4.3,Reuters News,NEWS_AND_MAGAZINES,13.169,25M,100.0,Free,0.0,Everyone 10+,News & Magazines,2018-06-06,3.4.4,4.1 and up
4.2,Bloomberg: Market & Financial News,NEWS_AND_MAGAZINES,61.692,27M,1000.0,Free,0.0,Everyone,News & Magazines,2018-07-25,5.9.1.1347176.a3ca6ab274,4.4 and up
4.5,"Fox News – Breaking News, Live Video & News Alerts",NEWS_AND_MAGAZINES,249.919,Varies with device,1000.0,Free,0.0,Everyone 10+,News & Magazines,2018-07-30,Varies with device,Varies with device
4.3,Haystack TV: Local & World News - Free,NEWS_AND_MAGAZINES,3.684,Varies with device,10.0,Free,0.0,Everyone 10+,News & Magazines,2018-08-02,Varies with device,Varies with device
4.0,ABC News - US & World News,NEWS_AND_MAGAZINES,18.976,35M,100.0,Free,0.0,Everyone 10+,News & Magazines,2018-06-06,3.19.11,5.0 and up
4.6,Sync for reddit,NEWS_AND_MAGAZINES,62.74,8.6M,50.0,Free,0.0,Mature 17+,News & Magazines,2018-06-16,16.3,4.1 and up
4.1,USA TODAY,NEWS_AND_MAGAZINES,49.259,Varies with device,500.0,Free,0.0,Everyone 10+,News & Magazines,2018-08-02,Varies with device,Varies with device
4.0,CNN Breaking US & World News,NEWS_AND_MAGAZINES,293.08,25M,1000.0,Free,0.0,Everyone 10+,News & Magazines,2018-08-06,5.17,4.4 and up
4.2,HuffPost - News,NEWS_AND_MAGAZINES,78.154,12M,100.0,Free,0.0,Everyone 10+,News & Magazines,2018-08-03,19.2.8,4.4 and up
4.3,News Republic,NEWS_AND_MAGAZINES,479.594,18M,1000.0,Free,0.0,Teen,News & Magazines,2018-07-28,9.2.3,4.0 and up
4.2,Newsroom: News Worth Sharing,NEWS_AND_MAGAZINES,201.737,Varies with device,1000.0,Free,0.0,Everyone 10+,News & Magazines,2018-07-03,Varies with device,Varies with device
4.3,Twitter,NEWS_AND_MAGAZINES,11667.403,Varies with device,50000.0,Free,0.0,Mature 17+,News & Magazines,2018-08-06,Varies with device,Varies with device
4.2,SmartNews: Breaking News Headlines,NEWS_AND_MAGAZINES,233.305,3.1M,1000.0,Free,0.0,Everyone,News & Magazines,2018-08-03,5.1.10,2.2 and up
4.0,Updates for Samsung - Android Update Versions,NEWS_AND_MAGAZINES,80.368,Varies with device,1000.0,Free,0.0,Everyone,News & Magazines,2018-05-17,Varies with device,Varies with device
4.2,AC - Tips & News for Android™,NEWS_AND_MAGAZINES,23.292,14M,100.0,Free,0.0,Everyone 10+,News & Magazines,2018-05-24,3.1.12,4.1 and up
4.3,BBC News,NEWS_AND_MAGAZINES,296.781,Varies with device,1000.0,Free,0.0,Everyone 10+,News & Magazines,2018-07-24,Varies with device,Varies with device
4.0,NPR News,NEWS_AND_MAGAZINES,24.79,Varies with device,100.0,Free,0.0,Everyone,News & Magazines,2018-07-20,Varies with device,Varies with device
4.5,"Fox News – Breaking News, Live Video & News Alerts",NEWS_AND_MAGAZINES,249.919,Varies with device,1000.0,Free,0.0,Everyone 10+,News & Magazines,2018-07-30,Varies with device,Varies with device
4.3,CBS News,NEWS_AND_MAGAZINES,23.641,23M,100.0,Free,0.0,Everyone 10+,News & Magazines,2018-06-29,3.9.0,4.1 and up
4.3,Haystack TV: Local & World News - Free,NEWS_AND_MAGAZINES,3.684,Varies with device,10.0,Free,0.0,Everyone 10+,News & Magazines,2018-08-02,Varies with device,Varies with device
3.9,NPR One,NEWS_AND_MAGAZINES,13.217,8.8M,100.0,Free,0.0,Teen,News & Magazines,2018-08-03,1.8.7.0,5.0 and up
4.0,ABC News - US & World News,NEWS_AND_MAGAZINES,18.976,35M,100.0,Free,0.0,Everyone 10+,News & Magazines,2018-06-06,3.19.11,5.0 and up
4.1,USA TODAY,NEWS_AND_MAGAZINES,49.259,Varies with device,500.0,Free,0.0,Everyone 10+,News & Magazines,2018-08-02,Varies with device,Varies with device
4.1,The Wall Street Journal: Business & Market News,NEWS_AND_MAGAZINES,40.975,36M,100.0,Free,0.0,Everyone 10+,News & Magazines,2018-08-02,4.4.2.19,4.1 and up
4.0,JailBase - Arrests + Mugshots,NEWS_AND_MAGAZINES,17.24,Varies with device,100.0,Free,0.0,Everyone 10+,News & Magazines,2018-08-03,Varies with device,4.1 and up
4.0,CNN Breaking US & World News,NEWS_AND_MAGAZINES,293.08,25M,1000.0,Free,0.0,Everyone 10+,News & Magazines,2018-08-06,5.17,4.4 and up
4.5,Pocket,NEWS_AND_MAGAZINES,256.68,12M,1000.0,Free,0.0,Everyone,News & Magazines,2018-07-24,6.7.15.7,4.0.3 and up
4.1,"AOL - News, Mail & Video",NEWS_AND_MAGAZINES,62.465,Varies with device,500.0,Free,0.0,Everyone 10+,News & Magazines,2018-08-02,Varies with device,Varies with device
3.9,NYTimes - Latest News,NEWS_AND_MAGAZINES,63.647,23M,1000.0,Free,0.0,Everyone 10+,News & Magazines,2018-08-01,6.19.5,4.4 and up
4.2,Newsroom: News Worth Sharing,NEWS_AND_MAGAZINES,201.737,Varies with device,1000.0,Free,0.0,Everyone 10+,News & Magazines,2018-07-03,Varies with device,Varies with device
3.9,Google News,NEWS_AND_MAGAZINES,877.643,13M,100000.0,Free,0.0,Teen,News & Magazines,2018-08-01,5.2.0,4.4 and up
4.5,BaconReader for Reddit,NEWS_AND_MAGAZINES,103.074,Varies with device,100.0,Free,0.0,Mature 17+,News & Magazines,2018-07-02,Varies with device,Varies with device
4.3,"BuzzFeed: News, Tasty, Quizzes",NEWS_AND_MAGAZINES,131.028,13M,500.0,Free,0.0,Teen,News & Magazines,2018-07-30,5.38,4.4 and up
4.4,Flipboard: News For Our Time,NEWS_AND_MAGAZINES,1284.018,Varies with device,50000.0,Free,0.0,Everyone 10+,News & Magazines,2018-08-03,Varies with device,Varies with device
4.6,"Waze - GPS, Maps, Traffic Alerts & Live Navigation",MAPS_AND_NAVIGATION,7232.629,Varies with device,10000.0,Free,0.0,Everyone,Maps & Navigation,2018-07-29,Varies with device,Varies with device
4.2,"T map (te map, T map, navigation)",MAPS_AND_NAVIGATION,15.681,Varies with device,500.0,Free,0.0,Everyone,Maps & Navigation,2018-08-02,Varies with device,Varies with device
4.1,"MapQuest: Directions, Maps, GPS & Navigation",MAPS_AND_NAVIGATION,53.481,Varies with device,1000.0,Free,0.0,Everyone,Maps & Navigation,2018-05-22,Varies with device,Varies with device
4.4,"Yahoo! transit guide free timetable, operation information, transfer search",MAPS_AND_NAVIGATION,104.8,22M,1000.0,Free,0.0,Everyone,Maps & Navigation,2018-07-26,7.0.1,4.0 and up
4.4,乗換NAVITIME　Timetable & Route Search in Japan Tokyo,MAPS_AND_NAVIGATION,50.459,Varies with device,500.0,Free,0.0,Everyone,Maps & Navigation,2018-07-26,Varies with device,Varies with device
4.2,Transit: Real-Time Transit App,MAPS_AND_NAVIGATION,43.269,Varies with device,500.0,Free,0.0,Everyone,Maps & Navigation,2018-07-18,4.4.7,Varies with device
4.5,Mapy.cz - Cycling & Hiking offline maps,MAPS_AND_NAVIGATION,56.443,43M,100.0,Free,0.0,Everyone,Maps & Navigation,2018-06-26,6.2.0,4.1 and up
4.2,Uber,MAPS_AND_NAVIGATION,4928.42,Varies with device,10000.0,Free,0.0,Everyone,Maps & Navigation,2018-08-06,Varies with device,Varies with device
4.4,GPS Navigation & Offline Maps Sygic,MAPS_AND_NAVIGATION,1421.884,33M,5000.0,Free,0.0,Everyone,Maps & Navigation,2018-07-26,17.4.11,4.0.3 and up
4.4,Map and Router Badge,MAPS_AND_NAVIGATION,3.652,32M,50.0,Free,0.0,Everyone,Maps & Navigation,2018-07-25,4.8.1,4.1 and up
4.0,Yandex.Transport,MAPS_AND_NAVIGATION,126.282,Varies with device,1000.0,Free,0.0,Everyone,Maps & Navigation,2018-07-30,5.7,4.1 and up
4.3,Air Traffic,MAPS_AND_NAVIGATION,14.11,6.8M,100.0,Free,0.0,Everyone,Maps & Navigation,2018-07-24,4.3,5.0 and up
4.4,Speed Cameras Radar,MAPS_AND_NAVIGATION,18.71,4.0M,100.0,Free,0.0,Everyone,Maps & Navigation,2018-08-03,3.2.2,4.0.3 and up
4.2,Atlan3D Navigation: Korea navigator,MAPS_AND_NAVIGATION,22.063,Varies with device,100.0,Free,0.0,Everyone,Maps & Navigation,2018-07-31,Varies with device,Varies with device
4.1,"Mappy - Plan, route comparison, GPS",MAPS_AND_NAVIGATION,15.922,Varies with device,100.0,Free,0.0,Everyone,Maps & Navigation,2018-07-26,Varies with device,Varies with device
4.3,"My Location: GPS Maps, Share & Save Places",MAPS_AND_NAVIGATION,29.768,Varies with device,500.0,Free,0.0,Everyone,Maps & Navigation,2018-08-04,Varies with device,Varies with device
4.4,"Yanosik: ""antyradar"", traffic jams, navigation, camera",MAPS_AND_NAVIGATION,102.248,Varies with device,500.0,Free,0.0,Everyone,Maps & Navigation,2018-08-01,Varies with device,Varies with device
4.2,NAVITIME - Map & Transfer Navi,MAPS_AND_NAVIGATION,41.225,Varies with device,500.0,Free,0.0,Everyone,Maps & Navigation,2018-08-03,Varies with device,Varies with device
4.7,Sygic Car Navigation,MAPS_AND_NAVIGATION,162.049,48M,500.0,Free,0.0,Everyone,Maps & Navigation,2018-08-07,18.0.2,4.4 and up
4.5,Karta GPS - Offline Navigation,MAPS_AND_NAVIGATION,53.562,60M,100.0,Free,0.0,Everyone,Maps & Navigation,2018-05-04,2.10.06,5.0 and up
3.7,Circle ratio,MAPS_AND_NAVIGATION,10.562,60M,100.0,Free,0.0,Everyone,Maps & Navigation,2018-08-03,04.08.00,4.4 and up
4.3,Soviet Military Maps Free,MAPS_AND_NAVIGATION,21.589,5.6M,100.0,Free,0.0,Everyone,Maps & Navigation,2018-08-01,5.1.0 free,4.0 and up
4.2,"Truck Car Navi by Navitime Large size car, traffic jam, traffic closure, live camera, typhoon / precipitation map",MAPS_AND_NAVIGATION,3.682,Varies with device,10.0,Free,0.0,Everyone,Maps & Navigation,2018-08-02,Varies with device,Varies with device
4.1,Sentin Information Map,MAPS_AND_NAVIGATION,2.909,5.2M,10.0,Free,0.0,Everyone,Maps & Navigation,2018-06-26,1.39,4.1 and up
4.5,Snapp,MAPS_AND_NAVIGATION,37.937,25M,100.0,Free,0.0,Everyone,Maps & Navigation,2018-08-01,3.6.7,4.0.3 and up
4.8,GPS Speedometer and Odometer,MAPS_AND_NAVIGATION,15.865,3.3M,100.0,Free,0.0,Everyone,Maps & Navigation,2018-08-03,10,4.1 and up
4.3,GPS Traffic Speedcam Route Planner by ViaMichelin,MAPS_AND_NAVIGATION,63.92,29M,500.0,Free,0.0,Everyone,Maps & Navigation,2018-07-28,7.16.8,4.0.3 and up
4.7,Trucker Path – Truck Stops & Weigh Stations,MAPS_AND_NAVIGATION,38.375,49M,100.0,Free,0.0,Everyone,Maps & Navigation,2018-07-26,3.0.2,4.1 and up
4.3,Map Coordinates,MAPS_AND_NAVIGATION,16.657,3.6M,100.0,Free,0.0,Everyone,Maps & Navigation,2018-07-17,4.7.5,4.0.3 and up
4.2,Grab Driver,MAPS_AND_NAVIGATION,301.413,48M,500.0,Free,0.0,Everyone,Maps & Navigation,2018-08-01,5.44.1,4.1 and up
3.7,SBB Mobile,MAPS_AND_NAVIGATION,20.605,Varies with device,100.0,Free,0.0,Everyone,Maps & Navigation,2018-08-06,Varies with device,Varies with device
4.6,"GPS Speedometer, Distance Meter",MAPS_AND_NAVIGATION,16.094,5.4M,100.0,Free,0.0,Everyone,Maps & Navigation,2018-07-31,2.7.2,4.0 and up
4.5,Blitzer.de,MAPS_AND_NAVIGATION,65.59,18M,500.0,Free,0.0,Everyone,Maps & Navigation,2018-07-09,3.1.0,4.0 and up
4.3,GPS Speedometer - Trip Meter - Altimeter,MAPS_AND_NAVIGATION,32.225,3.2M,100.0,Free,0.0,Everyone,Maps & Navigation,2018-07-26,2.0.0,4.2 and up
4.5,Radarbot Free: Speed Camera Detector & Speedometer,MAPS_AND_NAVIGATION,44.348,11M,500.0,Free,0.0,Everyone,Maps & Navigation,2018-07-06,6.2.3,4.1 and up
4.2,FindShip,MAPS_AND_NAVIGATION,23.279,8.5M,100.0,Free,0.0,Everyone,Maps & Navigation,2018-04-26,5.2.10,4.1 and up
4.3,Subway Terminator: Smarter Subway,MAPS_AND_NAVIGATION,70.556,26M,1000.0,Free,0.0,Everyone,Maps & Navigation,2018-07-17,4.76,4.0 and up
4.4,Yandex.Trains,MAPS_AND_NAVIGATION,56.471,Varies with device,500.0,Free,0.0,Everyone,Maps & Navigation,2018-07-31,Varies with device,Varies with device
3.7,NAVITIME Bus Transit JAPAN,MAPS_AND_NAVIGATION,6.939,Varies with device,100.0,Free,0.0,Everyone,Maps & Navigation,2018-07-23,Varies with device,Varies with device
4.4,hum app,MAPS_AND_NAVIGATION,10.218,78M,100.0,Free,0.0,Everyone,Maps & Navigation,2018-07-31,5.072.1830.2,4.2 and up
4.4,Moovit: Bus Time & Train Time Live Info,MAPS_AND_NAVIGATION,617.477,Varies with device,1000.0,Free,0.0,Everyone,Maps & Navigation,2018-08-05,Varies with device,Varies with device
3.5,National Rail Enquiries,MAPS_AND_NAVIGATION,18.857,7.0M,100.0,Free,0.0,Everyone,Maps & Navigation,2018-05-24,9.3.3,4.0.3 and up
4.2,Maps & GPS Navigation — OsmAnd,MAPS_AND_NAVIGATION,60.838,Varies with device,500.0,Free,0.0,Everyone,Maps & Navigation,2018-08-06,Varies with device,Varies with device
4.0,Snapchat,SOCIAL,17000.166,Varies with device,50000.0,Free,0.0,Teen,Social,2018-07-30,Varies with device,Varies with device
4.5,Flashlight,TOOLS,162.335,4.9M,1000.0,Free,0.0,Everyone,Tools,2018-07-06,8.10.1,4.0 and up
4.2,aa,FAMILY,886.418,6.5M,5000.0,Free,0.0,Everyone,Strategy,2018-06-30,1.7.3,4.1 and up
4.3,Draw a Stickman: EPIC 2 Free,GAME,213.34,24M,1000.0,Free,0.0,Everyone,Adventure,2018-06-14,1.2.1.49,4.0 and up
4.3,Akinator,FAMILY,1805.398,55M,5000.0,Free,0.0,Teen,Entertainment,2018-06-11,6.5.2,4.4 and up
4.6,Dog Sim Online: Raise a Family,FAMILY,94.989,74M,500.0,Free,0.0,Teen,Simulation,2018-04-22,8.6,4.0 and up
4.3,Pou,FAMILY,10483.141,24M,50000.0,Free,0.0,Everyone,Casual,2018-05-25,1.4.77,4.0 and up
4.2,Agar.io,GAME,3815.614,32M,10000.0,Free,0.0,Everyone,Action,2018-07-23,2.2.8,4.0.3 and up
4.6,Color by Number - Draw Sandbox Pixel Art,FAMILY,10.247,15M,100.0,Free,0.0,Everyone,Entertainment,2018-07-27,1.3.13,4.1 and up
4.4,Angry Birds Classic,GAME,5565.856,97M,10000.0,Free,0.0,Everyone,Arcade,2018-05-24,7.9.3,4.1 and up
4.6,Build a Bridge!,FAMILY,263.454,74M,1000.0,Free,0.0,Everyone,Puzzle,2018-08-02,2.1.1,4.1 and up
4.5,My Talking Tom,FAMILY,14885.236,Varies with device,50000.0,Free,0.0,Everyone,Casual,2018-07-19,4.8.0.132,4.1 and up
4.4,Netflix,FAMILY,5453.997,Varies with device,10000.0,Free,0.0,Teen,Entertainment,2018-07-31,Varies with device,Varies with device
4.2,Azar,COMMUNICATION,1092.337,Varies with device,5000.0,Free,0.0,Mature 17+,Communication,2018-07-24,Varies with device,Varies with device
3.8,4 in a Row,GAME,4.257,Varies with device,50.0,Free,0.0,Everyone,Board,2018-05-13,Varies with device,Varies with device
4.3,Adobe Acrobat Reader,PRODUCTIVITY,3014.548,Varies with device,10000.0,Free,0.0,Everyone,Productivity,2018-04-17,Varies with device,Varies with device
4.5,Subway Surfers,GAME,27711.703,76M,100000.0,Free,0.0,Everyone 10+,Arcade,2018-07-12,1.90.0,4.1 and up
3.7,Super Mario Run,GAME,1221.896,70M,10000.0,Free,0.0,Everyone,Action,2018-07-12,3.0.11,4.2 and up
4.4,The Tribez: Build a Village,FAMILY,1852.384,Varies with device,1000.0,Free,0.0,Everyone,Simulation,2018-07-13,9.3.6,4.0.3 and up
4.4,WhatsApp Messenger,COMMUNICATION,69109.672,Varies with device,100000.0,Free,0.0,Everyone,Communication,2018-08-03,Varies with device,Varies with device
4.3,Magisto Video Editor & Maker,VIDEO_PLAYERS,960.726,Varies with device,1000.0,Free,0.0,Everyone,Video Players & Editors,2018-08-02,Varies with device,Varies with device
4.1,Glow Hockey,GAME,1703.479,Varies with device,10000.0,Free,0.0,Everyone,Arcade,2018-07-22,1.3.8,4.1 and up
4.4,Google Translate,TOOLS,5741.684,Varies with device,50000.0,Free,0.0,Everyone,Tools,2018-08-04,Varies with device,Varies with device
4.1,Pokémon GO,GAME,10421.284,85M,10000.0,Free,0.0,Everyone,Adventure,2018-07-23,0.111.3,4.4 and up
4.5,Instagram,SOCIAL,66509.917,Varies with device,100000.0,Free,0.0,Teen,Social,2018-07-31,Varies with device,Varies with device
4.5,My Talking Angela,FAMILY,9876.369,99M,10000.0,Free,0.0,Everyone,Casual,2018-07-03,3.7.2.51,4.1 and up
4.5,YouTube Kids,FAMILY,469.851,Varies with device,5000.0,Free,0.0,Everyone,Entertainment;Music & Video,2018-08-03,3.43.3,4.1 and up
4.5,Asphalt 8: Airborne,GAME,8389.714,92M,10000.0,Free,0.0,Teen,Racing,2018-07-04,3.7.1a,4.0.3 and up
4.2,PAC-MAN,GAME,685.45,37M,10000.0,Free,0.0,Everyone,Arcade,2018-05-15,6.6.3,4.1 and up
4.4,Basketball Stars,SPORTS,867.92,45M,1000.0,Free,0.0,Everyone,Sports,2018-07-14,1.16.2,4.0.3 and up
4.5,Colorfy: Coloring Book for Adults - Free,FAMILY,787.107,Varies with device,1000.0,Free,0.0,Everyone,Entertainment,2018-06-20,Varies with device,Varies with device
4.3,Lep's World 2 🍀🍀,GAME,798.522,57M,10000.0,Free,0.0,Everyone 10+,Arcade,2018-06-07,1.9.8.0,4.1 and up
4.5,Law of Creation: A Playable Manga,GAME,13.118,47M,50.0,Free,0.0,Teen,Adventure,2018-06-25,1.0.19,4.0.3 and up
3.7,Real City Car Driver,GAME,413.609,22M,1000.0,Free,0.0,Mature 17+,Racing,2018-08-01,2.8,4.1 and up
4.5,Rolling Sky,GAME,1117.212,50M,5000.0,Free,0.0,Everyone,Board,2018-08-03,Varies with device,4.0.3 and up
4.3,Amazon Shopping,SHOPPING,908.525,42M,10000.0,Free,0.0,Teen,Shopping,2018-07-31,16.14.0.100,4.4 and up
4.6,Gymnastics Superstar - Spin your way to gold!,FAMILY,305.765,34M,1000.0,Free,0.0,Everyone,Role Playing,2018-07-31,1.1.7,4.1 and up
4.3,Fake Call - Fake Caller ID,PRODUCTIVITY,154.668,Varies with device,1000.0,Free,0.0,Everyone,Productivity,2018-08-02,Varies with device,Varies with device
4.4,SuperCity: Build a Story,FAMILY,98.324,70M,100.0,Free,0.0,Everyone,Simulation,2018-07-28,1.19.1,4.1 and up
4.3,Chick-fil-A,FOOD_AND_DRINK,27.931,17M,500.0,Free,0.0,Everyone,Food & Drink,2018-08-03,6.0.1,5.0 and up
4.3,YouTube,VIDEO_PLAYERS,25623.548,Varies with device,100000.0,Free,0.0,Teen,Video Players & Editors,2018-08-02,Varies with device,Varies with device
4.3,Four In A Line Free,GAME,133.195,11M,500.0,Free,0.0,Everyone,Board,2018-06-11,1.58,4.1 and up
4.4,Like A Boss,FAMILY,17.069,94M,50.0,Free,0.0,Everyone 10+,Role Playing,2018-08-01,1.0.17.2,5.0 and up
4.2,AutoCAD - DWG Viewer & Editor,PRODUCTIVITY,145.088,24M,1000.0,Free,0.0,Everyone,Productivity,2018-07-23,4.5.19,4.4 and up
4.5,Microsoft Word,PRODUCTIVITY,2078.744,Varies with device,50000.0,Free,0.0,Everyone,Productivity,2018-07-11,16.0.10325.20043,4.4 and up
4.6,Alto's Adventure,GAME,515.24,63M,1000.0,Free,0.0,Everyone,Action,2018-06-05,1.7.1,4.0 and up
4.6,Fortune City - A Finance App,FINANCE,49.275,91M,50.0,Free,0.0,Everyone,Finance,2018-07-17,2.0.3.1,4.4 and up
4.4,Zombie Tsunami,GAME,4918.776,Varies with device,10000.0,Free,0.0,Everyone 10+,Arcade,2018-06-15,Varies with device,Varies with device
4.7,Bible,BOOKS_AND_REFERENCE,2440.695,Varies with device,10000.0,Free,0.0,Teen,Books & Reference,2018-08-02,Varies with device,Varies with device
4.6,Cat Sim Online: Play with Cats,FAMILY,137.198,81M,500.0,Free,0.0,Everyone 10+,Simulation,2018-04-22,3.7,4.0 and up
4.1,Facebook,SOCIAL,78128.208,Varies with device,100000.0,Free,0.0,Teen,Social,2018-08-03,Varies with device,Varies with device
4.4,Tik Tok - including musical.ly,SOCIAL,5637.451,59M,10000.0,Free,0.0,Teen,Social,2018-08-03,8.0.0,4.1 and up
4.4,B612 - Beauty & Filter Camera,PHOTOGRAPHY,5276.983,Varies with device,10000.0,Free,0.0,Everyone,Photography,2018-07-30,7.6.5,4.3 and up
3.9,Disney Magic Timer by Oral-B,FAMILY,31.061,83M,100.0,Free,0.0,Everyone,Health & Fitness;Action & Adventure,2018-06-16,4.0.6,4.2 and up
4.5,Bestie - Camera360 Selfie,PHOTOGRAPHY,512.996,23M,1000.0,Free,0.0,Everyone,Photography,2018-08-02,4.0.3.5,4.1 and up
4.4,BIGO LIVE - Live Stream,SOCIAL,2349.421,39M,10000.0,Free,0.0,Teen,Social,2018-07-27,4.1.0,4.0 and up
4.5,8 Ball Pool,SPORTS,14184.91,52M,10000.0,Free,0.0,Everyone,Sports,2018-07-31,4.0.0,4.0.3 and up
4.5,VPN Free - Betternet Hotspot VPN & Private Browser,TOOLS,799.206,8.9M,1000.0,Free,0.0,Everyone,Tools,2018-08-01,4.3.0,4.1 and up
4.4,MORTAL KOMBAT X,GAME,3039.889,18M,1000.0,Free,0.0,Mature 17+,Action,2018-06-27,1.18.2,4.0 and up
4.3,► MultiCraft ― Free Miner! 👍,GAME,1305.05,Varies with device,5000.0,Free,0.0,Everyone 10+,Adventure,2018-07-29,1.1.11.11,4.1 and up
3.1,B-Dubs®,LIFESTYLE,3.042,Varies with device,50.0,Free,0.0,Everyone,Lifestyle,2018-07-05,Varies with device,Varies with device
3.3,Oral-B App,HEALTH_AND_FITNESS,14.21,96M,100.0,Free,0.0,Everyone,Health & Fitness,2018-07-19,6.0.1,5.0 and up
4.5,Pixel Gun 3D: Survival shooter & Battle Royale,GAME,4487.182,55M,5000.0,Free,0.0,Teen,Action,2018-07-04,15.1.2,4.0.3 and up
4.5,UC Browser - Fast Download Private & Secure,COMMUNICATION,17712.922,40M,50000.0,Free,0.0,Teen,Communication,2018-08-02,12.8.5.1121,4.0 and up
4.5,Hungry Shark Evolution,GAME,6071.542,100M,10000.0,Free,0.0,Teen,Arcade,2018-07-25,6.0.0,4.1 and up
4.2,Perfect Piano,GAME,828.489,Varies with device,5000.0,Free,0.0,Everyone,Music,2018-08-04,Varies with device,Varies with device
4.5,Hay Day,FAMILY,10053.186,94M,10000.0,Free,0.0,Everyone,Casual,2018-06-28,1_39_93,4.0.3 and up
4.6,Diary with lock,LIFESTYLE,815.28,4.4M,1000.0,Free,0.0,Everyone,Lifestyle,2018-06-30,4.9,4.1 and up
4.5,Block! Hexa Puzzle™,FAMILY,472.247,Varies with device,5000.0,Free,0.0,Everyone,Puzzle,2018-07-31,1.5.10,4.1 and up
4.6,Clash of Clans,FAMILY,44881.447,98M,10000.0,Free,0.0,Everyone 10+,Strategy,2018-07-15,10.322.16,4.1 and up
4.6,Clash Royale,FAMILY,23125.28,97M,10000.0,Free,0.0,Everyone 10+,Strategy,2018-06-27,2.3.2,4.1 and up
4.3,Mobile C [ C/C++ Compiler ],FAMILY,4.624,78M,10.0,Free,0.0,Everyone,Education,2018-07-07,2.5.1,4.0.3 and up
4.4,Critical Ops,GAME,1397.944,50M,1000.0,Free,0.0,Teen,Action,2018-07-31,0.9.10.f96,4.4 and up
4.4,Candy Crush Saga,FAMILY,22419.455,74M,50000.0,Free,0.0,Everyone,Casual,2018-07-05,1.129.0.2,4.1 and up
4.4,CL Mobile - Classifieds for Craigslist,SHOPPING,27.275,8.3M,100.0,Free,0.0,Teen,Shopping,2018-07-30,27500000,4.1 and up
4.3,Google Chrome: Fast & Secure,COMMUNICATION,9642.112,Varies with device,100000.0,Free,0.0,Everyone,Communication,2018-08-01,Varies with device,Varies with device
4.5,"C Launcher: Themes, Wallpapers, DIY, Smart, Clean",PERSONALIZATION,901.11,Varies with device,1000.0,Free,0.0,Everyone 10+,Personalization,2018-07-10,Varies with device,Varies with device
4.7,All C Programs,FAMILY,2.387,6.9M,10.0,Free,0.0,Everyone,Education,2018-06-09,2.5.1,4.1 and up
4.7,Clean Master- Space Cleaner & Antivirus,TOOLS,42916.526,Varies with device,50000.0,Free,0.0,Everyone,Tools,2018-08-03,Varies with device,Varies with device
4.5,CPlus for Craigslist - Officially Licensed,LIFESTYLE,8.096,16M,100.0,Free,0.0,Mature 17+,Lifestyle,2018-08-03,1.6.4,4.1 and up
4.5,"C Programming - Learn Code, Theory & Discuss",FAMILY,2.751,7.0M,10.0,Free,0.0,Everyone,Education,2018-06-15,3.2.8,4.0.3 and up
4.4,Hill Climb Racing,GAME,8921.451,63M,10000.0,Free,0.0,Everyone,Racing,2018-07-02,1.37.2,4.2 and up
4.5,C Pattern Programs Free,FAMILY,4.115,5.8M,10.0,Free,0.0,Everyone,Education,2018-07-08,7.1.0,4.0 and up
4.0,Learn C# - .Net - C Sharp Programming Tutorial App,FAMILY,1.32,8.6M,10.0,Free,0.0,Everyone,Education,2018-06-03,4.1.0,4.1 and up
4.6,ZEDGE™ Ringtones & Wallpapers,PERSONALIZATION,6459.626,Varies with device,10000.0,Free,0.0,Teen,Personalization,2018-07-19,Varies with device,Varies with device
4.2,Dubsmash,VIDEO_PLAYERS,1971.777,29M,10000.0,Free,0.0,Teen,Video Players & Editors,2018-05-11,2.35.8,4.1 and up
4.5,Discord - Chat for Gamers,COMMUNICATION,305.347,39M,1000.0,Free,0.0,Teen,Communication,2018-07-27,7.1.8,4.1 and up
4.6,Hitman Sniper,GAME,408.292,29M,1000.0,Paid,0.99,Mature 17+,Action,2018-07-12,1.7.110758,4.1 and up
4.5,Minion Rush: Despicable Me Official Game,FAMILY,10214.862,Varies with device,10000.0,Free,0.0,Everyone 10+,Casual;Action & Adventure,2018-07-12,Varies with device,Varies with device
4.3,Fruit Ninja®,GAME,5091.448,41M,10000.0,Free,0.0,Everyone,Arcade,2018-07-12,2.6.7.487220,4.1 and up
4.8,"DU Recorder – Screen Recorder, Video Editor, Live",VIDEO_PLAYERS,2588.73,9.7M,5000.0,Free,0.0,Everyone,Video Players & Editors,2018-07-30,1.7.1.3,5.0 and up
4.6,Google Duo - High Quality Video Calls,COMMUNICATION,2083.237,Varies with device,50000.0,Free,0.0,Everyone,Communication,2018-07-31,37.1.206017801.DR37_RC14,4.4 and up
4.5,Crossy Road,GAME,4229.977,60M,10000.0,Free,0.0,Everyone,Action,2018-08-01,3.1.0,5.0 and up
4.3,Temple Run 2,GAME,8116.142,62M,50000.0,Free,0.0,Everyone,Action,2018-07-05,1.49.1,4.0 and up
4.2,Beach Buggy Blitz,GAME,640.974,47M,5000.0,Free,0.0,Everyone,Racing,2018-06-05,1.5,4.0.3 and up
4.4,Dropbox,PRODUCTIVITY,1860.844,61M,50000.0,Free,0.0,Everyone,Productivity,2018-08-01,Varies with device,Varies with device
4.5,KineMaster – Pro Video Editor,VIDEO_PLAYERS,1013.867,32M,5000.0,Free,0.0,Everyone,Video Players & Editors,2018-08-03,4.5.0.10701.GP,4.1 and up
4.6,Sniper 3D Gun Shooter: Free Shooting Games - FPS,GAME,7657.49,Varies with device,10000.0,Free,0.0,Mature 17+,Action,2018-08-02,Varies with device,Varies with device
4.5,Bike Race Free - Top Motorcycle Racing Games,GAME,2586.261,Varies with device,10000.0,Free,0.0,Everyone,Racing,2018-07-31,7.7.9,4.2 and up
4.4,Dance School Stories - Dance Dreams Come True,FAMILY,91.171,36M,100.0,Free,0.0,Everyone,Role Playing,2018-08-03,1.0.8,4.1 and up
4.4,Plants vs. Zombies FREE,FAMILY,4064.868,69M,10000.0,Free,0.0,Everyone 10+,Strategy,2018-07-06,2.2.00,4.1 and up
4.6,Dream League Soccer 2018,SPORTS,9873.47,74M,10000.0,Free,0.0,Everyone,Sports,2018-07-16,5.064,4.4 and up
4.6,Mind Games Pro,FAMILY,15.301,18M,10.0,Paid,2.99,Everyone,Puzzle;Brain Games,2018-07-18,3.0.5,2.3 and up
4.3,Temple Run,GAME,4000.433,42M,10000.0,Free,0.0,Everyone,Arcade,2018-08-02,1.9.1,4.0 and up
3.3,Broken Screen Prank,FAMILY,23.682,9.8M,100.0,Free,0.0,Teen,Casual,2018-06-14,6.2,4.0 and up
3.7,Screen Lock - with Fingerprint Simulator,TOOLS,338.449,2.8M,1000.0,Free,0.0,Everyone,Tools,2018-06-19,8.6,2.3.3 and up
4.5,Tuner - gStrings Free,TOOLS,214.265,Varies with device,1000.0,Free,0.0,Everyone,Tools,2018-06-04,Varies with device,Varies with device
4.4,Car Parking Game 3D - Real City Driving Challenge,FAMILY,187.892,40M,500.0,Free,0.0,Everyone,Simulation,2018-05-10,1.2.0,4.0 and up
4.0,E! News,NEWS_AND_MAGAZINES,15.443,25M,100.0,Free,0.0,Teen,News & Magazines,2018-06-19,4.2.133,4.4 and up
4.4,eBay: Buy & Sell this Summer - Discover Deals Now!,SHOPPING,2788.46,Varies with device,10000.0,Free,0.0,Teen,Shopping,2018-07-30,Varies with device,Varies with device
4.2,ESPN,SPORTS,521.081,Varies with device,1000.0,Free,0.0,Everyone 10+,Sports,2018-07-19,Varies with device,5.0 and up
4.4,Eventbrite - Discover popular events & nearby fun,FAMILY,63.773,8.8M,500.0,Free,0.0,Everyone,Entertainment,2018-07-30,5.7.2,5.0 and up
4.6,ES File Explorer File Manager,PRODUCTIVITY,5378.795,16M,10000.0,Free,0.0,Everyone,Productivity,2018-08-03,4.1.8.2.2,4.0 and up
4.8,Eternium,FAMILY,1506.783,89M,1000.0,Free,0.0,Teen,Role Playing,2018-07-18,1.2.115,4.0 and up
4.4,Firefox Browser fast & private,COMMUNICATION,3075.096,Varies with device,10000.0,Free,0.0,Everyone,Communication,2018-07-10,Varies with device,Varies with device
3.9,E*TRADE Mobile,FINANCE,10.657,58M,100.0,Free,0.0,Everyone,Finance,2018-08-02,6.8.2,4.4 and up
4.7,Mobile Security & Antivirus,PRODUCTIVITY,564.759,Varies with device,1000.0,Free,0.0,Everyone,Productivity,2018-07-27,Varies with device,Varies with device
4.4,Lookout Security & Antivirus,TOOLS,951.413,13M,10000.0,Free,0.0,Everyone,Tools,2018-07-31,10.23.2-964159b,4.4 and up
4.4,World History Quick e-Book,FAMILY,1.657,4.9M,10.0,Free,0.0,Everyone,Education;Education,2018-07-17,1.35,4.1 and up
4.5,Greeting Cards & Wishes,SOCIAL,17.35,12M,50.0,Free,0.0,Everyone,Social,2018-07-18,1.078,Varies with device
4.2,Amazon Kindle,BOOKS_AND_REFERENCE,814.151,Varies with device,10000.0,Free,0.0,Teen,Books & Reference,2018-07-27,Varies with device,Varies with device
4.6,"Evernote – Organizer, Planner for Notes & Memos",PRODUCTIVITY,1488.289,Varies with device,10000.0,Free,0.0,Everyone,Productivity,2018-08-03,Varies with device,Varies with device
4.3,Maps & GPS Navigation OsmAnd+,TRAVEL_AND_LOCAL,15.209,Varies with device,10.0,Paid,8.99,Everyone,Travel & Local,2018-08-01,Varies with device,Varies with device
4.3,Microsoft Edge,COMMUNICATION,27.156,66M,500.0,Free,0.0,Everyone,Communication,2018-07-28,42.0.0.2059,4.4 and up
4.3,Microsoft Outlook,PRODUCTIVITY,3249.518,50M,10000.0,Free,0.0,Everyone,Productivity,2018-08-02,2.2.194,4.4 and up
4.6,Pinterest,SOCIAL,4300.936,Varies with device,10000.0,Free,0.0,Teen,Social,2018-08-03,Varies with device,Varies with device
4.4,ClassDojo,FAMILY,148.536,59M,1000.0,Free,0.0,Everyone,Education;Education,2018-08-03,4.21.1,4.1 and up
4.5,The Coupons App,SHOPPING,181.983,Varies with device,1000.0,Free,0.0,Everyone,Shopping,2018-04-27,Varies with device,Varies with device
4.5,EBookDroid - PDF & DJVU Reader,PRODUCTIVITY,75.951,Varies with device,500.0,Free,0.0,Everyone,Productivity,2018-07-08,Varies with device,Varies with device
4.1,Ebook Reader,BOOKS_AND_REFERENCE,85.842,37M,500.0,Free,0.0,Everyone,Books & Reference,2018-06-25,5.0.6,4.0 and up
4.3,Gmail,COMMUNICATION,4604.324,Varies with device,100000.0,Free,0.0,Everyone,Communication,2018-08-02,Varies with device,Varies with device
4.3,Maps - Navigate & Explore,TRAVEL_AND_LOCAL,9231.613,Varies with device,100000.0,Free,0.0,Everyone,Travel & Local,2018-07-31,Varies with device,Varies with device
4.6,"AliExpress - Smarter Shopping, Better Living",SHOPPING,5911.055,Varies with device,10000.0,Free,0.0,Teen,Shopping,2018-08-01,Varies with device,Varies with device
4.2,Aldiko Book Reader,BOOKS_AND_REFERENCE,210.534,22M,1000.0,Free,0.0,Everyone,Books & Reference,2018-06-13,3.0.58,4.0 and up
4.4,Flipkart Online Shopping App,SHOPPING,6003.59,Varies with device,10000.0,Free,0.0,Teen,Shopping,2018-08-02,Varies with device,Varies with device
4.5,Wish - Shopping Made Fun,SHOPPING,6200.739,15M,10000.0,Free,0.0,Everyone,Shopping,2018-08-03,4.20.5,4.1 and up
4.0,Messenger – Text and Video Chat for Free,COMMUNICATION,56642.847,Varies with device,100000.0,Free,0.0,Everyone,Communication,2018-08-01,Varies with device,Varies with device
4.3,Facebook Lite,SOCIAL,8595.964,Varies with device,50000.0,Free,0.0,Teen,Social,2018-08-01,Varies with device,Varies with device
4.4,Messenger Lite: Free Calls & Messages,COMMUNICATION,1429.038,Varies with device,10000.0,Free,0.0,Everyone,Communication,2018-07-25,37.0.0.7.163,2.3 and up
4.6,Video Downloader for Facebook,TOOLS,894.435,3.1M,5000.0,Free,0.0,Teen,Tools,2018-07-01,2.2.8,4.0 and up
4.2,F-Stop Gallery,PHOTOGRAPHY,12.726,15M,100.0,Free,0.0,Everyone,Photography,2018-07-21,4.9.18,4.1 and up
4.3,Talking Tom Cat 2,FAMILY,3213.548,55M,10000.0,Free,0.0,Everyone 10+,Entertainment,2018-07-25,5.3.5.16,4.1 and up
4.3,FlashLight F.Light,TOOLS,3.943,11M,10.0,Free,0.0,Everyone,Tools,2018-05-23,1.4.2,5.0 and up
4.3,Twitter,NEWS_AND_MAGAZINES,11657.972,Varies with device,50000.0,Free,0.0,Mature 17+,News & Magazines,2018-07-30,Varies with device,Varies with device
4.2,F-Secure KEY Password manager,TOOLS,2.588,7.6M,10.0,Free,0.0,Everyone,Tools,2018-06-27,4.7.4,4.0 and up
4.3,F-Secure SAFE,TOOLS,9.433,9.3M,50.0,Free,0.0,Everyone,Tools,2018-07-30,17.4.0014017,5.0 and up
4.2,LINE: Free Calls & Messages,COMMUNICATION,10790.092,Varies with device,50000.0,Free,0.0,Everyone,Communication,2018-07-26,Varies with device,Varies with device
4.3,imo beta free calls and text,COMMUNICATION,659.395,11M,10000.0,Free,0.0,Everyone,Communication,2018-06-07,9.8.000000010492,4.0 and up
4.2,F-Secure Mobile Security,TOOLS,13.096,9.2M,50.0,Free,0.0,Everyone,Tools,2018-07-30,17.4.0014017,5.0 and up
4.2,Dumb Ways to Die 2: The Games,FAMILY,1671.658,Varies with device,5000.0,Free,0.0,Teen,Casual,2018-07-12,Varies with device,Varies with device
4.4,HumorCast - Authentic Weather,WEATHER,6.495,40M,10.0,Free,0.0,Teen,Weather,2018-07-12,4.4.4,4.4 and up
4.2,Google+,SOCIAL,4828.372,Varies with device,100000.0,Free,0.0,Teen,Social,2018-07-26,Varies with device,Varies with device
4.4,PUBG MOBILE,GAME,3697.174,36M,5000.0,Free,0.0,Teen,Action,2018-07-24,0.7.0,4.3 and up
4.5,Gangstar Vegas - mafia game,GAME,4830.407,32M,5000.0,Free,0.0,Mature 17+,Action,2018-05-25,3.7.1a,Varies with device
4.2,Gboard - the Google Keyboard,TOOLS,1855.262,Varies with device,50000.0,Free,0.0,Everyone,Tools,2018-07-31,Varies with device,Varies with device
4.5,Granny,GAME,1128.805,59M,5000.0,Free,0.0,Teen,Arcade,2018-05-29,1.4.0.1,4.0 and up
4.4,Google,TOOLS,8021.623,Varies with device,100000.0,Free,0.0,Everyone,Tools,2018-08-03,Varies with device,Varies with device
4.0,Hangouts,COMMUNICATION,3419.464,Varies with device,100000.0,Free,0.0,Everyone,Communication,2018-07-21,Varies with device,Varies with device
4.3,Wrestling Revolution 3D,SPORTS,989.344,51M,5000.0,Free,0.0,Teen,Sports,2018-07-23,1.64,4.0 and up
4.6,G Cloud Backup,PRODUCTIVITY,267.042,Varies with device,500.0,Free,0.0,Everyone,Productivity,2018-04-29,Varies with device,Varies with device
4.4,Offroad G-Class 2018,FAMILY,7.715,28M,50.0,Free,0.0,Everyone,Simulation,2018-06-29,1.7,4.1 and up
4.4,Google Drive,PRODUCTIVITY,2728.941,Varies with device,100000.0,Free,0.0,Everyone,Productivity,2018-07-30,Varies with device,Varies with device
3.7,H&M,LIFESTYLE,41.917,14M,1000.0,Free,0.0,Everyone,Lifestyle,2018-07-30,9.6.3,4.4 and up
3.8,Guns - Shot Sounds,FAMILY,29.544,10M,1000.0,Free,0.0,Everyone,Entertainment,2018-07-25,3.15,4.0 and up
2.9,HPlus,HEALTH_AND_FITNESS,1.786,5.9M,10.0,Free,0.0,Everyone,Health & Fitness,2018-06-12,3.5.2,4.4 and up
2.9,H Band 2.0,HEALTH_AND_FITNESS,4.031,8.9M,50.0,Free,0.0,Everyone,Health & Fitness,2018-06-15,3.0.2,4.4 and up
4.3,H TV,FAMILY,103.064,5.6M,500.0,Free,0.0,Everyone,Entertainment,2018-07-05,4.6.2,2.3.3 and up
4.0,tinyCam Monitor FREE,HOUSE_AND_HOME,65.914,Varies with device,1000.0,Free,0.0,Everyone,House & Home,2018-06-29,Varies with device,Varies with device
4.4,RC City Police Heavy Traffic Racer,GAME,3.25,27M,100.0,Free,0.0,Everyone,Racing,2018-07-19,1.2,4.0 and up
4.3,Talking Ben the Dog,FAMILY,1633.565,57M,10000.0,Free,0.0,Everyone,Entertainment,2018-07-03,3.5.2.2,4.1 and up
4.2,Talking Ginger,FAMILY,1752.017,52M,10000.0,Free,0.0,Everyone,Entertainment,2018-07-05,2.5.6.11,4.1 and up
4.3,imo free video calls and chat,COMMUNICATION,4785.892,11M,50000.0,Free,0.0,Everyone,Communication,2018-06-08,9.8.000000010501,4.0 and up
4.2,free video calls and chat,COMMUNICATION,594.72,Varies with device,5000.0,Free,0.0,Everyone,Communication,2018-07-19,7.3(800241),4.4 and up
4.7,Solitaire!,GAME,403.911,23M,1000.0,Free,0.0,Everyone,Card,2018-06-24,2.277.0,4.1 and up
4.2,POF Free Dating App,SOCIAL,1175.188,Varies with device,5000.0,Free,0.0,Mature 17+,Social,2018-07-31,Varies with device,Varies with device
4.1,Skype - free IM & video calls,COMMUNICATION,10484.169,Varies with device,100000.0,Free,0.0,Everyone,Communication,2018-08-03,Varies with device,Varies with device
4.5,Sonic Dash,GAME,3777.822,75M,10000.0,Free,0.0,Everyone,Arcade,2018-07-26,3.8.5.Go,4.1 and up
4.4,I'm Ping Pong King :),SPORTS,29.864,40M,100.0,Free,0.0,Everyone,Sports,2018-07-26,2.5,4.1 and up
4.2,Text Free: WiFi Calling App,SOCIAL,83.474,Varies with device,500.0,Free,0.0,Everyone,Social,2018-07-24,Varies with device,Varies with device
4.1,"Talkatone: Free Texts, Calls & Phone Number",COMMUNICATION,132.015,25M,1000.0,Free,0.0,Everyone,Communication,2018-07-18,6.1,4.2 and up
4.0,Instachat 😜,SOCIAL,80.987,25M,500.0,Free,0.0,Teen,Social,2018-07-30,2.2.4,4.4 and up
4.4,Textgram - write on photos,ART_AND_DESIGN,295.237,Varies with device,1000.0,Free,0.0,Everyone,Art & Design,2018-07-30,Varies with device,Varies with device
4.3,NinJump,GAME,421.0,36M,1000.0,Free,0.0,Everyone,Arcade,2018-06-13,3.1.1,4.1 and up
4.7,Zombie Catchers,GAME,989.158,75M,1000.0,Free,0.0,Everyone,Action,2018-05-24,1.0.27,4.1 and up
4.4,FollowMeter for Instagram,SOCIAL,90.082,8.8M,100.0,Free,0.0,Everyone,Social,2018-05-22,2.44,4.1 and up
4.3,Talking Tom Cat,FAMILY,1838.09,Varies with device,10000.0,Free,0.0,Everyone 10+,Casual,2018-07-27,Varies with device,4.1 and up
4.4,Jetpack Joyride,GAME,4637.439,96M,10000.0,Free,0.0,Everyone 10+,Arcade,2018-07-19,1.10.12,4.1 and up
4.6,J Touch,TOOLS,2.176,953k,10.0,Free,0.0,Everyone,Tools,2018-08-01,1.5.1-GP,4.1 and up
4.5,Anger of stick 5 : zombie,GAME,547.644,23M,5000.0,Free,0.0,Teen,Action,2018-08-03,1.1.5,2.3 and up
4.1,Tom's Love Letters,FAMILY,705.805,35M,5000.0,Free,0.0,Everyone,Entertainment,2018-04-30,2.3.1.8,4.1 and up
4.4,Cut the Rope FULL FREE,FAMILY,2122.705,49M,10000.0,Free,0.0,Everyone,Puzzle,2018-07-05,3.7.2,4.1 and up
4.6,Cut the Rope GOLD,FAMILY,61.264,43M,100.0,Paid,0.99,Everyone,Puzzle,2018-06-19,3.7.0,4.1 and up
4.1,"The Voice, sing and connect",FAMILY,405.824,Varies with device,1000.0,Free,0.0,Everyone,Entertainment,2018-08-04,7.1.1,4.2 and up
3.5,Smart TV Remote,TOOLS,81.747,9.1M,1000.0,Free,0.0,Everyone,Tools,2018-05-26,3.8.2,4.1 and up
4.3,Kik,COMMUNICATION,2451.136,Varies with device,10000.0,Free,0.0,Teen,Communication,2018-08-03,Varies with device,Varies with device
4.4,CIRCLE K,SHOPPING,9.14,14M,50.0,Free,0.0,Everyone,Shopping,2018-07-31,5.9.0,4.4 and up
4.6,Keepsafe Photo Vault: Hide Private Photos & Videos,PHOTOGRAPHY,1656.808,Varies with device,5000.0,Free,0.0,Everyone,Photography,2018-07-31,9.14.1,4.4 and up
4.3,KIM KARDASHIAN: HOLLYWOOD,GAME,1017.408,34M,1000.0,Free,0.0,Teen,Adventure,2018-07-16,9.2.0,4.0 and up
4.4,Sight Words Pre-K to Grade-3,FAMILY,1.185,40M,10.0,Free,0.0,Everyone,Educational;Education,2018-06-17,1.5.1,4.1 and up
4.4,K PLUS,FINANCE,124.324,Varies with device,1000.0,Free,0.0,Everyone,Finance,2018-06-26,4.6.0,4.2 and up
4.6,KDRAMA Amino for K-Drama Fans,SOCIAL,4.046,63M,10.0,Free,0.0,Teen,Social,2018-07-13,1.8.19106,4.0.3 and up
4.3,Zapzapmath: K-6 Math Games,FAMILY,1.065,61M,10.0,Free,0.0,Everyone,Educational;Education,2018-05-13,4.1.10,4.1 and up
4.8,KPOP Amino for K-Pop Entertainment,SOCIAL,19.047,63M,10.0,Free,0.0,Teen,Social,2018-07-13,1.8.19106,4.0.3 and up
3.7,OST),FAMILY,4.444,10M,50.0,Free,0.0,Everyone,Entertainment,2018-07-06,3.0.12,4.1 and up
4.5,"PowerDirector Video Editor App: 4K, Slow Mo & More",VIDEO_PLAYERS,712.737,50M,1000.0,Free,0.0,Everyone,Video Players & Editors,2018-07-24,4.13.3,4.3 and up
4.3,KakaoTalk: Free Calls & Text,COMMUNICATION,2546.549,Varies with device,10000.0,Free,0.0,Everyone,Communication,2018-08-03,Varies with device,Varies with device
4.4,Magic Tiles - TWICE Edition (K-Pop),GAME,2.351,62M,10.0,Free,0.0,Everyone,Music,2018-07-25,1009001,4.0 and up
4.2,Discovery K!ds Play! Español,FAMILY,11.263,35M,100.0,Free,0.0,Everyone,Entertainment;Music & Video,2018-05-03,2.1.0.2173,4.0.3 and up
4.6,Magic Tiles - Blackpink Edition (K-Pop),GAME,4.304,71M,10.0,Free,0.0,Everyone,Music,2018-06-20,1900001,4.0 and up
4.5,"LiveMe - Video chat, new friends, and make money",SOCIAL,456.866,Varies with device,1000.0,Free,0.0,Teen,Social,2018-08-03,Varies with device,Varies with device
4.6,Talking Tom Gold Run,GAME,2694.969,78M,10000.0,Free,0.0,Everyone,Action,2018-07-31,2.8.2.59,4.1 and up
4.5,"letgo: Buy & Sell Used Stuff, Cars & Real Estate",SHOPPING,972.256,20M,5000.0,Free,0.0,Teen,Shopping,2018-08-02,2.4.8,4.1 and up
4.3,Lep's World 🍀,GAME,696.019,Varies with device,5000.0,Free,0.0,Everyone 10+,Arcade,2018-05-26,3.0.6,4.1 and up
4.0,"L.POINT - 엘포인트 [ 포인트, 멤버십, 적립, 사용, 모바일 카드, 쿠폰, 롯데]",LIFESTYLE,45.224,49M,500.0,Free,0.0,Everyone,Lifestyle,2018-08-01,6.5.1,4.1 and up
4.2,Love Balls,FAMILY,357.049,40M,5000.0,Free,0.0,Everyone,Puzzle,2018-07-31,1.2.7,4.1 and up
4.5,Last Day on Earth: Survival,GAME,2308.916,87M,1000.0,Free,0.0,Teen,Action,2018-08-01,1.9.3,4.1 and up
4.0,"Messenger L SMS, MMS",PERSONALIZATION,6.263,20M,50.0,Free,0.0,Everyone,Personalization,2018-07-12,7.46,2.3 and up
4.1,Tom Loves Angela,FAMILY,1111.915,50M,10000.0,Free,0.0,Everyone,Entertainment,2018-04-30,2.2.1.3,4.1 and up
4.0,My Teacher - Classroom Play,FAMILY,155.276,61M,1000.0,Free,0.0,Everyone,Role Playing;Pretend Play,2018-06-18,1.1.0,4.1 and up
4.5,French to English Speaking - Apprendre l' Anglais,FAMILY,4.251,13M,100.0,Free,0.0,Everyone,Education,2018-04-27,23,4.0.3 and up
4.2,Ant Smasher by Best Cool & Fun Games,GAME,1185.148,29M,10000.0,Free,0.0,Everyone,Arcade,2018-08-01,9.55,4.0.3 and up
4.3,Cheating Tom 3 - Genius School,GAME,90.415,84M,1000.0,Free,0.0,Everyone,Arcade,2018-07-24,1.0.20,4.1 and up
4.4,Lie Detector Test Prank,FAMILY,222.308,6.9M,1000.0,Free,0.0,Everyone,Entertainment,2018-07-31,3.0.2,4.4 and up
4.3,Xbox,FAMILY,556.659,46M,1000.0,Free,0.0,Everyone,Entertainment,2018-06-20,1805.0618.1637,4.1 and up
4.3,"Mobizen Screen Recorder - Record, Capture, Edit",PRODUCTIVITY,1827.212,Varies with device,5000.0,Free,0.0,Everyone,Productivity,2018-07-31,3.6.0.28,4.4 and up
4.5,Minecraft,FAMILY,2375.336,Varies with device,1000.0,Paid,6.99,Everyone 10+,Arcade;Action & Adventure,2018-07-24,1.5.2.1,Varies with device
4.4,Mobizen Screen Recorder for SAMSUNG,VIDEO_PLAYERS,953.894,37M,1000.0,Free,0.0,Everyone,Video Players & Editors,2018-04-26,3.5.1.8,Varies with device
3.5,MapleStory M,FAMILY,31.538,82M,100.0,Free,0.0,Everyone 10+,Role Playing,2018-07-24,1.2703.273,4.4 and up
4.5,"Mobizen Screen Recorder for LG - Record, Capture",VIDEO_PLAYERS,58.82,37M,100.0,Free,0.0,Everyone,Video Players & Editors,2018-04-26,3.5.1.8,4.4 and up
4.4,MakeupPlus - Your Own Virtual Makeup Artist,PHOTOGRAPHY,758.78,53M,5000.0,Free,0.0,Everyone,Photography,2018-08-03,4.0.55,4.0.3 and up
4.0,MEGA,PRODUCTIVITY,549.214,Varies with device,5000.0,Free,0.0,Everyone,Productivity,2018-07-04,Varies with device,Varies with device
3.9,M-acceleration 3D Car Racing,GAME,1.202,34M,10.0,Free,0.0,Everyone,Racing,2018-06-28,1.6,4.1 and up
4.5,MX Player,VIDEO_PLAYERS,6469.179,Varies with device,50000.0,Free,0.0,Everyone,Video Players & Editors,2018-08-01,Varies with device,Varies with device
4.6,Diabetes:M,MEDICAL,15.537,Varies with device,10.0,Free,0.0,Everyone,Medical,2018-08-01,6.1.3,Varies with device
3.7,Dino in City-Dinosaur N Police,FAMILY,10.035,30M,100.0,Free,0.0,Teen,Simulation,2018-05-23,2.07,4.1 and up
4.2,Cops N Robbers - FPS Mini Game,GAME,156.862,64M,500.0,Free,0.0,Everyone 10+,Action,2018-07-31,7.0.4,4.1 and up
4.1,Cops N Robbers 2,GAME,63.68,46M,100.0,Free,0.0,Everyone 10+,Adventure,2018-06-02,2.2.2,4.1 and up
3.9,Hands 'n Guns Simulator,FAMILY,19.727,76M,100.0,Free,0.0,Teen,Simulation,2018-07-03,32,4.1 and up
3.8,Hide N Seek : Mini Game,GAME,4.719,54M,50.0,Free,0.0,Everyone,Action,2018-07-08,5.1.3,4.1 and up
4.4,N Launcher - Nougat 7.0,PERSONALIZATION,32.597,8.4M,100.0,Free,0.0,Everyone,Personalization,2018-05-24,1.5.2,4.1 and up
4.0,Cops N Robbers,GAME,37.789,58M,100.0,Free,0.0,Teen,Adventure,2018-06-06,1.5.2,4.1 and up
4.7,Fantastic Chefs: Match 'n Cook,FAMILY,8.6,91M,50.0,Free,0.0,Everyone,Puzzle,2018-07-27,1.0.7,4.0.3 and up
4.7,Rock N' Cash Casino Slots -Free Vegas Slot Games,GAME,6.187,33M,10.0,Free,0.0,Teen,Casino,2018-07-27,1.15.0,4.0.3 and up
4.4,Knights N Squires,FAMILY,148.826,49M,100.0,Free,0.0,Teen,Role Playing,2018-06-19,1.4.9,4.0.3 and up
4.5,Opera Mini - fast web browser,COMMUNICATION,5150.801,Varies with device,10000.0,Free,0.0,Everyone,Communication,2018-07-19,Varies with device,Varies with device
4.4,Opera Browser: Fast and Secure,COMMUNICATION,2473.795,Varies with device,10000.0,Free,0.0,Everyone,Communication,2018-07-31,47.1.2249.129326,Varies with device
4.4,O Launcher 8.0 for Android™ O Oreo Launcher,TOOLS,11.393,8.7M,100.0,Free,0.0,Everyone,Tools,2018-07-27,3.9,4.4 and up
4.4,Opera Mini browser beta,COMMUNICATION,401.53,Varies with device,1000.0,Free,0.0,Everyone,Communication,2018-08-03,Varies with device,Varies with device
4.3,Multiling O Keyboard + emoji,PRODUCTIVITY,30.443,540k,100.0,Free,0.0,Everyone,Productivity,2018-07-03,0.54.2.4,2.1 and up
4.3,Google I/O 2018,BOOKS_AND_REFERENCE,22.401,4.6M,50.0,Free,0.0,Everyone,Books & Reference,2018-05-07,6.1.2,5.0 and up
4.4,OO Launcher for Android O 8.0 Oreo™ Launcher,PERSONALIZATION,14.832,8.6M,100.0,Free,0.0,Everyone,Personalization,2018-08-03,4.6,4.0 and up
4.3,O Launcher,TOOLS,2.059,10M,10.0,Free,0.0,Everyone,Tools,2018-05-22,1.1.4,5.0 and up
4.3,Psiphon Pro - The Internet Freedom VPN,COMMUNICATION,298.041,Varies with device,1000.0,Free,0.0,Everyone,Communication,2018-07-03,Varies with device,Varies with device
4.5,PicsArt Photo Studio: Collage Maker & Pic Editor,PHOTOGRAPHY,7590.099,34M,10000.0,Free,0.0,Teen,Photography,2018-07-31,9.40.3,4.0.3 and up
4.4,"Super P Launcher for Android P 9.0 launcher, theme",TOOLS,2.026,7.5M,10.0,Free,0.0,Everyone,Tools,2018-08-03,1.9,4.0 and up
4.2,pixiv,SOCIAL,86.956,24M,100.0,Free,0.0,Mature 17+,Social,2018-08-03,5.0.109,4.4 and up
4.6,PixelLab - Text on pictures,PHOTOGRAPHY,108.002,Varies with device,1000.0,Free,0.0,Everyone,Photography,2018-07-26,Varies with device,Varies with device
4.6,Parallel Space - Multiple accounts & Two face,PERSONALIZATION,3062.845,7.4M,10000.0,Free,0.0,Everyone,Personalization,2018-08-03,4.0.8552,4.0.3 and up
4.3,P9 Launcher - Android™ 9.0 P Launcher Style,TOOLS,1.162,7.3M,10.0,Free,0.0,Everyone,Tools,2018-07-06,2.5,4.1 and up
2.7,The Q - Live Trivia Game Network,GAME,1.486,14M,10.0,Free,0.0,Everyone,Trivia,2018-08-03,2.4.8,5.0 and up
2.9,Fossil Q,LIFESTYLE,6.627,18M,50.0,Free,0.0,Everyone,Lifestyle,2018-08-01,2.5.1,4.4 and up
4.2,Q,FAMILY,69.126,60M,100.0,Free,0.0,Everyone,Puzzle,2018-04-19,2.9.4,4.0 and up
4.5,Quora,SOCIAL,313.403,Varies with device,1000.0,Free,0.0,Teen,Social,2018-07-25,Varies with device,Varies with device
4.3,DJMAX TECHNIKA Q - Music Game,GAME,21.107,95M,10.0,Free,0.0,Everyone,Music,2018-07-30,1.2.1,4.0.3 and up
3.6,myQ,TOOLS,3.642,29M,10.0,Free,0.0,Everyone,Tools,2018-07-23,3.2.0,4.0.3 and up
4.4,ICQ — Video Calls & Chat Messenger,COMMUNICATION,697.939,Varies with device,1000.0,Free,0.0,Everyone,Communication,2018-07-18,7.3(823181),4.4 and up
3.6,Q-See QT View,TOOLS,7.357,19M,10.0,Free,0.0,Everyone,Tools,2018-07-12,4.4.1,5.0 and up
4.5,ROBLOX,FAMILY,4443.407,67M,10000.0,Free,0.0,Everyone 10+,Adventure;Action & Adventure,2018-07-31,2.347.225742,4.1 and up
4.2,R. Physics Puzzle Game,FAMILY,5.369,60M,50.0,Free,0.0,Everyone,Puzzle,2018-04-19,1.0.16,4.3 and up
4.8,Day R Premium,FAMILY,51.068,57M,10.0,Paid,4.99,Teen,Role Playing,2018-06-21,1.574,4.0.3 and up
4.1,Wonder5 Masters R,FAMILY,1.655,83M,10.0,Free,0.0,Everyone,Role Playing,2018-08-02,1.1.52,4.3 and up
4.6,SHAREit - Transfer & Share,TOOLS,7775.146,17M,50000.0,Free,0.0,Everyone,Tools,2018-07-30,4.5.28_ww,4.1 and up
4.2,S Launcher for Galaxy TouchWiz,PERSONALIZATION,11.244,2.2M,100.0,Free,0.0,Everyone,Personalization,2018-06-12,1.1.1,4.1 and up
4.6,"360 Security - Free Antivirus, Booster, Cleaner",TOOLS,16771.865,Varies with device,10000.0,Free,0.0,Everyone,Tools,2018-08-04,Varies with device,Varies with device
4.4,"S Photo Editor - Collage Maker , Photo Collage",PHOTOGRAPHY,972.574,45M,10000.0,Free,0.0,Everyone,Photography,2018-08-03,2.31,4.1 and up
4.5,Stupid Zombies,GAME,464.9,33M,1000.0,Free,0.0,Teen,Arcade,2018-06-27,2.0.5,4.2 and up
4.1,S’more - Earn Cash Rewards,PRODUCTIVITY,15.097,14M,100.0,Free,0.0,Everyone,Productivity,2018-07-23,1.6.0,4.2 and up
4.3,Samsung Smart Switch Mobile,TOOLS,146.913,24M,10000.0,Free,0.0,Everyone,Tools,2018-07-18,3.5.02.15,4.0 and up
4.4,"S S9 Launcher - Galaxy S8/S9 Launcher, theme, cool",TOOLS,22.503,6.5M,100.0,Free,0.0,Everyone,Tools,2018-07-06,4.1,4.1 and up
4.1,City Taxi Driver sim 2016: Cab simulator Game-s,FAMILY,16.111,57M,100.0,Free,0.0,Everyone,Simulation,2018-06-12,1.11,4.1 and up
4.4,Tumblr,SOCIAL,2953.886,Varies with device,10000.0,Free,0.0,Mature 17+,Social,2018-08-01,Varies with device,Varies with device
4.0,Tinder,LIFESTYLE,2789.775,68M,10000.0,Free,0.0,Mature 17+,Lifestyle,2018-08-02,9.5.0,4.4 and up
4.7,"Topbuzz: Breaking News, Videos & Funny GIFs",NEWS_AND_MAGAZINES,174.827,25M,1000.0,Free,0.0,Mature 17+,News & Magazines,2018-08-04,6.7.3,4.0 and up
4.6,Twitch: Livestream Multiplayer Games & Esports,FAMILY,2133.047,Varies with device,5000.0,Free,0.0,Teen,Entertainment,2018-07-31,Varies with device,Varies with device
4.3,T-Mobile,TOOLS,482.63,Varies with device,1000.0,Free,0.0,Everyone,Tools,2018-08-03,Varies with device,Varies with device
4.0,Dino T-Rex,GAME,69.115,2.4M,1000.0,Free,0.0,Everyone,Arcade,2018-06-13,1.36,4.1 and up
4.4,Telegram,COMMUNICATION,3128.611,Varies with device,10000.0,Free,0.0,Mature 17+,Communication,2018-07-27,Varies with device,Varies with device
3.7,myAT&T,PRODUCTIVITY,80.816,Varies with device,5000.0,Free,0.0,Everyone,Productivity,2018-07-18,Varies with device,5.0 and up
3.7,AT&T U-verse,FAMILY,38.606,96M,100.0,Free,0.0,Everyone,Entertainment,2018-06-13,5.9.0.0031,4.1 and up
4.0,T-Mobile Tuesdays,LIFESTYLE,53.144,21M,500.0,Free,0.0,Everyone,Lifestyle,2018-07-13,4.8.0,5.0 and up
4.5,"Truecaller: Caller ID, SMS spam blocking & Dialer",COMMUNICATION,7820.775,Varies with device,10000.0,Free,0.0,Everyone,Communication,2018-08-01,Varies with device,Varies with device
4.6,AT&T Mobile Transfer,PRODUCTIVITY,22.775,26M,1000.0,Free,0.0,Everyone,Productivity,2018-07-31,3.8.2,4.4 and up
3.6,T-Mobile Visual Voicemail,TOOLS,41.502,Varies with device,5000.0,Free,0.0,Everyone,Tools,2018-07-31,Varies with device,Varies with device
3.9,Portable Wi-Fi hotspot,COMMUNICATION,138.129,2.1M,1000.0,Free,0.0,Everyone,Communication,2018-05-06,1.5.2.4-23,2.3 and up
3.7,Showtime Anytime,FAMILY,18.522,Varies with device,100.0,Free,0.0,Teen,Entertainment,2018-07-02,Varies with device,Varies with device
4.2,AT&T Call Protect,COMMUNICATION,6.454,15M,500.0,Free,0.0,Everyone,Communication,2018-05-03,1.5.13-3598,5.0 and up
4.4,Don't Starve: Pocket Edition,GAME,17.988,7.9M,10.0,Paid,4.99,Teen,Adventure,2018-07-25,1.06,5.0 and up
3.3,AT&T DriveMode,MAPS_AND_NAVIGATION,8.465,8.9M,1000.0,Free,0.0,Everyone,Maps & Navigation,2018-05-03,1.0.4.3,4.1 and up
4.0,T-Mobile SyncUP DRIVE,AUTO_AND_VEHICLES,1.981,18M,10.0,Free,0.0,Everyone,Auto & Vehicles,2018-08-01,2.15.1.4,5.0 and up
4.2,T-shirt design - Snaptee,LIFESTYLE,29.756,45M,100.0,Free,0.0,Everyone,Lifestyle,2018-07-19,1.1.6.1,4.1 and up
3.7,Můj T-Mobile Business,PRODUCTIVITY,10.49,5.8M,100.0,Free,0.0,Everyone,Productivity,2018-07-24,3.1.7,4.1 and up
4.3,U by BB&T,FINANCE,16.6,24M,100.0,Free,0.0,Everyone,Finance,2018-06-19,1.7.7,4.4 and up
4.5,U LIVE – Video Chat & Stream,SOCIAL,67.611,21M,100.0,Free,0.0,Mature 17+,Social,2018-04-23,263.16.29,4.0.3 and up
4.1,"U - Webinars, Meetings & Messenger",COMMUNICATION,6.601,31M,50.0,Free,0.0,Everyone,Communication,2018-07-02,4.7.0,4.1 and up
4.5,U-Dictionary: Best English Learning Dictionary,FAMILY,166.886,21M,1000.0,Free,0.0,Everyone 10+,Education,2018-07-29,3.6.2,4.0.3 and up
4.0,Ustream,VIDEO_PLAYERS,93.638,7.3M,1000.0,Free,0.0,Mature 17+,Video Players & Editors,2018-07-11,3.2.2,4.1 and up
4.4,UC Browser Mini -Tiny Fast Private & Secure,COMMUNICATION,3648.765,3.3M,10000.0,Free,0.0,Teen,Communication,2018-07-18,11.4.0,4.0 and up
4.2,Uber,MAPS_AND_NAVIGATION,4921.866,Varies with device,10000.0,Free,0.0,Everyone,Maps & Navigation,2018-08-02,Varies with device,Varies with device
4.1,"Parallel U - App Cloner, Duals APP, tarallel",TOOLS,3.315,5.1M,50.0,Free,0.0,Everyone,Tools,2018-05-15,1.0.24,4.1 and up
3.8,U+Box,PRODUCTIVITY,24.517,22M,1000.0,Free,0.0,Everyone,Productivity,2018-05-23,4.2.17,5.0 and up
4.6,"Meet U - Get Friends for Snapchat, Kik & Instagram",SOCIAL,4.435,5.4M,10.0,Free,0.0,Mature 17+,Social,2018-05-25,1.0.3386,4.0.3 and up
3.2,SAY-U,FAMILY,1.011,Varies with device,10.0,Free,0.0,Teen,Entertainment,2018-07-13,Varies with device,4.1 and up
4.4,V LIVE - Star Live App,FAMILY,397.147,Varies with device,1000.0,Free,0.0,Teen,Entertainment,2018-08-02,Varies with device,Varies with device
4.2,Identity V,GAME,109.263,38M,100.0,Free,0.0,Teen,Action,2018-07-10,1.0.144431,4.1 and up
4.2,VMate,VIDEO_PLAYERS,192.677,17M,5000.0,Free,0.0,Teen,Video Players & Editors,2018-08-03,1.78,4.0.3 and up
4.1,Grand Theft Auto V: The Manual,FAMILY,182.103,6.9M,500.0,Free,0.0,Teen,Entertainment,2018-07-31,5.0.12,3.0 and up
4.3,Viber Messenger,COMMUNICATION,11335.481,Varies with device,50000.0,Free,0.0,Everyone,Communication,2018-07-18,Varies with device,Varies with device
4.2,V for Voodoo,GAME,16.876,59M,100.0,Free,0.0,Teen,Trivia,2018-06-28,3.0.1,6.0 and up
4.2,Sin City Crime Simulator V - Gangster,GAME,2.113,67M,10.0,Free,0.0,Everyone 10+,Action,2018-04-23,Varies with device,4.0.3 and up
3.9,The Gang Sniper V. Pocket Edition.,GAME,6.121,61M,50.0,Free,0.0,Mature 17+,Action,2018-06-20,2.1,4.1 and up
3.9,Vimeo,FAMILY,85.578,Varies with device,1000.0,Free,0.0,Teen,Entertainment,2018-08-01,Varies with device,Varies with device
4.4,VLC for Android,VIDEO_PLAYERS,1031.045,Varies with device,10000.0,Free,0.0,Everyone,Video Players & Editors,2018-07-30,Varies with device,2.3 and up
3.8,All Video Downloader,VIDEO_PLAYERS,165.723,1.6M,1000.0,Free,0.0,Everyone,Video Players & Editors,2018-08-04,7.5.9,4.0 and up
4.5,"Vault-Hide SMS,Pics & Videos,App Lock,Cloud backup",BUSINESS,984.451,Varies with device,5000.0,Free,0.0,Everyone,Business,2018-08-02,Varies with device,Varies with device
4.2,VidPlay,VIDEO_PLAYERS,3.546,3.7M,100.0,Free,0.0,Everyone,Video Players & Editors,2018-05-27,2.0.19,4.1 and up
3.7,HD Video Downloader : 2018 Best video mate,VIDEO_PLAYERS,430.643,4.9M,5000.0,Free,0.0,Everyone,Video Players & Editors,2018-05-31,2.5.0,4.1 and up
4.3,Vigo Video,VIDEO_PLAYERS,1615.418,Varies with device,5000.0,Free,0.0,Teen,Video Players & Editors,2018-08-03,Varies with device,4.0.3 and up
4.6,VivaVideo - Video Editor & Photo Movie,VIDEO_PLAYERS,9879.473,40M,10000.0,Free,0.0,Teen,Video Players & Editors,2018-08-04,7.2.1,4.1 and up
3.3,Mod GTA V for MCPE,FAMILY,4.288,10M,50.0,Free,0.0,Everyone,Entertainment,2018-04-23,1.2.3.4.5,4.0.3 and up
4.6,"VideoShow-Video Editor, Video Maker, Beauty Camera",VIDEO_PLAYERS,4016.834,Varies with device,10000.0,Free,0.0,Everyone,Video Players & Editors,2018-07-23,Varies with device,Varies with device
4.0,Grand Stickman Cover V,GAME,1.744,37M,10.0,Free,0.0,Mature 17+,Action,2018-05-19,1.0.1,4.1 and up
4.2,WeChat,COMMUNICATION,5387.631,Varies with device,10000.0,Free,0.0,Everyone,Communication,2018-07-31,Varies with device,Varies with device
4.6,Wattpad 📖 Free Books,BOOKS_AND_REFERENCE,2915.189,Varies with device,10000.0,Free,0.0,Teen,Books & Reference,2018-08-01,Varies with device,Varies with device
4.6,"Waze - GPS, Maps, Traffic Alerts & Live Navigation",MAPS_AND_NAVIGATION,7231.017,Varies with device,10000.0,Free,0.0,Everyone,Maps & Navigation,2018-07-29,Varies with device,Varies with device
4.3,"Dating App, Flirt & Chat : W-Match",SOCIAL,175.523,Varies with device,1000.0,Free,0.0,Mature 17+,Social,2018-07-23,Varies with device,Varies with device
4.5,"WPS Office - Word, Docs, PDF, Note, Slide & Sheet",PRODUCTIVITY,1507.205,37M,10000.0,Free,0.0,Everyone,Productivity,2018-07-30,11.1.3,4.0 and up
4.3,Words With Friends Classic,GAME,1704.112,Varies with device,5000.0,Free,0.0,Everyone,Word,2018-07-11,Varies with device,Varies with device
4.5,LINE WEBTOON - Free Comics,COMICS,1013.944,Varies with device,1000.0,Free,0.0,Teen,Comics,2018-07-31,Varies with device,Varies with device
4.4,Weather & Clock Widget for Android,WEATHER,2371.543,11M,5000.0,Free,0.0,Everyone,Weather,2018-06-04,5.9.4.0,4.0.3 and up
4.4,WhatsApp Business,COMMUNICATION,137.144,32M,1000.0,Free,0.0,Everyone,Communication,2018-07-30,2.18.116,4.0.3 and up
4.3,WIFI WPS WPA TESTER,TOOLS,352.097,6.7M,1000.0,Free,0.0,Everyone,Tools,2018-06-12,3.8.5,4.0 and up
4.2,Open in WhatsApp (click to chat),TOOLS,12.121,79k,100.0,Free,0.0,Everyone,Tools,2018-08-01,1.12,2.3.3 and up
4.4,WowBox,LIFESTYLE,101.957,8.2M,500.0,Free,0.0,Everyone,Lifestyle,2018-04-23,2.11.0,4.0.3 and up
4.4,WPSApp,TOOLS,95.08,3.1M,1000.0,Free,0.0,Everyone,Tools,2018-08-03,1.6.22,4.1 and up
4.6,WhatsCall Free Global Phone Call App & Cheap Calls,COMMUNICATION,1130.966,27M,1000.0,Free,0.0,Everyone,Communication,2018-06-06,1.9.1.013,4.0 and up
4.6,Dictionary - WordWeb,BOOKS_AND_REFERENCE,124.97,Varies with device,500.0,Free,0.0,Teen,Books & Reference,2018-05-26,Varies with device,Varies with device
4.5,We Heart It,SOCIAL,637.254,Varies with device,1000.0,Free,0.0,Teen,Social,2018-07-18,Varies with device,Varies with device
4.4,TripAdvisor Hotels Flights Restaurants Attractions,TRAVEL_AND_LOCAL,1162.331,Varies with device,10000.0,Free,0.0,Everyone,Travel & Local,2018-08-04,Varies with device,Varies with device
4.2,Draw Something Classic,GAME,1092.106,43M,5000.0,Free,0.0,Everyone,Word,2018-07-28,2.400.022,4.4 and up
4.5,X-VPN - Free Unlimited VPN Proxy,TOOLS,40.617,21M,500.0,Free,0.0,Everyone,Tools,2018-07-31,65,4.1 and up
4.6,Telegram X,SOCIAL,70.449,Varies with device,500.0,Free,0.0,Teen,Social,2018-07-27,Varies with device,Varies with device
4.4,Share Music & Transfer Files - Xender,TOOLS,1279.109,Varies with device,10000.0,Free,0.0,Everyone,Tools,2018-07-20,Varies with device,Varies with device
4.7,X Launcher: With OS11 Style Theme & Control Center,ART_AND_DESIGN,5.754,4.4M,10.0,Free,0.0,Everyone,Art & Design,2018-07-30,2.1.2,4.1 and up
4.2,"Phone X Launcher, OS 11 iLauncher & Control Center",TOOLS,54.063,16M,500.0,Free,0.0,Everyone,Tools,2018-06-01,2.7.2,4.1 and up
4.6,X-plore File Manager,TOOLS,168.487,6.4M,1000.0,Free,0.0,Everyone,Tools,2018-06-26,4.01.00,4.3 and up
4.6,X Home Bar - Free,TOOLS,4.21,1.9M,10.0,Free,0.0,Everyone,Tools,2018-06-18,1.5.0,4.1 and up
4.5,The X-Files: Deep State - Hidden Object Adventure,FAMILY,22.018,53M,50.0,Free,0.0,Teen,Casual,2018-07-18,2.6.1,5.0 and up
4.5,Casino X - Free Online Slots,GAME,30.515,Varies with device,100.0,Free,0.0,Teen,Casino,2018-05-22,2.92,4.0 and up
4.2,X-Plane 10 Flight Simulator,FAMILY,63.197,11M,100.0,Free,0.0,Everyone,Simulation,2018-06-27,Varies with device,Varies with device
4.7,Anime X Wallpaper,PERSONALIZATION,32.613,3.2M,100.0,Free,0.0,Everyone,Personalization,2018-05-31,3.11,4.1 and up
4.7,NEW Theme for Phone X,PERSONALIZATION,8.642,3.7M,50.0,Free,0.0,Everyone,Personalization,2018-05-22,1.1.6,4.0 and up
4.3,iLocker X - iOS11 Lockscreen with HD Wallpapers,PERSONALIZATION,1.714,31M,10.0,Free,0.0,Everyone,Personalization,2018-06-19,1.4.7,4.1 and up
4.5,Space X: Sky Wars of Air Force,GAME,10.748,47M,100.0,Free,0.0,Everyone,Arcade,2018-08-04,4,4.1 and up
2.9,PLAYBULB X,LIFESTYLE,2.16,15M,10.0,Free,0.0,Everyone,Lifestyle,2018-06-25,1.6.5,4.3 and up
4.4,YouTube TV - Watch & Record Live TV,FAMILY,38.517,17M,100.0,Free,0.0,Teen,Entertainment,2018-08-02,2.29.2,5.0 and up
4.5,Yandex Browser with Protect,PERSONALIZATION,1235.841,Varies with device,5000.0,Free,0.0,Everyone,Personalization,2018-07-18,Varies with device,Varies with device
4.4,Boomerang Make and Race,FAMILY,281.448,70M,1000.0,Free,0.0,Everyone,Racing;Action & Adventure,2018-06-01,1.5.0,4.0 and up
4.3,YouTube Studio,VIDEO_PLAYERS,436.17,Varies with device,1000.0,Free,0.0,Teen,Video Players & Editors,2018-06-28,Varies with device,Varies with device
4.4,Talking Tom & Ben News,FAMILY,1131.937,41M,10000.0,Free,0.0,Everyone,Entertainment,2018-04-30,2.4.0.7,4.1 and up
4.2,Vegas Crime Simulator,FAMILY,721.646,99M,5000.0,Free,0.0,Teen,Simulation,2018-08-02,2.7,4.1 and up
4.8,PewDiePie's Tuber Simulator,FAMILY,1499.466,96M,1000.0,Free,0.0,Teen,Casual,2018-07-24,1.25.0,4.1 and up
4.3,Yahoo Mail – Stay Organized,COMMUNICATION,4188.345,16M,10000.0,Free,0.0,Everyone,Communication,2018-07-18,5.29.3,4.4 and up
4.3,Real Gangster Crime,GAME,285.814,84M,1000.0,Free,0.0,Teen,Action,2018-06-26,3.5,4.0 and up
4.2,PBS KIDS Video,FAMILY,36.214,Varies with device,500.0,Free,0.0,Everyone,Education;Music & Video,2018-07-12,Varies with device,Varies with device
4.2,YouTube Gaming,FAMILY,130.549,Varies with device,500.0,Free,0.0,Teen,Entertainment,2018-06-27,2.08.78.2,4.1 and up
4.5,Avast Mobile Security 2018 - Antivirus & App Lock,TOOLS,5180.48,26M,10000.0,Free,0.0,Everyone,Tools,2018-08-01,6.11.4,4.1 and up
4.4,"GO Keyboard - Emoticon keyboard, Free Theme, GIF",PERSONALIZATION,2591.61,Varies with device,10000.0,Free,0.0,Everyone,Personalization,2018-07-20,Varies with device,Varies with device
4.4,NQ Mobile Security & Antivirus,PRODUCTIVITY,427.185,Varies with device,1000.0,Free,0.0,Teen,Productivity,2018-06-08,Varies with device,Varies with device
4.5,GO Launcher - 3D parallax Themes & HD Wallpapers,PERSONALIZATION,7464.996,Varies with device,10000.0,Free,0.0,Everyone,Personalization,2018-08-03,Varies with device,Varies with device
4.6,"Zapya - File Transfer, Sharing",TOOLS,387.958,9.0M,1000.0,Free,0.0,Teen,Tools,2018-07-16,5.6.2 (US),4.0.3 and up
4.2,Last Empire - War Z: Strategy,FAMILY,853.495,78M,5000.0,Free,0.0,Teen,Strategy,2018-08-02,1.0.208,4.0.3 and up
3.9,Z Day: Hearts of Heroes,FAMILY,5.894,67M,100.0,Free,0.0,Everyone 10+,Strategy,2018-07-11,1.0.2,4.0.3 and up
4.7,Z Champions,GAME,96.028,59M,100.0,Free,0.0,Teen,Arcade,2018-05-28,Varies with device,4.0 and up
4.4,Zello PTT Walkie Talkie,SOCIAL,695.576,Varies with device,5000.0,Free,0.0,Everyone,Social,2018-08-02,Varies with device,Varies with device
4.5,CPU-Z,TOOLS,295.43,1.4M,1000.0,Free,0.0,Everyone,Tools,2018-04-17,1.26,2.2 and up
4.4,"Z Camera - Photo Editor, Beauty Selfie, Collage",PHOTOGRAPHY,1075.016,47M,10000.0,Free,0.0,Mature 17+,Photography,2018-08-03,4.21,4.1 and up
4.2,Empire Z: Endless War,FAMILY,367.951,76M,500.0,Free,0.0,Teen,Strategy,2018-07-16,2.2.8,4.0.3 and up
4.1,DRAGON BALL Z DOKKAN BATTLE,GAME,650.114,80M,1000.0,Free,0.0,Teen,Action,2018-07-03,3.11.0,4.0.3 and up
4.2,Z War-Zombie Modern Combat,FAMILY,62.301,72M,500.0,Free,0.0,Teen,Strategy,2018-08-01,1.6,4.1 and up
4.2,Pixel Z Gunner 3D - Battle Survival Fps,GAME,11.408,96M,100.0,Free,0.0,Teen,Action,2018-07-06,4.1,4.0 and up
4.1,Mini DAYZ: Zombie Survival,GAME,94.661,Varies with device,100.0,Free,0.0,Teen,Action,2018-06-08,1.4.0,4.4 and up
4.3,Zombie Avengers:(Dreamsky)Stickman War Z,GAME,13.604,96M,100.0,Paid,0.99,Teen,Action,2018-06-26,2.4.4,2.3 and up
4.9,Six Pack in 30 Days - Abs Workout,HEALTH_AND_FITNESS,272.172,13M,1000.0,Free,0.0,Everyone,Health & Fitness,2018-06-21,1.0.2,4.2 and up
4.6,Angry Birds Blast,FAMILY,253.115,99M,1000.0,Free,0.0,Everyone,Puzzle,2018-07-27,1.6.4,4.4 and up
4.5,Angry Birds Evolution,FAMILY,384.602,88M,1000.0,Free,0.0,Everyone,Role Playing,2018-07-30,1.21.1,5.0 and up
4.7,Angry Birds Match,FAMILY,227.401,91M,500.0,Free,0.0,Everyone,Puzzle,2018-07-19,1.5.0,5.0 and up
4.5,Angry Birds POP Bubble Shooter,FAMILY,596.628,99M,1000.0,Free,0.0,Everyone,Casual,2018-08-02,3.39.0,4.1 and up
4.8,Abs Workout - Burn Belly Fat with No Equipment,HEALTH_AND_FITNESS,69.279,10M,1000.0,Free,0.0,Everyone,Health & Fitness,2018-07-23,1.1.8,4.2 and up
4.6,6 Pack Promise - Ultimate Abs,HEALTH_AND_FITNESS,18.921,Varies with device,100.0,Free,0.0,Everyone,Health & Fitness,2018-08-04,Varies with device,Varies with device
4.6,Angry Birds 2,FAMILY,3881.752,57M,10000.0,Free,0.0,Everyone,Casual,2018-07-26,2.21.1,4.1 and up
4.8,"Abs, Core & Back Workout Challenge",HEALTH_AND_FITNESS,3.908,33M,10.0,Free,0.0,Everyone,Health & Fitness,2018-07-09,1.5.8,4.1 and up
4.4,Angry Birds Rio,GAME,2610.328,46M,10000.0,Free,0.0,Everyone,Arcade,2018-07-03,2.6.9,4.1 and up
4.5,Angry Birds Epic RPG,FAMILY,2634.605,63M,1000.0,Free,0.0,Everyone,Role Playing,2018-07-18,3.0.27430.4799,4.4 and up
4.4,Daily Ab Workout - Core & Abs Fitness Exercises,HEALTH_AND_FITNESS,44.939,Varies with device,1000.0,Free,0.0,Everyone,Health & Fitness,2018-06-14,Varies with device,Varies with device
4.6,Abs workout 7 minutes,HEALTH_AND_FITNESS,37.224,Varies with device,100.0,Free,0.0,Everyone,Health & Fitness,2018-06-13,Varies with device,Varies with device
4.2,Angry Birds Friends,GAME,829.753,48M,5000.0,Free,0.0,Everyone,Arcade,2018-06-19,4.9.0,4.1 and up
3.9,Math games for kids : times tables - AB Math,FAMILY,2.371,8.3M,50.0,Free,0.0,Everyone,Educational;Education,2018-07-27,3.9.3,4.0.3 and up
4.8,"ABS Workout - Belly workout, 30 days AB",HEALTH_AND_FITNESS,5.103,Varies with device,10.0,Free,0.0,Everyone,Health & Fitness,2018-07-13,2.0.5,4.0.3 and up
4.2,Angry Birds Go!,GAME,3846.378,82M,5000.0,Free,0.0,Everyone,Racing,2018-05-30,2.8.2,4.1 and up
4.3,Angry Birds Star Wars,GAME,1218.055,45M,10000.0,Free,0.0,Everyone,Arcade,2018-05-25,1.5.12,4.1 and up
4.8,Abs workout - 21 Day Fitness Challenge,HEALTH_AND_FITNESS,18.604,15M,100.0,Free,0.0,Everyone,Health & Fitness,2018-05-02,1.0.0.9,4.1 and up
3.8,Universal AC Remote Control,TOOLS,40.934,5.2M,100.0,Free,0.0,Everyone,Tools,2018-07-28,acremotecontrol18,4.0.3 and up
3.3,Smart Air Conditioner,TOOLS,4.786,13M,50.0,Free,0.0,Everyone,Tools,2018-05-24,1.2.84,2.2 and up
3.7,AC Remote for LG - NOW FREE,TOOLS,1.041,28M,10.0,Free,0.0,Everyone,Tools,2018-07-30,6.1.7,4.2 and up
4.2,AC - Tips & News for Android™,NEWS_AND_MAGAZINES,23.291,14M,100.0,Free,0.0,Everyone 10+,News & Magazines,2018-05-24,3.1.12,4.1 and up
4.1,"Mi Remote controller - for TV, STB, AC and more",TOOLS,114.34,28M,1000.0,Free,0.0,Everyone,Tools,2018-08-01,5.7.1,4.2 and up
3.7,ac remote control,TOOLS,9.514,7.0M,50.0,Free,0.0,Everyone,Tools,2018-07-11,acremotecontrol-v7,4.0.3 and up
4.4,Free Adblocker Browser - Adblock & Popup Blocker,COMMUNICATION,152.47,Varies with device,1000.0,Free,0.0,Everyone,Communication,2018-07-19,Varies with device,Varies with device
3.7,AppBrain Ad Detector,TOOLS,9.221,1.7M,100.0,Free,0.0,Everyone,Tools,2018-04-12,2.2.1,4.1 and up
3.7,"AD - Nieuws, Sport, Regio & Entertainment",NEWS_AND_MAGAZINES,10.369,Varies with device,100.0,Free,0.0,Everyone,News & Magazines,2018-07-28,Varies with device,Varies with device
4.1,Adblock Browser for Android,COMMUNICATION,121.113,39M,1000.0,Free,0.0,Everyone,Communication,2018-07-11,1.4.0,4.1 and up
4.6,"CM Browser - Ad Blocker , Fast Download , Privacy",COMMUNICATION,2265.084,6.1M,5000.0,Free,0.0,Everyone,Communication,2018-07-31,5.22.18.0006,4.0 and up
3.9,Anti Adware,TOOLS,18.751,3.6M,100.0,Free,0.0,Everyone,Tools,2018-06-19,3.6,4.1 and up
4.5,Weather & Radar Pro - Ad-Free,WEATHER,25.243,26M,10.0,Paid,2.99,Everyone,Weather,2018-08-01,4.34.0,4.4 and up
4.7,Ez Screen Recorder (no ad),VIDEO_PLAYERS,8.696,14M,10.0,Free,0.0,Everyone,Video Players & Editors,2018-06-03,2.1.4,5.0 and up
4.7,Best Applock - Locker & No Ads,PRODUCTIVITY,10.672,6.9M,10.0,Free,0.0,Everyone,Productivity,2018-06-23,2.1.1,4.1 and up
4.3,Brave Browser: Fast AdBlocker,COMMUNICATION,40.241,Varies with device,500.0,Free,0.0,Everyone,Communication,2018-06-30,1.0.52,4.1 and up
4.3,Google Ads,BUSINESS,29.331,20M,500.0,Free,0.0,Everyone,Business,2018-07-30,1.12.0,4.0.3 and up
4.1,Bing Ads,BUSINESS,1.828,13M,10.0,Free,0.0,Everyone,Business,2018-07-20,2.13.2,4.1 and up
4.6,Flipp - Weekly Shopping,SHOPPING,85.782,Varies with device,1000.0,Free,0.0,Everyone,Shopping,2018-07-30,Varies with device,Varies with device
4.2,"AE + Aerie: Jeans, Dresses, Swimsuits & Bralettes",SHOPPING,20.476,28M,100.0,Free,0.0,Everyone,Shopping,2018-07-17,5.6.0,4.4 and up
4.0,A&E - Watch Full Episodes of TV Shows,FAMILY,29.708,19M,100.0,Free,0.0,Teen,Entertainment,2018-07-16,3.1.4,4.4 and up
3.9,Adobe Premiere Clip,VIDEO_PLAYERS,39.495,59M,500.0,Free,0.0,Everyone,Video Players & Editors,2018-06-26,1.1.4.1296,4.4 and up
4.4,FilmoraGo - Free Video Editor,VIDEO_PLAYERS,238.459,35M,1000.0,Free,0.0,Everyone,Video Players & Editors,2018-06-06,3.1.4,4.2 and up
4.5,ActionDirector Video Editor - Edit Videos Fast,VIDEO_PLAYERS,74.531,32M,500.0,Free,0.0,Everyone,Video Players & Editors,2018-06-15,2.12.0,4.3 and up
4.2,"Cardiac diagnosis (heart rate, arrhythmia)",MEDICAL,4.559,6.4M,10.0,Free,0.0,Everyone,Medical,2018-07-27,117,3.0 and up
4.4,iFunny :),FAMILY,503.757,Varies with device,1000.0,Free,0.0,Mature 17+,Entertainment,2018-08-02,Varies with device,Varies with device
4.2,AR effect,PHOTOGRAPHY,79.792,Varies with device,10000.0,Free,0.0,Everyone,Photography,2018-08-03,Varies with device,Varies with device
4.3,Open Camera,PHOTOGRAPHY,116.769,2.0M,1000.0,Free,0.0,Everyone,Photography,2018-04-23,1.43.3,4.0.3 and up
4.1,Camera Pro,PHOTOGRAPHY,7.479,13M,100.0,Free,0.0,Everyone,Photography,2018-04-16,5.4,4.0 and up
4.0,HD Camera - silent shutter,PHOTOGRAPHY,26.53,3.9M,100.0,Free,0.0,Everyone,Photography,2018-07-23,2.3.5,3.2 and up
4.1,A Better Camera,PHOTOGRAPHY,76.484,Varies with device,500.0,Free,0.0,Everyone,Photography,2018-06-08,3.52,4.0 and up
4.6,"9GAG: Funny Gifs, Pics, Memes & Videos for IGTV",FAMILY,1450.632,Varies with device,1000.0,Free,0.0,Teen,Entertainment,2018-08-03,Varies with device,Varies with device
4.6,All Football - Latest News & Videos,SPORTS,152.653,17M,1000.0,Free,0.0,Everyone,Sports,2018-08-03,3.0.5,4.1 and up
4.1,50000 Free eBooks & Free AudioBooks,BOOKS_AND_REFERENCE,52.312,11M,500.0,Free,0.0,Teen,Books & Reference,2018-05-19,5.3.4,4.4 and up
4.4,AppLock,TOOLS,4931.562,Varies with device,10000.0,Free,0.0,Everyone,Tools,2018-06-11,Varies with device,Varies with device
4.2,King of Avalon: Dragon Warfare,FAMILY,306.652,64M,1000.0,Free,0.0,Everyone 10+,Strategy,2018-07-31,4.6.4,4.0.3 and up
4.3,Blurfoto : Auto blur photo background & DSLR focus,PHOTOGRAPHY,2.215,12M,50.0,Free,0.0,Everyone,Photography,2018-07-27,1.12,4.3 and up
4.0,Blur,PHOTOGRAPHY,9.013,2.4M,100.0,Free,0.0,Everyone,Photography,2018-06-18,4.0.2,4.4 and up
4.4,AG Subway Simulator Lite,FAMILY,6.738,56M,10.0,Free,0.0,Everyone,Simulation,2018-06-08,1.2.6,4.1 and up
4.5,Replika,FAMILY,45.458,35M,100.0,Free,0.0,Mature 17+,Entertainment,2018-08-03,1.5.49,4.4 and up
4.4,Virtual Assistant DataBot: Artificial Intelligence,FAMILY,80.927,27M,100.0,Free,0.0,Everyone,Entertainment,2018-07-31,7.2.5,4.0 and up
3.8,ChatBot AI Talking Girl,FAMILY,3.597,25M,10.0,Free,0.0,Everyone 10+,Entertainment,2018-07-31,1.0.16,4.0.3 and up
4.4,Extreme- Personal Voice Assistant,PRODUCTIVITY,25.627,9.8M,100.0,Free,0.0,Everyone,Productivity,2018-08-05,132,5.0 and up
4.2,Robin - AI Voice Assistant,MAPS_AND_NAVIGATION,55.313,16M,100.0,Free,0.0,Everyone,Maps & Navigation,2018-08-05,4.435,4.1 and up
4.4,Friday: Smart Personal Assistant,PRODUCTIVITY,2.087,8.3M,10.0,Free,0.0,Everyone,Productivity,2018-06-24,20,5.0 and up
4.5,Lyra Virtual Assistant,PRODUCTIVITY,41.624,3.4M,100.0,Free,0.0,Everyone,Productivity,2018-05-24,1.2.4,4.0.3 and up
4.7,ai robot keyboard,PERSONALIZATION,1.891,1.9M,10.0,Free,0.0,Everyone,Personalization,2018-05-24,10001008,4.0.3 and up
4.6,Animal Jam - Play Wild!,FAMILY,361.734,58M,500.0,Free,0.0,Everyone,Casual;Pretend Play,2018-08-02,28.0.14,4.1 and up
4.5,Dash Tag - Fun Endless Runner!,FAMILY,6.75,43M,10.0,Free,0.0,Everyone,Casual,2018-06-13,2.0.3,4.3 and up
4.4,Tunnel Town,FAMILY,74.744,60M,100.0,Free,0.0,Everyone,Strategy,2018-07-26,1.5.6,4.1 and up
2.8,Club Penguin Island,FAMILY,107.441,32M,100.0,Free,0.0,Everyone,Casual;Action & Adventure,2018-07-10,1.10.5,4.4 and up
4.6,Little Pets Animal Guardians,FAMILY,18.893,91M,10.0,Free,0.0,Everyone,Casual;Pretend Play,2018-06-09,1.4.1,4.0.3 and up
4.3,Crisis Action: 2018 NO.1 FPS,GAME,807.226,34M,1000.0,Free,0.0,Teen,Action,2018-07-11,3.0.2,4.0.3 and up
4.6,Weapon stripping 3D,FAMILY,23.971,24M,100.0,Free,0.0,Everyone,Simulation,2018-08-04,39.231,4.1 and up
3.9,Counter Terrorist Attack,GAME,145.931,43M,1000.0,Free,0.0,Teen,Action,2018-05-31,5.3.2,2.3 and up
4.2,RULES OF SURVIVAL,GAME,1343.106,56M,1000.0,Free,0.0,Teen,Action,2018-08-01,1.180271.184729,4.0 and up
3.6,Gun Mod: Guns in Minecraft PE,FAMILY,33.812,12M,500.0,Free,0.0,Teen,Entertainment,2018-07-30,2.5,4.1 and up
4.1,Shoot Strike War Fire,GAME,82.827,20M,1000.0,Free,0.0,Teen,Arcade,2018-07-13,1.1.5,4.0 and up
4.6,Al-Quran (Free),BOOKS_AND_REFERENCE,218.451,4.7M,1000.0,Free,0.0,Everyone,Books & Reference,2018-05-20,3.2.3,4.0 and up
4.8,Al Quran (Tafsir & by Word),BOOKS_AND_REFERENCE,57.4,14M,50.0,Free,0.0,Everyone,Books & Reference,2018-07-30,1.6.5,4.0 and up
4.6,Al-Moazin Lite (Prayer Times),LIFESTYLE,284.67,Varies with device,1000.0,Free,0.0,Everyone,Lifestyle,2018-07-24,Varies with device,Varies with device
4.8,Al Quran Indonesia,BOOKS_AND_REFERENCE,445.756,16M,1000.0,Free,0.0,Everyone,Books & Reference,2018-05-15,2.6.22,4.0 and up
4.6,Al'Quran Bahasa Indonesia,BOOKS_AND_REFERENCE,361.78,9.7M,1000.0,Free,0.0,Everyone,Books & Reference,2018-05-30,4.1,2.3 and up
4.1,Al Jazeera English,NEWS_AND_MAGAZINES,24.456,Varies with device,100.0,Free,0.0,Everyone,News & Magazines,2018-07-24,Varies with device,Varies with device
4.5,Al Quran : EAlim - Translations & MP3 Offline,BOOKS_AND_REFERENCE,96.419,Varies with device,500.0,Free,0.0,Everyone,Books & Reference,2018-05-05,Varies with device,Varies with device
4.7,Al Mayadeen,NEWS_AND_MAGAZINES,13.62,9.0M,50.0,Free,0.0,Everyone,News & Magazines,2018-04-16,2.137,4.1 and up
4.7,Al Quran MP3 - Quran Reading®,FAMILY,47.463,22M,100.0,Free,0.0,Everyone,Education,2018-04-24,4.4,4.0.3 and up
4.7,Quran for Android,BOOKS_AND_REFERENCE,497.826,Varies with device,1000.0,Free,0.0,Everyone,Books & Reference,2018-05-30,Varies with device,Varies with device
4.7,"Muslim Pro - Prayer Times, Azan, Quran & Qibla",LIFESTYLE,1133.393,Varies with device,1000.0,Free,0.0,Everyone,Lifestyle,2018-07-03,Varies with device,Varies with device
4.0,Amazon for Tablets,SHOPPING,141.584,22M,1000.0,Free,0.0,Teen,Shopping,2018-07-31,16.14.0.850,4.4 and up
4.4,I Am Innocent,GAME,208.501,56M,100.0,Free,0.0,Teen,Adventure,2018-07-23,2.8.307,4.0.3 and up
4.0,Final Fantasy XV: A New Empire,FAMILY,484.858,Varies with device,1000.0,Free,0.0,Everyone 10+,Strategy,2018-06-15,3.30.4.83,4.1 and up
4.6,Trell: An app for Explorers | Best Wanderlust App,LIFESTYLE,8.004,34M,10.0,Free,0.0,Teen,Lifestyle,2018-07-31,3.4.8,4.1 and up
4.2,Virtual Families 2,FAMILY,636.228,Varies with device,1000.0,Free,0.0,Everyone,Casual,2018-07-19,Varies with device,Varies with device
4.3,The Sims™ FreePlay,FAMILY,931.503,31M,1000.0,Free,0.0,Teen,Simulation,2018-07-16,5.39.1,4.0.3 and up
4.5,League of Gamers - Be an E-Sports Legend!,SPORTS,68.072,40M,500.0,Free,0.0,Everyone,Sports,2018-07-26,1.1.7,4.1 and up
4.5,My Horse,FAMILY,1333.338,8.7M,1000.0,Free,0.0,Everyone,Casual,2018-05-23,1.34.1,2.3.3 and up
4.4,My Boo - Your Virtual Pet Game,FAMILY,899.748,80M,1000.0,Free,0.0,Everyone,Casual,2018-08-03,2.11,4.1 and up
3.7,Create apps fast with beautiful design and no code,BUSINESS,23.729,24M,100.0,Free,0.0,Everyone,Business,2018-05-14,7.2,4.4 and up
4.3,Text free - Free Text + Call,SOCIAL,315.39,Varies with device,1000.0,Free,0.0,Everyone,Social,2018-07-26,Varies with device,Varies with device
4.3,Fast like a Fox,GAME,104.389,12M,500.0,Free,0.0,Everyone,Adventure,2018-04-17,1.4.0,4.2 and up
4.5,Google Photos,PHOTOGRAPHY,10847.682,Varies with device,100000.0,Free,0.0,Everyone,Photography,2018-08-01,Varies with device,Varies with device
4.5,Scoompa Video - Slideshow Maker and Video Editor,PHOTOGRAPHY,559.931,Varies with device,1000.0,Free,0.0,Everyone,Photography,2018-05-10,Varies with device,Varies with device
3.8,Girls Craft: Exploration,FAMILY,130.689,57M,500.0,Free,0.0,Everyone 10+,Simulation,2018-08-03,1.32,4.2 and up
4.5,The PCH App,LIFESTYLE,234.971,81M,100.0,Free,0.0,Everyone,Lifestyle,2018-07-25,2.8.7.78579,4.4 and up
4.4,"Resume Builder Free, 5 Minute CV Maker & Templates",BUSINESS,72.202,6.7M,100.0,Free,0.0,Everyone,Business,2018-06-25,6,4.0.3 and up
4.1,Ao Oni2,GAME,21.223,48M,100.0,Free,0.0,Teen,Adventure,2018-04-20,1.6.6,4.1 and up
4.4,Arena of Valor: 5v5 Arena Game,GAME,438.911,99M,1000.0,Free,0.0,Teen,Action,2018-06-28,1.23.1.2,4.0.3 and up
4.1,PlacarTv Futebol Ao Vivo,COMMUNICATION,2.063,4.5M,10.0,Free,0.0,Everyone,Communication,2018-06-03,1.0.3,4.0 and up
4.6,Virtual lover,FAMILY,45.771,28M,100.0,Free,0.0,Mature 17+,Entertainment,2018-06-08,1.39,4.1 and up
4.5,Princess Closet : Otome games free dating sim,FAMILY,29.495,56M,100.0,Free,0.0,Teen,Simulation,2018-05-24,1.11.0,4.0.3 and up
4.6,365Scores - Live Scores,SPORTS,666.246,25M,1000.0,Free,0.0,Everyone,Sports,2018-07-29,5.5.9,4.1 and up
4.4,PES 2018 PRO EVOLUTION SOCCER,SPORTS,1721.943,26M,1000.0,Free,0.0,Everyone,Sports,2018-06-27,2.3.2,5.0 and up
4.4,Mobile Legends: Bang Bang,GAME,8219.586,99M,10000.0,Free,0.0,Teen,Action,2018-07-24,1.2.97.3042,4.0.3 and up
4.4,Kill Shot Bravo: Sniper FPS,GAME,579.519,99M,1000.0,Free,0.0,Mature 17+,Action,2018-07-18,5.1,4.1 and up
4.0,Tennis Champion 3D - Online Sports Game,SPORTS,170.973,43M,500.0,Free,0.0,Everyone,Sports,2018-06-06,2.1,4.1 and up
4.2,Carnivores: Dinosaur Hunter,GAME,62.636,17M,100.0,Free,0.0,Teen,Action,2018-07-02,1.8.0,4.0.3 and up
4.2,High School Simulator 2017,FAMILY,123.136,80M,500.0,Free,0.0,Mature 17+,Simulation,2018-06-25,1,4.0 and up
4.2,Hopeless Land: Fight for Survival,GAME,250.197,44M,500.0,Free,0.0,Teen,Action,2018-07-12,1,4.1 and up
4.8,SofaScore Live Score,SPORTS,221.722,Varies with device,1000.0,Free,0.0,Everyone,Sports,2018-07-26,Varies with device,Varies with device
3.7,Virtual Cigarette Smoking (prank),FAMILY,29.838,Varies with device,500.0,Free,0.0,Mature 17+,Entertainment,2018-06-28,2.2,Varies with device
4.3,Ultimate Tennis,SPORTS,183.004,100M,1000.0,Free,0.0,Everyone,Sports,2018-07-19,2.29.3118,4.0.3 and up
4.3,Legion of Heroes,FAMILY,143.087,69M,100.0,Free,0.0,Everyone 10+,Role Playing,2018-07-12,1.9.22,4.0 and up
4.6,Soccer Star 2018 Top Leagues · MLS Soccer Games,SPORTS,652.94,90M,1000.0,Free,0.0,Teen,Sports,2018-07-05,1.3.5,4.1 and up
4.2,Heroes Arena,GAME,336.386,88M,1000.0,Free,0.0,Everyone 10+,Action,2018-07-24,2.0.1,4.0.3 and up
4.6,virtual lover 3D,FAMILY,5.195,64M,10.0,Free,0.0,Mature 17+,Entertainment,2018-04-18,1.3,4.1 and up
4.1,Range Master: Sniper Academy,SPORTS,91.935,39M,1000.0,Free,0.0,Everyone,Sports,2018-04-26,2.1.3,4.1 and up
4.6,FC Barcelona Official App,SPORTS,92.522,56M,500.0,Free,0.0,Everyone,Sports,2018-07-26,4.0.14,4.1 and up
4.3,Can Your Pet? : Returns - Teen,FAMILY,45.37,14M,100.0,Free,0.0,Teen,Simulation,2018-08-02,2.59.8,2.3 and up
4.7,Bubbu – My Virtual Pet,FAMILY,394.842,75M,1000.0,Free,0.0,Everyone,Casual;Pretend Play,2018-08-04,1.5,4.1 and up
4.3,Treasure Hunt Hidden Objects Adventure Game,FAMILY,1.231,Varies with device,10.0,Free,0.0,Everyone,Puzzle,2018-05-24,2.2,4.1 and up
4.3,WGT Golf Game by Topgolf,SPORTS,148.083,57M,1000.0,Free,0.0,Everyone,Sports,2018-07-24,1.42.2,4.1 and up
4.7,UniFi,TOOLS,11.018,25M,50.0,Free,0.0,Everyone,Tools,2018-07-25,1.7.0,4.1 and up
4.3,Reuters News,NEWS_AND_MAGAZINES,13.166,25M,100.0,Free,0.0,Everyone 10+,News & Magazines,2018-06-06,3.4.4,4.1 and up
3.7,APN Settings,TOOLS,3.743,5.6M,100.0,Free,0.0,Everyone,Tools,2018-08-03,6.4,4.1 and up
4.4,True Skate,SPORTS,129.409,73M,100.0,Paid,1.99,Everyone,Sports,2018-08-04,1.5.1,4.0.3 and up
4.3,AdventureQuest 3D MMO,FAMILY,22.667,35M,100.0,Free,0.0,Teen,Role Playing,2018-07-26,1.10.1,4.4 and up
3.9,AdventureQuest Dragons,FAMILY,10.114,48M,10.0,Free,0.0,Everyone,Casual,2018-06-13,1.0.63,4.0 and up
4.3,Puffin Web Browser,COMMUNICATION,541.661,Varies with device,1000.0,Free,0.0,Everyone,Communication,2018-07-09,7.5.3.20547,4.1 and up
4.4,AccuWeather: Daily Forecast & Live Weather Reports,WEATHER,2052.407,Varies with device,5000.0,Free,0.0,Everyone,Weather,2018-08-02,Varies with device,Varies with device
4.4,Moovit: Bus Time & Train Time Live Info,MAPS_AND_NAVIGATION,616.742,Varies with device,1000.0,Free,0.0,Everyone,Maps & Navigation,2018-08-05,Varies with device,Varies with device
4.4,Iron Blade,GAME,161.637,82M,1000.0,Free,0.0,Mature 17+,Action,2018-07-18,1.7.0m,4.0.3 and up
4.1,QR Droid,PRODUCTIVITY,349.151,Varies with device,5000.0,Free,0.0,Everyone,Productivity,2018-08-01,Varies with device,Varies with device
4.6,Questland: Turn Based RPG,FAMILY,31.134,48M,100.0,Free,0.0,Everyone 10+,Role Playing,2018-08-02,1.10.6,4.1 and up
4.1,Order & Chaos 2: 3D MMO RPG,FAMILY,242.722,54M,1000.0,Free,0.0,Teen,Role Playing,2018-07-09,3.1.2b,4.0.3 and up
4.5,Dungeon Quest,FAMILY,244.039,46M,500.0,Free,0.0,Everyone 10+,Role Playing,2018-06-04,3.0.5.2,4.0 and up
4.2,Dungeon Hunter 5 – Action RPG,FAMILY,720.685,51M,1000.0,Free,0.0,Teen,Role Playing,2018-06-21,3.6.1a,4.0.3 and up
4.7,"Grow Stone Online : 2d pixel RPG, MMORPG game",FAMILY,84.389,48M,100.0,Free,0.0,Everyone,Role Playing,2018-08-05,1.375,4.0.3 and up
4.3,Evil Apples: A Dirty Card Game,GAME,137.696,55M,500.0,Free,0.0,Mature 17+,Word,2018-07-19,2.3.3,4.2 and up
4.3,Megatramp - a Story of Success!,FAMILY,322.976,Varies with device,500.0,Free,0.0,Teen,Simulation,2018-06-13,Varies with device,4.2 and up
4.0,The Walking Dead: Our World,GAME,22.435,100M,100.0,Free,0.0,Teen,Action,2018-08-01,1.1.0.3,5.0 and up
4.3,Jurassic World™ Alive,FAMILY,308.944,70M,500.0,Free,0.0,Everyone 10+,Simulation,2018-08-02,1.3.15,4.4 and up
4.6,Snaappy – 3D fun AR core communication platform,SOCIAL,16.801,Varies with device,100.0,Free,0.0,Everyone,Social,2018-07-16,1.5.341,4.0.3 and up
4.3,Ingress,GAME,391.325,43M,1000.0,Free,0.0,Everyone,Adventure,2018-06-20,1.131.2,4.0 and up
4.3,My Tamagotchi Forever,FAMILY,28.735,91M,100.0,Free,0.0,Everyone,Casual,2018-08-01,1.12.0.1654,4.2 and up
4.7,"Egg, Inc.",FAMILY,580.16,29M,500.0,Free,0.0,Everyone,Simulation,2018-06-13,1.7.5,4.0.3 and up
4.6,Houzz Interior Design Ideas,HOUSE_AND_HOME,353.813,Varies with device,1000.0,Free,0.0,Everyone,House & Home,2018-08-01,Varies with device,Varies with device
4.6,Guns of Boom - Online Shooter,GAME,1226.514,99M,1000.0,Free,0.0,Teen,Action,2018-07-20,4.4.4,4.1 and up
4.6,Guns Royale - Multiplayer Blocky Battle Royale,GAME,19.07,90M,10.0,Free,0.0,Everyone 10+,Action,2018-08-04,1,Varies with device
4.5,Wayfair - Shop All Things Home,SHOPPING,20.247,47M,500.0,Free,0.0,Everyone,Shopping,2018-08-03,4.70.30,4.1 and up
3.9,NYTimes - Latest News,NEWS_AND_MAGAZINES,63.64,23M,1000.0,Free,0.0,Everyone 10+,News & Magazines,2018-08-01,6.19.5,4.4 and up
4.4,"Overstock – Home Decor, Furniture Shopping",SHOPPING,25.717,Varies with device,100.0,Free,0.0,Teen,Shopping,2018-07-31,Varies with device,Varies with device
3.8,Stack It AR,GAME,1.363,26M,10.0,Free,0.0,Everyone,Arcade,2018-06-29,1.1.4,4.0 and up
4.3,"ARuler - AR Ruler app, Measure tools",TOOLS,1.602,5.0M,10.0,Free,0.0,Everyone,Tools,2018-08-03,1.1.7,7.0 and up
4.3,SNOW - AR Camera,PHOTOGRAPHY,1017.237,Varies with device,5000.0,Free,0.0,Everyone,Photography,2018-07-30,7.6.5,4.3 and up
3.8,Assemblr - Create 3D Models (Sandbox AR),FAMILY,1.745,Varies with device,100.0,Free,0.0,Everyone,Simulation,2018-07-17,2.25,5.0 and up
4.1,"Just a Line - Draw Anywhere, with AR",FAMILY,1.152,2.7M,10.0,Free,0.0,Everyone,Entertainment,2018-05-30,2.0.0,7.0 and up
3.7,AS - News and sports results.,SPORTS,20.879,22M,100.0,Free,0.0,Everyone,Sports,2018-06-09,5.1.13,4.1 and up
3.9,MARCA - Diario Líder Deportivo,SPORTS,76.34,14M,500.0,Free,0.0,Everyone,Sports,2018-07-25,6.3.3,4.1 and up
4.2,SleepCloud Backup for Sleep as Android,LIFESTYLE,2.563,Varies with device,10.0,Free,0.0,Everyone,Lifestyle,2018-06-26,Varies with device,Varies with device
4.5,Sleep as Android Unlock,LIFESTYLE,23.966,872k,100.0,Paid,5.99,Everyone,Lifestyle,2018-06-27,20180608,4.0 and up
4.3,"Sleep as Android: Sleep cycle tracker, smart alarm",LIFESTYLE,246.201,Varies with device,1000.0,Free,0.0,Everyone,Lifestyle,2018-07-23,Varies with device,Varies with device
4.4,Sonic the Hedgehog™ Classic,GAME,125.652,56M,1000.0,Free,0.0,Everyone,Action,2018-06-18,3.3.0,4.2 and up
4.3,Pacific Navy Fighter C.E. (AS),GAME,11.379,20M,50.0,Free,0.0,Everyone 10+,Arcade,2018-07-29,1.4,4.0.3 and up
3.7,Ear Agent: Super Hearing,COMMUNICATION,42.329,Varies with device,500.0,Free,0.0,Everyone,Communication,2018-06-04,Varies with device,Varies with device
4.2,Google Voice,COMMUNICATION,171.052,Varies with device,1000.0,Free,0.0,Everyone,Communication,2018-08-03,Varies with device,Varies with device
4.6,Choices: Stories You Play,FAMILY,807.155,93M,1000.0,Free,0.0,Teen,Simulation,2018-07-30,2.3.5,4.0.3 and up
4.3,Samsung Health,HEALTH_AND_FITNESS,480.208,70M,50000.0,Free,0.0,Everyone,Health & Fitness,2018-07-31,5.17.2.009,5.0 and up
4.4,Maleficent Free Fall,FAMILY,450.013,37M,1000.0,Free,0.0,Everyone,Puzzle,2018-07-11,5.9.0,4.2 and up
4.4,Star Wars™: Force Arena,FAMILY,228.13,70M,500.0,Free,0.0,Everyone 10+,Strategy,2018-07-19,3.1.4,4.1 and up
4.1,Runtastic Sleep Better: Sleep Cycle & Smart Alarm,HEALTH_AND_FITNESS,111.465,Varies with device,500.0,Free,0.0,Everyone,Health & Fitness,2018-07-25,Varies with device,Varies with device
4.2,Google Pay,FINANCE,348.132,Varies with device,10000.0,Free,0.0,Everyone,Finance,2018-07-26,2.70.206190089,Varies with device
2.4,PS4 Second Screen,FAMILY,11.773,3.3M,100.0,Free,0.0,Everyone,Entertainment,2018-06-13,18.6.2,4.1 and up
4.5,Alarm Clock: Stopwatch & Timer,PRODUCTIVITY,870.928,16M,5000.0,Free,0.0,Everyone,Productivity,2018-06-08,5.9.6,4.1 and up
4.3,Ringtone Maker,PERSONALIZATION,495.748,Varies with device,5000.0,Free,0.0,Everyone,Personalization,2018-07-29,Varies with device,Varies with device
4.5,Seen,FAMILY,118.285,22M,100.0,Free,0.0,Teen,Simulation,2018-05-24,1.2.1,4.1 and up
4.4,Plants vs. Zombies™ Heroes,FAMILY,379.245,68M,1000.0,Free,0.0,Everyone,Casual;Action & Adventure,2018-06-26,1.28.01,4.1 and up
4.6,Twilight: Blue light filter,HEALTH_AND_FITNESS,318.134,Varies with device,500.0,Free,0.0,Everyone,Health & Fitness,2018-05-29,Varies with device,Varies with device
3.4,AT&T THANKS®,FAMILY,2.445,34M,50.0,Free,0.0,Everyone,Entertainment,2018-07-11,1.4.0,5.0 and up
3.9,Galaxy at War Online,FAMILY,65.119,46M,100.0,Free,0.0,Everyone 10+,Strategy,2018-05-22,2.1.0,3.0 and up
4.3,Kingdoms at War: Hardcore PVP,FAMILY,34.898,92M,100.0,Free,0.0,Teen,Strategy,2018-06-28,4.05,4.0.3 and up
4.4,Fandom: Five Nights at Freddys,FAMILY,17.945,9.5M,100.0,Free,0.0,Mature 17+,Entertainment,2018-06-06,2.9.8,4.4 and up
4.2,MLB At Bat,SPORTS,82.857,Varies with device,500.0,Free,0.0,Everyone,Sports,2018-07-30,Varies with device,Varies with device
4.3,World at War: WW2 Strategy MMO,FAMILY,107.765,78M,500.0,Free,0.0,Everyone 10+,Strategy,2018-05-25,3.1.9,4.1 and up
4.4,HotelTonight: Book amazing deals at great hotels,TRAVEL_AND_LOCAL,57.556,Varies with device,500.0,Free,0.0,Everyone,Travel & Local,2018-07-31,Varies with device,Varies with device
4.4,Multiple Videos at Same Time,VIDEO_PLAYERS,4.706,1.5M,100.0,Free,0.0,Everyone,Video Players & Editors,2018-06-19,Z (Special Edition R9),4.4 and up
4.0,7 Nights at Pixel Pizzeria - 2,GAME,23.168,54M,100.0,Free,0.0,Teen,Adventure,2018-07-09,1.3.0,4.4 and up
4.1,DIRECTV,FAMILY,235.486,63M,1000.0,Free,0.0,Teen,Entertainment,2018-06-01,5.9.006,4.1 and up
3.9,DIRECTV for Tablets,FAMILY,24.123,69M,100.0,Free,0.0,Teen,Entertainment,2018-06-01,5.9.006,4.1 and up
4.1,Nights at Cube Pizzeria 3D – 4,GAME,7.728,39M,50.0,Free,0.0,Teen,Adventure,2018-07-17,1.5.0,4.4 and up
4.0,Asylum Night Shift - Five Nights Survival,GAME,59.223,46M,500.0,Free,0.0,Teen,Action,2018-06-26,1.6.5,4.1 and up
4.5,Audiobooks from Audible,BOOKS_AND_REFERENCE,568.922,Varies with device,10000.0,Free,0.0,Teen,Books & Reference,2018-08-01,Varies with device,Varies with device
3.9,Au Mobile: Audition Chính Hiệu,GAME,85.278,23M,100.0,Free,0.0,Mature 17+,Music,2018-07-17,1.8.0716,4.0.3 and up
3.6,AU Mobile Indonesia,GAME,16.521,23M,100.0,Free,0.0,Everyone,Music,2018-05-09,1.8.0502,2.3 and up
4.1,Super Dancer,GAME,91.667,27M,100.0,Free,0.0,Everyone,Arcade,2018-07-24,3.3,2.3 and up
4.0,Au Weather Free,WEATHER,1.185,5.0M,10.0,Free,0.0,Everyone,Weather,2018-06-18,2.47.2,2.3 and up
3.8,"realestate.com.au - Buy, Rent & Sell Property",HOUSE_AND_HOME,14.657,Varies with device,100.0,Free,0.0,Everyone,House & Home,2018-07-16,Varies with device,Varies with device
3.6,Au-allstar for KR,GAME,2.433,47M,10.0,Free,0.0,Everyone,Music,2018-06-15,1.6.4,4.3 and up
4.5,STUCOR - AU,FAMILY,1.827,12M,10.0,Free,0.0,Everyone,Education,2018-06-05,1.3,4.1 and up
4.1,Dance On Mobile,FAMILY,23.609,31M,100.0,Free,0.0,Teen,Casual,2018-04-13,1.26,4.0 and up
4.0,Super Dancer VN,GAME,24.312,25M,50.0,Free,0.0,Everyone,Music,2018-07-22,3.3,4.0.3 and up
4.0,Love Dance,GAME,29.462,44M,100.0,Free,0.0,Teen,Music,2018-06-14,1.1.7,4.0 and up
4.5,AVG AntiVirus 2018 for Android Security,TOOLS,6207.063,Varies with device,10000.0,Free,0.0,Everyone,Tools,2018-08-03,Varies with device,Varies with device
4.4,Avakin Life - 3D virtual world,FAMILY,1275.373,91M,1000.0,Free,0.0,Teen,Role Playing,2018-07-03,1.021.10,4.1 and up
4.8,Video Player All Format,VIDEO_PLAYERS,258.277,Varies with device,1000.0,Free,0.0,Everyone,Video Players & Editors,2018-08-03,Varies with device,4.3 and up
4.6,Norton Security and Antivirus,TOOLS,1170.641,26M,1000.0,Free,0.0,Everyone,Tools,2018-07-26,4.2.1.4174,4.1 and up
4.7,Kaspersky Mobile Antivirus: AppLock & Web Security,TOOLS,2598.579,49M,5000.0,Free,0.0,Everyone,Tools,2018-07-24,11.17.4.1024,4.1 and up
4.4,"Mobile Security: Antivirus, Web Scan & App Lock",PRODUCTIVITY,574.719,20M,1000.0,Free,0.0,Everyone,Productivity,2018-07-16,5.0.0.1442,4.1 and up
4.5,Bitdefender Antivirus Free,TOOLS,78.629,6.3M,100.0,Free,0.0,Everyone,Tools,2018-07-20,3.4.406,4.0.3 and up
4.3,DEER HUNTER 2018,GAME,955.614,82M,1000.0,Free,0.0,Teen,Action,2018-06-26,5.1.2,3.0 and up
4.5,"Avast Cleanup & Boost, Phone Cleaner, Optimizer",TOOLS,648.38,24M,1000.0,Free,0.0,Everyone,Tools,2018-08-01,4.6.4,4.1 and up
4.0,AW - free video calls and chat,COMMUNICATION,7.317,Varies with device,100.0,Free,0.0,Teen,Communication,2018-07-04,1.0.08.73,4.0.3 and up
4.0,Armored Warfare: Assault,GAME,7.718,46M,10.0,Free,0.0,Everyone,Action,2018-08-02,1.0-a22936.127,5.0 and up
3.1,AirWatch Agent,BUSINESS,20.973,31M,500.0,Free,0.0,Everyone,Business,2018-08-01,8.2.0.84,4.0 and up
4.4,Call of Duty®: Heroes,GAME,1604.146,57M,1000.0,Free,0.0,Teen,Action,2018-06-27,4.8.0,4.1 and up
4.4,Amber Weather,WEATHER,260.137,13M,1000.0,Free,0.0,Everyone 10+,Weather,2018-07-16,3.8.1,4.1 and up
4.2,AXE.IO - Brutal Survival Battleground,GAME,3.845,76M,50.0,Free,0.0,Everyone 10+,Arcade,2018-08-03,1.6.1,4.1 and up
4.4,The Vikings,GAME,15.806,42M,100.0,Free,0.0,Teen,Arcade,2018-06-06,1.0.7,4.1 and up
4.3,Axe Clicker,FAMILY,10.446,64M,50.0,Free,0.0,Everyone,Casual,2018-07-13,1.0.142,4.0.3 and up
4.1,Lunar Calendar Lite,LIFESTYLE,2.954,Varies with device,10.0,Free,0.0,Mature 17+,Lifestyle,2018-07-17,Varies with device,Varies with device
4.3,Google Play Games,FAMILY,7168.735,Varies with device,100000.0,Free,0.0,Teen,Entertainment,2018-07-16,Varies with device,Varies with device
4.0,San Andreas Crime Stories,GAME,162.53,97M,1000.0,Free,0.0,Mature 17+,Racing,2018-07-02,1.0.0.0,4.1 and up
4.0,Miami crime simulator,GAME,254.518,100M,1000.0,Free,0.0,Mature 17+,Action,2018-07-09,2,4.0 and up
4.3,ai.type Free Emoji Keyboard,PERSONALIZATION,647.721,Varies with device,1000.0,Free,0.0,Everyone,Personalization,2018-07-24,Varies with device,Varies with device
4.2,Strange Hero: Future Battle,GAME,88.901,73M,1000.0,Free,0.0,Teen,Action,2018-05-24,11.0.0,4.0 and up
4.3,Gangster Town: Vice District,FAMILY,65.146,100M,1000.0,Free,0.0,Mature 17+,Simulation,2018-05-31,2.1,4.0 and up
4.5,Earth & Moon in HD Gyro 3D Parallax Live Wallpaper,PERSONALIZATION,66.321,18M,500.0,Free,0.0,Everyone,Personalization,2018-06-11,2.4,4.1 and up
4.3,Mad Day - Truck Distance Game,GAME,29.27,44M,500.0,Free,0.0,Everyone,Action,2018-07-25,1.4.3,4.0.3 and up
4.6,AZ Screen Recorder - No Root,VIDEO_PLAYERS,751.911,Varies with device,1000.0,Free,0.0,Everyone,Video Players & Editors,2018-08-02,Varies with device,5.0 and up
4.2,Kids A-Z,FAMILY,26.426,30M,100.0,Free,0.0,Everyone,Education;Education,2018-08-02,4.1.0,4.4 and up
4.2,British Airways,TRAVEL_AND_LOCAL,25.726,51M,100.0,Free,0.0,Everyone,Travel & Local,2018-07-24,4.2,4.4 and up
4.2,Bedouin Rivals,FAMILY,79.826,Varies with device,100.0,Free,0.0,Everyone 10+,Strategy,2018-07-26,4.0.4,4.1 and up
4.3,PBA® Bowling Challenge,SPORTS,242.096,87M,1000.0,Free,0.0,Everyone,Sports,2018-08-02,3.4.4,4.1 and up
3.7,American Airlines,TRAVEL_AND_LOCAL,16.973,Varies with device,500.0,Free,0.0,Everyone,Travel & Local,2018-07-18,Varies with device,Varies with device
4.7,Elifba Quran Learning Game,FAMILY,1.424,19M,10.0,Free,0.0,Everyone,Educational,2018-06-07,2.2,4.1 and up
4.6,Space Shooter : Galaxy Attack,GAME,169.661,40M,1000.0,Free,0.0,Everyone,Arcade,2018-08-01,1.246,4.1 and up
4.3,"Survival Mobile:10,000 BC",FAMILY,7.441,52M,50.0,Free,0.0,Everyone 10+,Strategy,2018-08-02,0.1.801,2.3 and up
4.2,Transit: Real-Time Transit App,MAPS_AND_NAVIGATION,43.252,Varies with device,500.0,Free,0.0,Everyone,Maps & Navigation,2018-07-18,4.4.7,Varies with device
4.6,Business Calendar Pro,PRODUCTIVITY,27.135,Varies with device,10.0,Paid,4.99,Everyone,Productivity,2018-05-24,Varies with device,Varies with device
4.5,BackCountry Navigator TOPO GPS PRO,MAPS_AND_NAVIGATION,6.23,Varies with device,10.0,Paid,11.99,Everyone,Maps & Navigation,2018-08-03,Varies with device,Varies with device
4.4,"BDCast - Bangla Live TV,Radio",FAMILY,7.461,31M,100.0,Free,0.0,Everyone,Entertainment,2018-05-20,4.2.1,4.1 and up
4.4,BD Data Plan (3G & 4G),COMMUNICATION,10.341,6.9M,50.0,Free,0.0,Everyone,Communication,2018-07-05,5.2.4,4.1 and up
3.3,"Izneo, Read Manga, Comics & BD",COMICS,1.476,18M,50.0,Free,0.0,Teen,Comics,2018-06-11,7.3,4.0 and up
3.5,Rabbithole,FAMILY,3.347,15M,10.0,Free,0.0,Everyone,Entertainment,2018-07-18,1.1.15.12,4.4 and up
3.3,Remote for Samsung TV & BluRay Players (Read Desc),TOOLS,1.988,7.3M,50.0,Free,0.0,Everyone,Tools,2018-08-03,Cow V3.15,4.3 and up
3.4,Remote for Sony TV & Sony Blu-Ray Players MyAV,TOOLS,3.491,7.3M,100.0,Free,0.0,Everyone,Tools,2018-07-31,Cow V3.15,4.3 and up
4.9,Be My Eyes - Helping the blind,LIFESTYLE,8.418,21M,50.0,Free,0.0,Everyone,Lifestyle,2018-07-11,1.2.9,4.4 and up
4.4,BeautyPlus - Easy Photo Editor & Selfie Camera,PHOTOGRAPHY,3156.484,53M,10000.0,Free,0.0,Everyone,Photography,2018-07-31,6.9.031,4.1 and up
3.8,Fat No More - Be the Biggest Loser in the Gym!,FAMILY,48.545,38M,100.0,Free,0.0,Everyone,Casual,2018-08-03,1.2.14,4.1 and up
4.4,Top Eleven 2018 - Be a Soccer Manager,SPORTS,3451.011,Varies with device,5000.0,Free,0.0,Everyone,Sports,2018-07-26,7.4,4.1 and up
4.2,Free GPS Navigation,MAPS_AND_NAVIGATION,618.562,Varies with device,5000.0,Free,0.0,Everyone,Maps & Navigation,2018-06-04,Varies with device,Varies with device
3.8,Hair Salon - Fun Games,FAMILY,484.226,27M,5000.0,Free,0.0,Teen,Casual,2018-06-15,3.0.10,4.0 and up
4.3,"Star Girl - Fashion, Makeup & Dress Up",FAMILY,556.929,53M,1000.0,Free,0.0,Teen,Casual,2018-04-19,4.2.1,4.0.3 and up
4.7,Bowmasters,GAME,1535.581,Varies with device,5000.0,Free,0.0,Teen,Action,2018-07-23,2.12.5,4.1 and up
4.5,The Sims™ Mobile,FAMILY,559.597,89M,1000.0,Free,0.0,Teen,Simulation,2018-07-26,11.1.1.179661,4.1 and up
4.2,Find My Friends,SOCIAL,305.367,46M,1000.0,Free,0.0,Everyone,Social,2018-08-01,16.7.1,4.4 and up
4.4,Unseen - No Last Seen,TOOLS,103.909,9.2M,500.0,Free,0.0,Everyone,Tools,2018-05-11,2.2.7,4.3 and up
4.3,Hard Time (Prison Sim),GAME,275.843,41M,1000.0,Free,0.0,Teen,Adventure,2018-07-19,1.401,4.0 and up
4.1,Hot Bhojpuri Video songs,FAMILY,28.892,6.3M,500.0,Free,0.0,Teen,Entertainment,2018-07-11,1.3,4.0 and up
4.5,Bullet Force,GAME,634.159,58M,1000.0,Free,0.0,Teen,Action,2018-06-21,1.4,4.2 and up
4.2,"Women""s Health Tips(Breast,Face,Body,weight lose)",HEALTH_AND_FITNESS,2.509,5.0M,100.0,Free,0.0,Mature 17+,Health & Fitness,2018-04-20,1.8,4.1 and up
4.2,Faketalk - Chatbot,GAME,63.056,8.1M,100.0,Free,0.0,Teen,Word,2018-07-03,1.9.7,2.3 and up
4.4,ePay.bg,FINANCE,2.017,2.4M,10.0,Free,0.0,Everyone,Finance,2018-07-26,2.22,4.1 and up
3.9,Block Gun 3D: Ghost Ops,GAME,142.693,21M,500.0,Free,0.0,Teen,Action,2018-06-07,1.4.0,2.3 and up
4.0,Background Changer & Eraser,PHOTOGRAPHY,2.076,11M,50.0,Free,0.0,Teen,Photography,2018-05-21,2.5,4.1 and up
4.1,Cut Out : Background Eraser and background changer,PHOTOGRAPHY,7.118,9.2M,100.0,Free,0.0,Everyone,Photography,2018-06-29,1.6,4.0 and up
4.6,mySugr: the blood sugar tracker made just for you,MEDICAL,21.187,35M,100.0,Free,0.0,Everyone,Medical,2018-07-23,3.52.0,5.0 and up
3.7,Photo Background Changer 2018 - Blur Background,LIFESTYLE,34.079,9.2M,500.0,Free,0.0,Everyone,Lifestyle,2018-05-21,Arrow-202,4.1 and up
4.6,Backgrounds HD (Wallpapers),PERSONALIZATION,2390.099,Varies with device,10000.0,Free,0.0,Teen,Personalization,2018-08-04,Varies with device,Varies with device
4.6,Blood Glucose Tracker,HEALTH_AND_FITNESS,9.612,3.5M,10.0,Free,0.0,Everyone,Health & Fitness,2018-05-18,1.8.12,4.4 and up
4.3,Rento - Dice Board Game Online,GAME,205.83,63M,1000.0,Free,0.0,Everyone,Board,2018-06-20,4.4.9,4.1 and up
3.9,Blur Image Background,PHOTOGRAPHY,129.268,11M,1000.0,Free,0.0,Everyone,Photography,2018-07-30,1.32,4.1 and up
4.7,ALL-IN-ONE PACKAGE TRACKING,PRODUCTIVITY,167.406,18M,100.0,Free,0.0,Everyone,Productivity,2018-07-23,3.1.1281,4.0.3 and up
4.2,Survival Run with Bear Grylls,GAME,128.579,Varies with device,500.0,Free,0.0,Everyone,Action,2018-05-06,Varies with device,Varies with device
4.7,BusyBox Pro,TOOLS,8.114,Varies with device,10.0,Paid,2.49,Everyone,Tools,2018-06-09,Varies with device,Varies with device
4.6,B&H Photo Video Pro Audio,SHOPPING,17.18,31M,100.0,Free,0.0,Everyone,Shopping,2018-08-03,5.3.1,4.4 and up
4.5,Newegg Mobile,SHOPPING,35.479,16M,100.0,Free,0.0,Everyone,Shopping,2018-07-11,4.16.0,4.4 and up
4.5,Microsoft Power BI–Business data analytics,BUSINESS,1.819,10M,10.0,Free,0.0,Everyone,Business,2018-07-16,2.2.180712.112152,5.0 and up
4.6,Bitmoji – Your Personal Emoji,FAMILY,2312.084,Varies with device,10000.0,Free,0.0,Teen,Entertainment,2018-07-25,Varies with device,4.3 and up
3.6,Grindr - Gay chat,SOCIAL,284.795,31M,1000.0,Free,0.0,Mature 17+,Social,2018-08-03,4.1.2,4.3 and up
4.5,Lesbian Chat & Dating - SPICY,SOCIAL,63.765,11M,100.0,Free,0.0,Mature 17+,Social,2018-07-31,4.17.2,4.1 and up
4.2,"Moco - Chat, Meet People",DATING,313.769,Varies with device,1000.0,Free,0.0,Mature 17+,Dating,2018-08-04,2.6.142,4.1 and up
4.1,Hot or Not - Find someone right now,DATING,305.737,Varies with device,1000.0,Free,0.0,Mature 17+,Dating,2018-08-02,Varies with device,Varies with device
4.3,happn – Local dating app,LIFESTYLE,1118.201,Varies with device,1000.0,Free,0.0,Mature 17+,Lifestyle,2018-07-24,Varies with device,Varies with device
4.6,Dictionary.com: Find Definitions for English Words,BOOKS_AND_REFERENCE,899.01,Varies with device,1000.0,Free,0.0,Everyone,Books & Reference,2018-07-30,Varies with device,Varies with device
4.2,MeetMe: Chat & Meet New People,SOCIAL,1259.723,76M,5000.0,Free,0.0,Mature 17+,Social,2018-08-03,Varies with device,4.1 and up
4.6,TED,FAMILY,181.961,18M,1000.0,Free,0.0,Everyone 10+,Education,2018-07-27,3.2.5,4.1 and up
4.5,"Learn English Vocabulary - 6,000 Words",FAMILY,205.914,54M,1000.0,Free,0.0,Everyone,Education,2018-08-03,5.54,4.1 and up
4.2,Zalo – Video Call,COMMUNICATION,1042.17,Varies with device,5000.0,Free,0.0,Everyone,Communication,2018-07-27,Varies with device,Varies with device
4.7,Bingo Party - Free Bingo Games,GAME,155.694,92M,100.0,Free,0.0,Teen,Board,2018-07-13,2.1.1,4.0.3 and up
4.1,OkCupid Dating,DATING,285.838,15M,1000.0,Free,0.0,Mature 17+,Dating,2018-07-30,11.10.1,4.1 and up
4.3,"Mint: Budget, Bills, Finance",FINANCE,129.305,Varies with device,500.0,Free,0.0,Everyone,Finance,2018-08-02,Varies with device,Varies with device
4.6,English Grammar Test,FAMILY,104.676,2.6M,500.0,Free,0.0,Everyone,Education,2018-07-18,1.9.7,4.0 and up
4.2,BJ's Wholesale Club,SHOPPING,4.099,17M,10.0,Free,0.0,Everyone,Shopping,2018-07-27,2.0.10,4.1 and up
4.0,BJ’s Mobile App,SHOPPING,4.722,35M,50.0,Free,0.0,Everyone,Shopping,2018-07-09,3.6.5,4.1 and up
3.6,DJ Music Pad,FAMILY,35.121,5.1M,500.0,Free,0.0,Everyone,Entertainment,2018-05-22,1.0.6,4.0 and up
3.3,AfreecaTV,VIDEO_PLAYERS,381.023,53M,1000.0,Free,0.0,Everyone,Video Players & Editors,2018-07-26,2.7.8,4.0 and up
4.3,One Launcher,PERSONALIZATION,26.601,5.4M,100.0,Free,0.0,Everyone,Personalization,2018-07-16,26.1.0.20180713,2.3.3 and up
4.0,Real DJ Simulator,FAMILY,68.664,55M,1000.0,Free,0.0,Everyone,Simulation,2018-04-20,1.7,4.1 and up
4.3,3D DJ – DJ Mixer 2018,FAMILY,6.333,30M,100.0,Free,0.0,Everyone,Entertainment,2018-05-25,1.1.12,5.0 and up
4.5,BlackJack 21 Pro,GAME,26.744,51M,50.0,Free,0.0,Teen,Casino,2018-07-27,7.4.0,4.0.3 and up
3.8,BURGER KING® MOBILE APP,LIFESTYLE,19.221,13M,500.0,Free,0.0,Everyone,Lifestyle,2018-05-24,Varies with device,Varies with device
3.8,VK,SOCIAL,5793.284,Varies with device,10000.0,Free,0.0,Mature 17+,Social,2018-08-03,Varies with device,Varies with device
4.0,Burger King Italia,LIFESTYLE,4.16,30M,50.0,Free,0.0,Everyone,Lifestyle,2018-07-06,2.3.6,4.0.3 and up
4.8,WebComics,COMICS,33.783,6.4M,100.0,Free,0.0,Teen,Comics,2018-07-28,1.3.34,4.1 and up
3.0,Lezhin Comics - Daily Releases,COMICS,28.447,15M,100.0,Free,0.0,Teen,Comics,2018-07-31,Varies with device,Varies with device
3.2,Daily Manga - Comic & Webtoon,COMICS,1.462,7.1M,10.0,Free,0.0,Mature 17+,Comics,2018-05-18,1,4.0.3 and up
3.9,Gaydorado,FAMILY,8.419,47M,10.0,Free,0.0,Teen,Role Playing,2018-08-01,0.0.42,4.0.3 and up
3.5,TappyToon Comics & Webtoons,COMICS,4.205,10M,10.0,Free,0.0,Teen,Comics,2018-07-13,1.77,4.0.3 and up
3.8,Manga Books,COMICS,7.326,Varies with device,50.0,Free,0.0,Adults only 18+,Comics,2018-08-03,Varies with device,Varies with device
4.3,BBM - Free Calls & Messages,COMMUNICATION,12843.436,Varies with device,10000.0,Free,0.0,Everyone,Communication,2018-08-02,Varies with device,4.0.3 and up
4.7,BeyondMenu Food Delivery,FOOD_AND_DRINK,51.543,Varies with device,100.0,Free,0.0,Everyone,Food & Drink,2018-08-01,Varies with device,Varies with device
4.3,BBMoji - Your personalized BBM Stickers,COMMUNICATION,8.827,Varies with device,100.0,Free,0.0,Everyone,Communication,2018-05-22,1.0.2,4.0.3 and up
4.3,Dormi - Baby Monitor,PARENTING,11.76,Varies with device,100.0,Free,0.0,Everyone,Parenting,2018-06-22,Varies with device,Varies with device
4.5,NOOK: Read eBooks & Magazines,BOOKS_AND_REFERENCE,155.466,Varies with device,1000.0,Free,0.0,Teen,Books & Reference,2018-04-25,Varies with device,Varies with device
3.9,BN Más Cerca de Usted,FINANCE,8.185,45M,50.0,Free,0.0,Everyone,Finance,2018-07-06,5.1,4.4 and up
3.5,NOOK Audiobooks,BOOKS_AND_REFERENCE,2.539,8.6M,50.0,Free,0.0,Everyone,Books & Reference,2018-07-26,v1.1.6,4.1 and up
4.7,NOOK App for NOOK Devices,BOOKS_AND_REFERENCE,19.09,Varies with device,50.0,Free,0.0,Everyone,Books & Reference,2018-04-25,Varies with device,Varies with device
4.3,Badoo - Free Chat & Dating App,SOCIAL,3781.467,Varies with device,10000.0,Free,0.0,Mature 17+,Social,2018-08-02,Varies with device,Varies with device
4.4,Skip-Bo™,GAME,33.661,60M,10.0,Paid,2.99,Everyone,Card,2018-08-03,3.4.6,4.1 and up
3.5,Skip-Bo™ Free,GAME,46.801,60M,100.0,Free,0.0,Everyone,Card,2018-08-03,3.4.6,4.1 and up
4.5,Boom Beach,FAMILY,5591.653,95M,5000.0,Free,0.0,Everyone 10+,Strategy,2018-07-18,35.119,4.0.3 and up
3.8,HBO GO: Stream with TV Package,FAMILY,87.734,32M,1000.0,Free,0.0,Teen,Entertainment,2018-07-19,16.0.0.437,4.1 and up
3.5,BOO! - Next Generation Messenger,SOCIAL,20.675,96M,100.0,Free,0.0,Teen,Social,2018-08-02,4.4.0,5.0 and up
4.3,Wishbone - Compare Anything,SOCIAL,51.569,26M,100.0,Free,0.0,Teen,Social,2018-07-30,5.4.7,4.1 and up
4.5,Bounce Classic,GAME,38.297,6.4M,1000.0,Free,0.0,Everyone,Arcade,2018-07-05,1.0.8,4.0.3 and up
3.8,Habbo - Virtual World,FAMILY,159.398,28M,500.0,Free,0.0,Teen,Role Playing,2018-05-30,2.22.0,4.2 and up
4.5,Bomber Friends,GAME,776.73,49M,1000.0,Free,0.0,Everyone 10+,Action,2018-07-26,2.23,4.0.3 and up
4.3,Power Spheres by BoBoiBoy,FAMILY,70.903,51M,500.0,Free,0.0,Everyone,Puzzle;Brain Games,2018-05-03,1.3.20,4.0.3 and up
4.6,No Crop & Square for Instagram,PHOTOGRAPHY,819.694,25M,1000.0,Free,0.0,Everyone,Photography,2018-06-26,4.2.3,4.0 and up
4.6,Township,FAMILY,4451.317,Varies with device,5000.0,Free,0.0,Everyone,Casual,2018-07-19,5.9.0,4.0.3 and up
4.5,Hungry Shark World,GAME,1243.017,27M,5000.0,Free,0.0,Teen,Action,2018-07-18,3.0.0,4.2 and up
4.2,Blood Pressure,MEDICAL,33.033,7.4M,500.0,Free,0.0,Everyone,Medical,2018-07-24,3.27.3,4.1 and up
4.7,Blood Pressure Log - MyDiary,MEDICAL,8.347,2.6M,50.0,Free,0.0,Everyone,Medical,2018-04-13,1.4.6,4.0 and up
3.7,Blood Pressure(BP) Diary,MEDICAL,3.596,8.4M,100.0,Free,0.0,Everyone,Medical,2018-07-18,4.0.9,4.0.3 and up
3.9,Blood Pressure Info,FAMILY,174.423,7.9M,1000.0,Free,0.0,Everyone,Entertainment,2018-08-02,2.28,4.0 and up
3.6,BQ Camera,PHOTOGRAPHY,2.526,Varies with device,100.0,Free,0.0,Everyone,Photography,2018-07-02,Varies with device,Varies with device
3.7,BQ Services,TOOLS,5.004,2.5M,100.0,Free,0.0,Everyone,Tools,2018-07-09,8.3.6-e04ac87,Varies with device
4.5,"Brilliant Quotes: Life, Love, Family & Motivation",BOOKS_AND_REFERENCE,67.186,6.3M,100.0,Free,0.0,Everyone 10+,Books & Reference,2018-05-18,4.4.10,2.3.3 and up
4.4,Software Update,TOOLS,8.259,3.5M,100.0,Free,0.0,Everyone,Tools,2018-07-18,13.3,4.0 and up
3.8,QR Scanner & Barcode Scanner 2018,PRODUCTIVITY,8.211,4.1M,500.0,Free,0.0,Everyone,Productivity,2018-07-20,1.8.4,4.4 and up
4.3,System Update Free,TOOLS,3.068,6.0M,10.0,Free,0.0,Everyone,Tools,2018-07-20,11.1,4.0 and up
4.3,Camera MX - Free Photo & Video Camera,PHOTOGRAPHY,244.302,Varies with device,1000.0,Free,0.0,Everyone,Photography,2018-07-05,Varies with device,Varies with device
4.5,Launcher Oreo 8.1,PERSONALIZATION,13.466,3.4M,50.0,Free,0.0,Everyone,Personalization,2018-06-19,1.9,5.0 and up
4.3,Free antivirus and VPN,TOOLS,27.749,16M,100.0,Free,0.0,Everyone,Tools,2018-07-19,3.3.6,4.0.3 and up
3.4,IKEA Store,SHOPPING,25.515,Varies with device,1000.0,Free,0.0,Everyone,Shopping,2018-07-16,Varies with device,Varies with device
4.5,Simple Gallery,TOOLS,28.03,9.0M,100.0,Free,0.0,Everyone,Tools,2018-08-02,4.4.4,4.1 and up
4.4,"Bleacher Report: sports news, scores, & highlights",SPORTS,122.28,Varies with device,500.0,Free,0.0,Everyone 10+,Sports,2018-07-20,Varies with device,Varies with device
3.8,Baskin-Robbins,FOOD_AND_DRINK,1.103,6.6M,10.0,Free,0.0,Everyone,Food & Drink,2018-06-08,1.4.0-2,4.1 and up
4.3,Infinity Dungeon VIP,FAMILY,21.804,44M,100.0,Paid,0.99,Everyone 10+,Role Playing,2018-07-03,2.6.6,2.3 and up
4.3,Carros Rebaixados BR,GAME,20.691,89M,100.0,Free,0.0,Everyone,Racing,2018-07-31,5.7.1,4.4 and up
4.8,QR Code Pro,PRODUCTIVITY,5.865,15M,10.0,Paid,4.49,Everyone,Productivity,2018-07-18,1,4.1 and up
4.6,Companion for Fortnite & Fortnite Battle Royale,FAMILY,2.736,Varies with device,10.0,Free,0.0,Everyone,Entertainment,2018-08-03,Varies with device,4.1 and up
4.8,Vlogger Go Viral - Tuber Game,FAMILY,1304.467,68M,1000.0,Free,0.0,Everyone,Strategy,2018-07-27,2.9,4.1 and up
4.1,Black Commando | Special Ops | FPS Shooting,GAME,1.167,72M,10.0,Free,0.0,Teen,Action,2018-05-03,1.4,4.1 and up
4.5,GearBest Online Shopping,SHOPPING,245.104,35M,500.0,Free,0.0,Everyone,Shopping,2018-08-01,3.6.0,4.0.3 and up
4.3,iPlayIT for YouTube VR Player,VIDEO_PLAYERS,5.879,Varies with device,100.0,Free,0.0,Teen,Video Players & Editors,2018-06-12,Varies with device,4.1 and up
4.5,Block Strike,GAME,947.515,60M,1000.0,Free,0.0,Teen,Action,2018-07-25,5.3.1,4.1 and up
4.6,Loved by King Bs,FAMILY,5.546,85M,10.0,Free,0.0,Everyone,Simulation,2018-06-15,1.21,4.0.3 and up
4.6,Beauty Rental Shop,FAMILY,11.48,93M,10.0,Free,0.0,Everyone,Simulation,2018-05-25,1.0.4,4.4 and up
4.6,Sleeping Delivery,FAMILY,19.64,67M,10.0,Free,0.0,Teen,Simulation,2018-05-18,2,4.4 and up
3.9,Banco Sabadell App. Your mobile bank,FINANCE,25.205,Varies with device,100.0,Free,0.0,Everyone,Finance,2018-07-27,Varies with device,Varies with device
4.4,Black Survival,FAMILY,48.451,52M,100.0,Free,0.0,Teen,Strategy,2018-08-01,4.6.00,4.0.3 and up
4.6,Little Magnet BT,TOOLS,3.703,3.8M,10.0,Free,0.0,Everyone,Tools,2018-08-05,4.1.4,4.2 and up
2.5,BT Notifier,TOOLS,2.794,3.8M,100.0,Free,0.0,Everyone,Tools,2018-05-28,2.9,4.3 and up
4.5,BitTorrent®- Torrent Downloads,VIDEO_PLAYERS,641.219,Varies with device,1000.0,Free,0.0,Everyone,Video Players & Editors,2018-07-26,5.2.2,4.1 and up
3.9,BT Controller,TOOLS,4.374,13M,100.0,Free,0.0,Everyone,Tools,2018-06-25,3.1.3,4.2 and up
4.4,Bu the Baby Bunny - Cute pet care game,FAMILY,37.122,89M,100.0,Free,0.0,Everyone,Educational,2018-06-14,1.03,4.1 and up
4.5,"Pu - Cute giant panda bear, baby pet care game",FAMILY,22.167,88M,100.0,Free,0.0,Everyone,Educational,2018-06-12,1.18,4.1 and up
4.3,Kick the Buddy,GAME,1004.709,Varies with device,5000.0,Free,0.0,Teen,Action,2018-07-05,Varies with device,4.4 and up
4.3,Bubble Witch 2 Saga,FAMILY,2838.064,Varies with device,10000.0,Free,0.0,Everyone,Casual,2018-08-06,Varies with device,Varies with device
4.1,Meu Cartão BV,FINANCE,15.057,5.7M,50.0,Free,0.0,Everyone,Finance,2018-08-03,2.4.0,5.0 and up
4.2,Maps & GPS Navigation — OsmAnd,MAPS_AND_NAVIGATION,60.82,Varies with device,500.0,Free,0.0,Everyone,Maps & Navigation,2018-08-01,Varies with device,Varies with device
4.2,OLX Uganda Sell Buy Cellphones,SHOPPING,4.977,9.8M,10.0,Free,0.0,Everyone,Shopping,2018-07-25,11.15.03,4.1 and up
4.3,Smashy Road: Arena,GAME,45.558,53M,500.0,Free,0.0,Everyone 10+,Action,2018-05-24,1.1.9,4.1 and up
4.7,My Budget Book,FINANCE,19.784,7.3M,10.0,Paid,2.99,Everyone,Finance,2018-06-13,7.6,4.0 and up
3.1,Philips Hue,LIFESTYLE,10.006,53M,100.0,Free,0.0,Everyone,Lifestyle,2018-07-26,3.2.0,5.0 and up
4.2,Evolution: Battle for Utopia,FAMILY,246.705,27M,100.0,Free,0.0,Teen,Strategy,2018-05-04,3.5.2,4.0.3 and up
3.0,Best Western To Go,TRAVEL_AND_LOCAL,2.719,17M,10.0,Free,0.0,Teen,Travel & Local,2018-08-02,5.14.1,4.2 and up
4.1,BW Mobilbanking für Smartphone und Tablet,FINANCE,2.048,24M,10.0,Free,0.0,Everyone,Finance,2018-07-10,4.2.0,4.4 and up
4.6,Hitman GO,FAMILY,84.114,23M,50.0,Paid,0.99,Everyone 10+,Puzzle,2018-07-05,1.13.108869,2.3.3 and up
4.3,Bixby Button Remapper - bxActions,TOOLS,13.064,4.6M,100.0,Free,0.0,Everyone,Tools,2018-05-23,4.72,7.0 and up
4.0,RC Monster Truck - Offroad Driving Simulator,GAME,38.448,27M,500.0,Free,0.0,Everyone,Racing,2018-06-16,1.4.3,4.1 and up
4.0,Commando Adventure Assassin,GAME,51.067,48M,500.0,Free,0.0,Teen,Action,2018-05-29,1.18,4.1 and up
4.2,City Builder 2016: County Mall,FAMILY,41.693,74M,100.0,Free,0.0,Everyone,Simulation,2018-06-04,1.0.23,4.0 and up
3.9,Fists For Fighting (Fx3),SPORTS,138.739,44M,1000.0,Free,0.0,Teen,Sports,2018-07-07,1.998,4.1 and up
3.8,Train driving simulator,FAMILY,91.645,36M,1000.0,Free,0.0,Teen,Simulation,2018-05-08,1.94,4.1 and up
4.7,"CoinMarketApp - CryptoCurrency Portfolio, News,ICO",FINANCE,20.535,Varies with device,50.0,Free,0.0,Everyone,Finance,2018-07-31,Varies with device,Varies with device
4.2,Driving Zone,GAME,51.791,57M,100.0,Free,0.0,Everyone,Racing,2018-06-06,1.53,4.1 and up
4.6,Bitcoin Ticker Widget,FINANCE,25.744,Varies with device,50.0,Free,0.0,Everyone,Finance,2018-07-30,Varies with device,Varies with device
4.7,Color by Number – New Coloring Book,GAME,142.308,24M,500.0,Free,0.0,Everyone 10+,Board,2018-08-01,2.0.6,4.1 and up
4.2,Adult Color By Number Book: Number Coloring Pages,FAMILY,2.231,37M,50.0,Free,0.0,Everyone,Entertainment,2018-07-23,2.9,4.4 and up
3.5,Glitter Color By Number - Glitter Number Coloring,FAMILY,1.38,6.9M,50.0,Free,0.0,Everyone,Entertainment,2018-07-18,1.6,4.0 and up
4.7,Sandbox - Color by Number Coloring Pages,FAMILY,412.744,10M,1000.0,Free,0.0,Everyone,Entertainment;Creativity,2018-07-19,0.2.7,4.4 and up
4.7,Sandbox Art-Sandbox Color by Number Coloring Pages,FAMILY,12.784,15M,100.0,Free,0.0,Everyone,Entertainment,2018-08-04,1.3.3,4.1 and up
4.7,Color By Number - Sandbox Pixel Coloring Book,FAMILY,24.557,24M,100.0,Free,0.0,Everyone,Casual;Creativity,2018-08-03,1.3.6,4.4 and up
4.6,PixelDot - Color by Number Sandbox Pixel Art,FAMILY,16.041,7.3M,100.0,Free,0.0,Everyone,Entertainment,2018-07-05,1.3.3.1,4.3 and up
4.6,Slot Machines by IGG,GAME,267.229,24M,1000.0,Free,0.0,Teen,Casino,2018-05-28,1.7.4,2.3 and up
4.9,PixPanda - Color by Number Pixel Art Coloring Book,FAMILY,55.723,14M,100.0,Free,0.0,Everyone,Entertainment,2018-06-04,3.3,4.0.3 and up
4.4,Photo Editor by Aviary,PHOTOGRAPHY,1490.722,21M,5000.0,Free,0.0,Everyone,Photography,2018-07-19,4.8.4,4.1 and up
4.4,No.Color – Color by Number,FAMILY,23.474,8.8M,500.0,Free,0.0,Everyone,Casual;Creativity,2018-07-26,1.0.7,4.1 and up
4.5,PixBox Coloring - Color by number Sandbox,FAMILY,12.293,4.0M,100.0,Free,0.0,Everyone,Entertainment,2018-05-06,1.2.6,4.0.3 and up
3.0,Rized ‼️ Color By Number & Pixel Coloring Book,FAMILY,1.279,13M,10.0,Free,0.0,Everyone,Casual,2018-06-13,1.1.7,4.3 and up
4.8,Pixyfy: coloring by number coloring book,FAMILY,22.29,13M,50.0,Free,0.0,Everyone,Puzzle,2018-08-05,18.08.05,4.0 and up
4.7,Draw Color by Number - Sandbox Pixel Art,FAMILY,34.279,24M,100.0,Free,0.0,Everyone,Casual;Creativity,2018-08-02,1.2.3,4.4 and up
4.6,Project Fi by Google,TOOLS,7.342,Varies with device,100.0,Free,0.0,Everyone,Tools,2018-07-30,Varies with device,5.1 and up
4.7,Bingo by IGG: Top Bingo+Slots!,GAME,183.343,20M,500.0,Free,0.0,Teen,Casino,2018-05-28,1.5.1,2.3 and up
4.5,3D Color by Number with Voxels,FAMILY,5.481,69M,50.0,Free,0.0,Everyone,Entertainment,2018-07-07,1.3,4.4 and up
4.5,Best Hairstyles step by step,BEAUTY,45.452,9.2M,500.0,Free,0.0,Everyone,Beauty,2018-07-19,1.25,4.0 and up
4.3,"Fiesta by Tango - Find, Meet and Make New Friends",SOCIAL,112.223,34M,100.0,Free,0.0,Mature 17+,Social,2018-07-05,5.68.1,5.0 and up
4.4,"Poly Art: Paint by Sticker, Color by Number Puzzle",FAMILY,2.1,Varies with device,10.0,Free,0.0,Everyone,Entertainment;Brain Games,2018-07-28,2.3,4.1 and up
4.5,"Pixel art pro-Sand box,paint by number,number draw",FAMILY,2.442,13M,10.0,Free,0.0,Everyone,Casual;Brain Games,2018-07-06,2.5.111,4.0.3 and up
4.6,Color by Number: Pixel Art,FAMILY,12.034,34M,100.0,Free,0.0,Everyone,Entertainment,2018-05-26,4.8,4.1 and up
4.7,UNICORN - Color By Number & Pixel Art Coloring,FAMILY,8.264,24M,50.0,Free,0.0,Everyone,Art & Design;Creativity,2018-08-02,1.0.9,4.4 and up
4.7,Voxel - 3D Color by Number & Pixel Coloring Book,GAME,62.561,53M,100.0,Free,0.0,Everyone,Board,2018-07-31,2.4.11,4.1 and up
4.6,No.Diamond – Colors by Number,FAMILY,9.016,24M,100.0,Free,0.0,Everyone,Entertainment;Creativity,2018-08-06,0.9.34,4.1 and up
4.4,Weather BZ,WEATHER,8.433,5.6M,10.0,Free,0.0,Everyone,Weather,2018-06-06,5.0.1 build 1,4.0 and up
4.5,BZWBK24 mobile,FINANCE,64.983,39M,100.0,Free,0.0,Everyone,Finance,2018-06-18,5.0.1,4.1 and up
4.4,ePN Cashback AliExpress,SHOPPING,19.212,6.9M,50.0,Free,0.0,Everyone,Shopping,2018-08-03,0.2.9.17,4.1 and up
4.0,Zoosk Dating App: Meet Singles,DATING,516.917,Varies with device,1000.0,Free,0.0,Mature 17+,Dating,2018-08-02,Varies with device,Varies with device
4.2,CA Lottery Official App,FAMILY,7.0,26M,100.0,Free,0.0,Teen,Entertainment,2018-08-02,3.0.2,4.4 and up
3.7,Save.ca,SHOPPING,2.094,34M,10.0,Free,0.0,Everyone,Shopping,2018-07-02,4.8.18.12,4.1 and up
4.5,Cricbuzz - Live Cricket Scores & News,SPORTS,838.738,Varies with device,5000.0,Free,0.0,Everyone,Sports,2018-05-18,Varies with device,Varies with device
4.4,Creative Destruction,GAME,201.426,80M,500.0,Free,0.0,Teen,Action,2018-08-02,1.0.6,4.0 and up
3.8,ARK: Survival Evolved,GAME,51.523,36M,50.0,Free,0.0,Teen,Adventure,2018-08-02,1.0.90,7.0 and up
4.4,CCleaner,TOOLS,885.187,22M,5000.0,Free,0.0,Everyone,Tools,2018-07-19,4.7.0,4.1 and up
4.7,Pregnancy Tracker & Countdown to Baby Due Date,PARENTING,658.087,62M,1000.0,Free,0.0,Everyone,Parenting,2018-05-24,3.15.1,5.0 and up
4.3,CrossFire: Legends,GAME,144.04,29M,500.0,Free,0.0,Teen,Action,2018-07-25,1.0.9.10,4.0 and up
4.4,Cheapflights – Flight Search,TRAVEL_AND_LOCAL,47.777,19M,500.0,Free,0.0,Everyone,Travel & Local,2018-07-31,Varies with device,Varies with device
4.6,Special Forces Group 2,GAME,1432.809,29M,1000.0,Free,0.0,Mature 17+,Action,2018-07-29,3.3,4.0 and up
4.4,Chrome Beta,PRODUCTIVITY,228.755,Varies with device,1000.0,Free,0.0,Everyone,Productivity,2018-07-19,68.0.3440.70,Varies with device
3.7,20 minutes (CH),NEWS_AND_MAGAZINES,4.379,Varies with device,100.0,Free,0.0,Teen,News & Magazines,2018-08-03,Varies with device,Varies with device
3.5,20 Minuten (CH),NEWS_AND_MAGAZINES,14.153,Varies with device,100.0,Free,0.0,Everyone 10+,News & Magazines,2018-08-03,Varies with device,Varies with device
4.3,Chrome Canary (Unstable),PRODUCTIVITY,21.866,Varies with device,100.0,Free,0.0,Everyone,Productivity,2018-08-04,70.0.3512.0,Varies with device
4.2,homegate.ch,HOUSE_AND_HOME,2.543,4.6M,10.0,Free,0.0,Everyone,House & Home,2018-07-27,8.4.2,5.0 and up
4.4,tutti.ch - Free Classifieds,SHOPPING,9.95,15M,50.0,Free,0.0,Everyone,Shopping,2018-07-18,3.7.1,4.1 and up
4.4,Chrome Dev,COMMUNICATION,63.576,Varies with device,500.0,Free,0.0,Everyone,Communication,2018-08-02,69.0.3497.24,Varies with device
4.5,Threema,COMMUNICATION,51.11,Varies with device,100.0,Paid,2.99,Everyone,Communication,2018-08-03,Varies with device,Varies with device
4.7,Battery HD Pro,TOOLS,17.861,Varies with device,10.0,Paid,3.99,Everyone,Tools,2018-05-06,Varies with device,Varies with device
4.0,ricardo.ch,SHOPPING,13.232,27M,50.0,Free,0.0,Everyone,Shopping,2018-07-21,7.5.1,4.1 and up
4.5,Pharmacy CI - Pharmacies de garde Côte d'Ivoire,HEALTH_AND_FITNESS,5.509,3.2M,10.0,Free,0.0,Everyone,Health & Fitness,2018-07-03,4.7.0 Phoenix,4.0.3 and up
4.2,Chicken Invaders 3,GAME,52.39,20M,500.0,Free,0.0,Everyone,Arcade,2018-05-04,1.28ggl,2.3.3 and up
4.5,SimCity BuildIt,FAMILY,4218.587,100M,5000.0,Free,0.0,Everyone 10+,Simulation,2018-06-19,1.23.3.75024,4.0 and up
4.4,South Park: Phone Destroyer™,FAMILY,288.835,91M,500.0,Free,0.0,Mature 17+,Strategy,2018-07-19,2.7.6,4.4 and up
3.9,The Grand Way,GAME,1.995,92M,50.0,Free,0.0,Teen,Action,2018-07-03,1.9,4.1 and up
4.2,Grand Gangsters 3D,GAME,401.643,Varies with device,1000.0,Free,0.0,Teen,Action,2018-07-18,Varies with device,Varies with device
3.7,CJmall,SHOPPING,18.253,10M,1000.0,Free,0.0,Everyone,Shopping,2018-08-06,6.3.8,4.1 and up
3.9,FANDOM for: GTA,FAMILY,39.038,9.5M,500.0,Free,0.0,Mature 17+,Entertainment,2018-06-06,2.9.8,4.4 and up
4.2,San Andreas Crime City Gangster 3D,FAMILY,9.403,Varies with device,100.0,Free,0.0,Teen,Simulation,2018-07-03,Varies with device,4.1 and up
4.7,Credit Karma,FINANCE,706.618,Varies with device,1000.0,Free,0.0,Everyone,Finance,2018-07-31,Varies with device,Varies with device
4.3,CK FFXIV Companion,FAMILY,1.364,5.2M,10.0,Free,0.0,Everyone,Entertainment,2018-07-12,4.3.5,2.3 and up
4.1,Can Knockdown,FAMILY,155.649,38M,1000.0,Free,0.0,Everyone,Casual,2018-07-11,1.38,4.1 and up
4.7,Fu*** Weather (Funny Weather),WEATHER,20.001,Varies with device,100.0,Free,0.0,Mature 17+,Weather,2018-07-26,Varies with device,Varies with device
4.0,Camera V7 24 Megapixel,PHOTOGRAPHY,2.48,2.5M,10.0,Free,0.0,Everyone,Photography,2018-08-01,4,4.1 and up
4.1,CL Mobile Pro - Classifieds for Craigslist,SHOPPING,1.288,18M,10.0,Free,0.0,Mature 17+,Shopping,2018-07-09,48,4.1 and up
4.0,cloudLibrary,BOOKS_AND_REFERENCE,10.774,35M,10.0,Free,0.0,Everyone,Books & Reference,2018-06-28,3.8.10,4.1 and up
4.6,Castle Clash: Heroes of the Empire US,FAMILY,4578.89,24M,5000.0,Free,0.0,Everyone 10+,Strategy,2018-07-17,1.4.51,4.1 and up
4.1,DAILY: Free Classifieds App for Android,LIFESTYLE,5.025,Varies with device,50.0,Free,0.0,Mature 17+,Lifestyle,2018-08-02,Varies with device,Varies with device
4.1,Pro App for Craigslist,SHOPPING,5.618,4.6M,50.0,Free,0.0,Teen,Shopping,2018-05-09,Copyright,4.1 and up
4.2,Clash of Kings : The King Of Fighters version,FAMILY,2233.681,97M,5000.0,Free,0.0,Teen,Strategy,2018-08-01,3.44.0,2.3.3 and up
4.4,cPro Marketplace: Buy. Sell. Rent. Date. Jobs.,SHOPPING,385.764,8.4M,1000.0,Free,0.0,Mature 17+,Shopping,2018-08-05,3.82,4.1 and up
4.3,Postings (Craigslist Search App),SHOPPING,151.095,12M,500.0,Free,0.0,Mature 17+,Shopping,2018-07-01,4.0.13,4.1 and up
4.7,"Security Master - Antivirus, VPN, AppLock, Booster",TOOLS,24900.999,Varies with device,50000.0,Free,0.0,Everyone,Tools,2018-08-04,4.6.6,Varies with device
4.6,"CM Launcher 3D - Theme, Wallpapers, Efficient",PERSONALIZATION,6700.847,17M,10000.0,Free,0.0,Teen,Personalization,2018-08-03,5.41.0,4.0.3 and up
4.6,CM Locker - Security Lockscreen,TOOLS,3090.68,Varies with device,10000.0,Free,0.0,Everyone,Tools,2018-07-31,Varies with device,Varies with device
4.6,Clean Master Lite - For Low-End Phone,TOOLS,2246.379,5.1M,5000.0,Free,0.0,Everyone,Tools,2018-06-28,2.1.4,4.0 and up
4.6,CM Transfer - Share any files with friends nearby,COMMUNICATION,71.74,5.8M,500.0,Free,0.0,Everyone,Communication,2018-06-27,2.0.7.0014,4.0 and up
4.4,"CM Flashlight (Compass, SOS)",TOOLS,166.363,1.8M,500.0,Free,0.0,Everyone,Tools,2018-05-25,1.4.0,2.3 and up
4.5,AppLock - Fingerprint Unlock,TOOLS,112.482,2.1M,500.0,Free,0.0,Everyone,Tools,2018-07-10,1.0.5,4.0 and up
4.5,Battery Doctor-Battery Life Saver & Battery Cooler,TOOLS,8190.074,17M,10000.0,Free,0.0,Everyone,Tools,2018-06-01,6.24,4.0 and up
4.7,"Speed Booster - Ram, Battery & Game Speed Booster",TOOLS,85.079,2.8M,100.0,Free,0.0,Everyone,Tools,2018-07-17,1.0.4,2.3 and up
4.4,CM FILE MANAGER,TOOLS,953.79,Varies with device,5000.0,Free,0.0,Everyone,Tools,2018-08-05,Varies with device,Varies with device
4.4,CM AppLock Fingerprint 2018,TOOLS,1.264,8.2M,10.0,Free,0.0,Everyone,Tools,2018-08-06,4.0.4,4.3 and up
4.5,Ruler,TOOLS,27.18,4.1M,100.0,Free,0.0,Everyone,Tools,2018-07-06,3.24,4.1 and up
4.0,Cartoon Network App,FAMILY,119.173,Varies with device,1000.0,Free,0.0,Everyone 10+,Video Players & Editors;Music & Video,2018-06-21,Varies with device,Varies with device
4.1,CN Superstar Soccer: Goal!!!,FAMILY,3.863,41M,10.0,Paid,2.99,Everyone,Sports;Action & Adventure,2018-05-24,1.1.1,4.1 and up
4.6,Teeny Titans - Teen Titans Go!,FAMILY,20.463,25M,10.0,Paid,3.99,Everyone 10+,Strategy;Action & Adventure,2018-07-18,1.2.1,4.1 and up
4.7,Cartoon Network Match Land,FAMILY,21.979,38M,100.0,Free,0.0,Everyone,Puzzle,2018-07-09,1.1.3,5.1 and up
4.6,Super Slime Blitz - Gumball,FAMILY,5.395,58M,50.0,Free,0.0,Everyone,Arcade;Action & Adventure,2018-05-24,1.2.0,4.0.3 and up
3.6,[adult swim],FAMILY,21.433,21M,100.0,Free,0.0,Mature 17+,Entertainment,2018-05-29,3.0.1805181047,5.0 and up
4.3,Adventure Time Run,GAME,24.628,88M,100.0,Free,0.0,Everyone,Action,2018-07-26,1.25.396,4.4 and up
3.7,LEGO® TV,FAMILY,17.25,7.2M,100.0,Free,0.0,Everyone 10+,Entertainment;Music & Video,2018-08-04,4.0.2,5.0 and up
4.2,Boomerang,FAMILY,13.519,51M,100.0,Free,0.0,Everyone,Entertainment;Music & Video,2018-07-27,2.18,5.0 and up
4.7,We Bare Bears Match3 Repairs,FAMILY,39.153,98M,100.0,Free,0.0,Everyone,Puzzle,2018-07-25,1.1.7,4.1 and up
4.6,Champions and Challengers - Adventure Time,FAMILY,51.973,27M,100.0,Free,0.0,Everyone,Role Playing,2018-08-02,1.2.5,4.4 and up
4.3,DisneyNOW – TV Shows & Games,FAMILY,82.499,Varies with device,500.0,Free,0.0,Everyone,Entertainment;Music & Video,2018-07-05,Varies with device,4.4 and up
4.2,Pokémon TV,FAMILY,117.461,Varies with device,500.0,Free,0.0,Everyone,Entertainment;Music & Video,2018-06-29,Varies with device,Varies with device
4.2,Little Lovely Dentist,FAMILY,17.786,16M,100.0,Free,0.0,Everyone,Casual,2018-05-14,1.1.8,4.0 and up
4.5,Dots & Co: A Puzzle Adventure,FAMILY,81.001,85M,100.0,Free,0.0,Everyone,Puzzle,2018-04-27,2.15.2,4.1 and up
4.7,Them Bombs: co-op board game play with 2-4 friends,GAME,8.038,52M,10.0,Free,0.0,Teen,Board,2018-07-12,1.4.1,4.1 and up
4.4,Good&Co: Career match tests,BUSINESS,26.572,41M,100.0,Free,0.0,Everyone,Business,2018-07-24,2.9.1,4.1 and up
4.4,Dungeon Legends - PvP Action MMO RPG Co-op Games,FAMILY,102.215,42M,100.0,Free,0.0,Teen,Role Playing,2018-06-25,3.1,4.0.3 and up
4.4,Remote | Fire TV | Android TV | KODI | CetusPlay,TOOLS,15.911,16M,100.0,Free,0.0,Everyone,Tools,2018-06-30,4.1.8.1,4.1 and up
3.4,Comboios de Portugal,MAPS_AND_NAVIGATION,1.147,19M,10.0,Free,0.0,Everyone,Maps & Navigation,2018-05-28,1.0.3.8,4.0.3 and up
4.3,Evolution CP & IV Calculator for pokemon,FAMILY,9.465,43M,50.0,Free,0.0,Everyone,Entertainment,2018-07-08,0.4.6,4.4 and up
4.7,Poke Genie - Safe IV Calculator,TOOLS,92.958,36M,100.0,Free,0.0,Everyone,Tools,2018-07-27,1.13.0,5.0 and up
4.6,IV Go（get IV for Pokemon）,GAME,132.282,20M,100.0,Free,0.0,Everyone,Adventure,2018-07-31,15,4.1 and up
4.8,ClanPlay: Community and Tools for Gamers,COMMUNICATION,34.443,27M,100.0,Free,0.0,Teen,Communication,2018-06-28,1.14.3,5.0 and up
4.8,Calcy IV,TOOLS,36.557,14M,100.0,Free,0.0,Everyone,Tools,2018-08-03,2.51f,5.0 and up
4.4,Crusaders Quest,FAMILY,475.02,69M,500.0,Free,0.0,Everyone 10+,Role Playing,2018-07-26,4.7.0.KG,4.1 and up
4.2,QRZ Assistant,COMMUNICATION,1.044,3.5M,10.0,Free,0.0,Everyone,Communication,2018-05-30,2,4.4 and up
4.7,Sabbath School,BOOKS_AND_REFERENCE,28.237,10M,10.0,Free,0.0,Everyone,Books & Reference,2018-04-22,3.2.994,4.0.3 and up
4.5,الفاتحون Conquerors,FAMILY,108.13,40M,500.0,Free,0.0,Teen,Strategy,2018-08-03,1.8.0,4.0 and up
4.4,Card Creator for CR,TOOLS,117.85,17M,1000.0,Free,0.0,Everyone,Tools,2018-05-19,1.8.0,4.1 and up
4.6,CR & CoC Private Server - Clash Barbarians PRO,FAMILY,167.974,5.0M,50.0,Free,0.0,Everyone,Entertainment,2018-07-27,Gratis,4.0.3 and up
4.4,Chest Simulator for Clash Royale,FAMILY,4.756,33M,10.0,Free,0.0,Everyone,Simulation,2018-07-19,1.1.9,4.1 and up
4.0,Quiz for Clash Royale™,FAMILY,3.788,32M,10.0,Free,0.0,Everyone,Entertainment,2018-07-18,3.0.1,4.1 and up
3.9,Chest Calculator for CR,FAMILY,14.754,21M,100.0,Free,0.0,Everyone 10+,Entertainment,2018-07-22,1.8.1,4.1 and up
4.7,Ultimate Clash Royale Tracker,FAMILY,92.01,5.9M,100.0,Free,0.0,Everyone,Strategy,2018-07-04,1.4.8,4.2 and up
4.5,Stats Royale for Clash Royale,BOOKS_AND_REFERENCE,68.226,16M,100.0,Free,0.0,Everyone,Books & Reference,2018-08-06,1.9.1,4.2 and up
4.6,Deck Shop for Clash Royale,FAMILY,2.167,13M,10.0,Free,0.0,Everyone,Entertainment,2018-08-06,1.1.5,4.4 and up
4.6,CamScanner - Phone PDF Creator,PRODUCTIVITY,1502.622,Varies with device,10000.0,Free,0.0,Everyone,Productivity,2018-07-03,Varies with device,Varies with device
4.3,Critical Strike CS: Counter Terrorist Online FPS,GAME,22.773,Varies with device,100.0,Free,0.0,Mature 17+,Action,2018-08-03,4.84,4.1 and up
4.5,Standoff 2,GAME,299.046,47M,1000.0,Free,0.0,Mature 17+,Action,2018-07-12,0.9.5,4.1 and up
4.2,Counter Online FPS Game,GAME,41.089,42M,500.0,Free,0.0,Teen,Action,2018-07-25,2.7,4.1 and up
4.1,Combat Strike CS 🔫 Counter Terrorist Attack FPS💣,GAME,1.019,39M,10.0,Free,0.0,Teen,Action,2018-07-23,1.0.7,4.1 and up
4.3,Counter Attack - Multiplayer FPS,GAME,112.565,32M,100.0,Free,0.0,Teen,Action,2018-07-21,1.1.97,4.4 and up
4.3,Case Simulator Hero for CS:GO,FAMILY,14.604,68M,50.0,Free,0.0,Teen,Simulation,2018-07-04,3.1.2,4.2 and up
4.8,CT-ART 4.0 (Chess Tactics 1200-2400 ELO),GAME,8.191,Varies with device,10.0,Free,0.0,Everyone,Board,2018-05-22,1.1.0,4.1 and up
4.7,Service CU Mobile Banking,FINANCE,6.208,14M,10.0,Free,0.0,Everyone,Finance,2018-06-12,5.9.1.0,5.0 and up
3.8,My Vodafone (GR),COMMUNICATION,12.667,34M,100.0,Free,0.0,Everyone,Communication,2018-08-01,4.5.5.1-2090AL-REL,4.3 and up
3.9,Planet of Cubes Survival Craft,FAMILY,475.944,35M,1000.0,Free,0.0,Everyone,Simulation,2018-06-26,4.5.4,4.1 and up
4.2,Moto Rider,GAME,115.176,24M,1000.0,Free,0.0,Teen,Racing,2018-06-15,1.2.1,4.0 and up
4.6,Shadow Fight 2,GAME,10981.85,88M,10000.0,Free,0.0,Everyone 10+,Action,2018-07-02,1.9.38,3.0 and up
4.5,Curriculum vitae App CV Builder Free Resume Maker,BUSINESS,4.571,3.9M,50.0,Free,0.0,Everyone,Business,2018-07-08,3.3,4.1 and up
4.6,Free Resume App,BUSINESS,15.83,Varies with device,100.0,Free,0.0,Everyone,Business,2018-07-19,Varies with device,Varies with device
4.4,Free resume builder CV maker templates PDF formats,BUSINESS,9.555,4.7M,100.0,Free,0.0,Everyone,Business,2018-07-19,7.7,4.1 and up
4.5,CV S ( CV Editor - Resume ),BUSINESS,3.972,5.6M,10.0,Free,0.0,Teen,Business,2018-06-25,5.1.14,4.0 and up
4.3,Resume Builder and CV maker app,PRODUCTIVITY,2.303,15M,10.0,Free,0.0,Everyone,Productivity,2018-08-02,8.9.2.pro,4.0.3 and up
4.5,Resume Free,PRODUCTIVITY,27.82,4.7M,100.0,Free,0.0,Everyone,Productivity,2018-07-29,2.1,2.3.3 and up
4.4,Resume App,BUSINESS,11.31,Varies with device,100.0,Free,0.0,Everyone,Business,2018-07-19,Varies with device,Varies with device
4.4,CV-Library Job Search,BUSINESS,6.997,4.6M,10.0,Free,0.0,Everyone,Business,2018-07-06,6.8.0,4.1 and up
4.4,The CW,FAMILY,288.209,21M,500.0,Free,0.0,Teen,Entertainment,2018-07-23,2.17,4.4 and up
4.5,CW Seed,FAMILY,16.391,13M,50.0,Free,0.0,Teen,Entertainment,2018-07-18,1.16,4.4 and up
3.8,Archie Comics,COMICS,5.084,6.2M,10.0,Free,0.0,Everyone,Comics,2018-06-19,2.2.0,4.3 and up
4.5,FANDOM: Arrow and The Flash,FAMILY,3.935,9.5M,10.0,Free,0.0,Mature 17+,Entertainment,2018-06-07,2.9.8,4.4 and up
3.7,"Freeform – Stream Full Episodes, Movies, & Live TV",FAMILY,29.229,Varies with device,100.0,Free,0.0,Teen,Entertainment,2018-08-06,Varies with device,Varies with device
3.9,"FXNOW: Movies, Shows & Live TV",FAMILY,31.552,Varies with device,100.0,Free,0.0,Teen,Entertainment,2018-07-23,Varies with device,4.4 and up
4.0,"Hulu: Stream TV, Movies & more",FAMILY,319.777,Varies with device,1000.0,Free,0.0,Teen,Entertainment,2018-08-03,Varies with device,5.0 and up
3.2,SYFY,FAMILY,3.069,18M,50.0,Free,0.0,Teen,Entertainment,2018-05-24,3.3.1.41,4.4 and up
3.2,AMC,FAMILY,20.843,14M,100.0,Free,0.0,Teen,Entertainment,2018-08-02,3.3.85 (2),4.4 and up
4.1,Cartoon Wars 3,FAMILY,137.674,72M,500.0,Free,0.0,Teen,Role Playing,2018-07-04,2.0.2,2.3 and up
3.3,ABC – Live TV & Full Episodes,FAMILY,50.428,Varies with device,500.0,Free,0.0,Teen,Entertainment,2018-07-25,Varies with device,5.0 and up
3.3,Cathay Pacific,TRAVEL_AND_LOCAL,4.069,50M,100.0,Free,0.0,Everyone,Travel & Local,2018-07-25,6.6.1,4.3 and up
4.4,"Cymera Camera- Photo Editor, Filter,Collage,Layout",PHOTOGRAPHY,2418.165,Varies with device,10000.0,Free,0.0,Everyone,Photography,2018-07-12,Varies with device,Varies with device
4.7,Cytus II,GAME,16.851,81M,10.0,Paid,1.99,Everyone 10+,Music,2018-08-03,1.5.0,4.4 and up
4.2,Shadowverse CCG,GAME,47.34,61M,100.0,Free,0.0,Teen,Card,2018-07-30,2.2.15,4.1 and up
4.5,LOCX Applock Lock Apps & Photo,PRODUCTIVITY,208.543,Varies with device,1000.0,Free,0.0,Everyone,Productivity,2018-07-05,Varies with device,Varies with device
4.5,Cymath - Math Problem Solver,FAMILY,10.159,6.4M,100.0,Free,0.0,Everyone,Education,2018-04-13,2.17,4.1 and up
4.5,Army of Heroes,FAMILY,85.015,46M,100.0,Free,0.0,Everyone 10+,Strategy,2018-08-01,1.03.06,4.0 and up
3.9,SuperBikers 2,GAME,6.2,Varies with device,50.0,Free,0.0,Everyone 10+,Racing,2018-07-06,Varies with device,Varies with device
4.4,Camera360 Lite - Selfie Camera,PHOTOGRAPHY,221.878,Varies with device,1000.0,Free,0.0,Everyone,Photography,2018-08-01,Varies with device,4.1 and up
4.5,Alzashop.com,SHOPPING,32.014,18M,50.0,Free,0.0,Everyone,Shopping,2018-08-03,Varies with device,Varies with device
2.8,KFC CZ,LIFESTYLE,1.189,18M,10.0,Free,0.0,Everyone,Lifestyle,2018-06-27,5.1.0,4.0.3 and up
3.3,Skylink Live TV CZ,FAMILY,2.802,15M,10.0,Free,0.0,Teen,Entertainment,2018-07-11,5,4.3 and up
4.5,Mapy.cz - Cycling & Hiking offline maps,MAPS_AND_NAVIGATION,56.409,43M,100.0,Free,0.0,Everyone,Maps & Navigation,2018-06-26,6.2.0,4.1 and up
4.6,WebCams,WEATHER,3.963,23M,10.0,Free,0.0,Everyone,Weather,2018-07-17,5.2.11,4.2 and up
4.3,Strava.cz,SHOPPING,2.221,Varies with device,10.0,Free,0.0,Everyone,Shopping,2018-07-10,Varies with device,Varies with device
4.4,Tools & Mi Band,HEALTH_AND_FITNESS,15.753,13M,10.0,Paid,3.49,Everyone,Health & Fitness,2018-07-26,3.7.3,4.3 and up
4.5,What is my IP address,TOOLS,4.228,656k,50.0,Free,0.0,Everyone,Tools,2018-07-02,2.95,4.0 and up
4.8,The House of Da Vinci,FAMILY,12.4,Varies with device,10.0,Paid,4.99,Everyone,Puzzle,2018-06-14,1.0.4,4.1 and up
4.8,Dan the Man: Action Platformer,GAME,528.55,73M,1000.0,Free,0.0,Teen,Arcade,2018-07-26,1.2.6,4.1 and up
3.5,Ghost Detector,FAMILY,35.337,7.4M,500.0,Free,0.0,Teen,Entertainment,2018-05-25,1.7.28,4.0 and up
4.7,"Face Filter, Selfie Editor - Sweet Camera",PHOTOGRAPHY,142.758,22M,1000.0,Free,0.0,Everyone,Photography,2018-07-06,1.5.1,4.4 and up
4.6,Master for Minecraft(Pocket Edition)-Mod Launcher,TOOLS,2674.051,26M,5000.0,Free,0.0,Everyone,Tools,2018-08-06,2.1.69,4.0.3 and up
4.3,Translate: text & voice translator,TOOLS,122.01,7.3M,500.0,Free,0.0,Everyone,Tools,2018-07-14,Translator 10.9.2,4.0.3 and up
4.7,The Zueira's Voice,TOOLS,136.54,3.1M,100.0,Free,0.0,Everyone,Tools,2018-07-10,4.75,4.0.3 and up
4.4,Battery Calibration,TOOLS,134.412,11M,500.0,Free,0.0,Everyone,Tools,2018-07-27,3.0.5,4.4 and up
4.6,MadLipz,FAMILY,171.017,13M,1000.0,Free,0.0,Teen,Entertainment,2018-07-22,2.2.2,4.4 and up
4.4,Metal Soldiers 2,GAME,153.649,Varies with device,1000.0,Free,0.0,Teen,Action,2018-06-18,1.11.2,4.1 and up
4.2,Siren Ringtones,PERSONALIZATION,42.19,11M,500.0,Free,0.0,Teen,Personalization,2018-07-08,Varies with device,Varies with device
4.1,Download Manager for Android,TOOLS,420.518,Varies with device,1000.0,Free,0.0,Everyone,Tools,2018-07-04,Varies with device,Varies with device
4.3,COOKING MAMA Let's Cook!,FAMILY,528.917,59M,1000.0,Free,0.0,Everyone,Educational;Pretend Play,2018-07-26,1.38.0,4.1 and up
4.4,Run Sausage Run!,GAME,276.105,Varies with device,1000.0,Free,0.0,Everyone 10+,Arcade,2018-08-01,Varies with device,4.1 and up
4.5,Knife Hit,GAME,462.614,60M,1000.0,Free,0.0,Everyone,Arcade,2018-05-22,1.7.2,4.0.3 and up
4.2,Just Dance Now,GAME,794.058,56M,1000.0,Free,0.0,Everyone,Music,2018-06-12,2.3.0,4.4 and up
4.0,DB Navigator,MAPS_AND_NAVIGATION,119.685,20M,1000.0,Free,0.0,Everyone,Maps & Navigation,2018-07-02,18.06.p03.02,4.0.3 and up
4.7,Sound Meter,TOOLS,88.993,1.5M,1000.0,Free,0.0,Everyone,Tools,2018-06-10,3.2.6,2.3 and up
4.6,DRAGON BALL LEGENDS,GAME,338.742,48M,500.0,Free,0.0,Teen,Action,2018-08-03,1.11.0,6.0 and up
3.7,DB Train Simulator,FAMILY,6.514,72M,50.0,Free,0.0,Everyone,Simulation,2018-05-23,1.6.2,3.0 and up
4.5,DC Legends: Battle for Justice,FAMILY,355.613,59M,1000.0,Free,0.0,Teen,Role Playing,2018-08-02,1.21.2,4.4 and up
4.2,DC Comics,COMICS,25.673,Varies with device,100.0,Free,0.0,Teen,Comics,2018-06-05,Varies with device,Varies with device
4.3,Injustice 2,GAME,504.765,36M,500.0,Free,0.0,Teen,Action,2018-07-30,2.4.1,4.4 and up
4.4,Injustice: Gods Among Us,GAME,2440.877,32M,1000.0,Free,0.0,Teen,Action,2018-06-14,2.21,4.0 and up
4.4,FANDOM for: DC,FAMILY,6.715,9.5M,50.0,Free,0.0,Mature 17+,Entertainment,2018-07-20,2.9.8.1,4.4 and up
4.3,DC Super Hero Girls™,FAMILY,43.09,95M,500.0,Free,0.0,Everyone,Action;Action & Adventure,2018-06-29,2.8.0,4.0 and up
4.3,Justice League Action Run,GAME,22.333,9.7M,100.0,Free,0.0,Everyone 10+,Action,2018-08-07,2.01,4.3 and up
4.1,Comics,COMICS,45.651,Varies with device,500.0,Free,0.0,Teen,Comics,2018-05-24,Varies with device,Varies with device
4.0,Batman: Gotham’s Most Wanted!,FAMILY,16.19,88M,100.0,Free,0.0,Everyone,Action;Action & Adventure,2018-04-24,2.1.1,4.0 and up
4.3,MARVEL Contest of Champions,GAME,2468.915,92M,5000.0,Free,0.0,Teen,Action,2018-07-30,19.1.0,4.0.3 and up
4.2,MARVEL Avengers Academy,GAME,304.106,Varies with device,1000.0,Free,0.0,Teen,Adventure,2018-08-06,2.8.2,4.0.3 and up
4.3,MARVEL Strike Force,FAMILY,166.312,91M,500.0,Free,0.0,Teen,Role Playing,2018-07-31,1.4.0,4.4 and up
4.3,Power Rangers: Legacy Wars,GAME,264.755,91M,1000.0,Free,0.0,Teen,Action,2018-07-17,2.2.1,4.0 and up
4.6,MARVEL Future Fight,FAMILY,2354.042,72M,5000.0,Free,0.0,Everyone 10+,Role Playing,2018-07-03,4.2.0,4.0.3 and up
4.4,DC Metro Transit - Free,TRAVEL_AND_LOCAL,6.895,10M,50.0,Free,0.0,Everyone,Travel & Local,2018-05-15,5.11.3.1,4.1 and up
4.4,AutoScout24 - used car finder,AUTO_AND_VEHICLES,186.648,42M,1000.0,Free,0.0,Everyone,Auto & Vehicles,2018-08-02,9.3.52,4.2 and up
4.3,WEB.DE Mail,COMMUNICATION,226.541,Varies with device,1000.0,Free,0.0,Everyone,Communication,2018-07-25,Varies with device,Varies with device
4.2,wetter.com - Weather and Radar,WEATHER,189.31,38M,1000.0,Free,0.0,Everyone,Weather,2018-08-06,Varies with device,Varies with device
4.0,Your Freedom VPN Client,COMMUNICATION,74.497,5.3M,500.0,Free,0.0,Everyone,Communication,2018-05-19,20180518-01,4.0 and up
4.5,Dictionary,BOOKS_AND_REFERENCE,264.26,Varies with device,1000.0,Free,0.0,Everyone,Books & Reference,2018-06-22,Varies with device,Varies with device
4.0,Bokeh (Background defocus),PHOTOGRAPHY,50.109,Varies with device,1000.0,Free,0.0,Everyone,Photography,2018-06-07,Varies with device,Varies with device
4.1,Speed Camera Radar,MAPS_AND_NAVIGATION,54.034,5.8M,500.0,Free,0.0,Teen,Maps & Navigation,2018-05-30,2.1.15,4.0 and up
3.8,WDAMAGE: Car Crash Engine,GAME,47.386,96M,100.0,Free,0.0,Everyone,Racing,2018-06-06,31,4.2 and up
4.3,Babbel – Learn Languages,FAMILY,267.787,21M,1000.0,Free,0.0,Everyone,Education,2018-07-30,20.7.2,4.4 and up
4.6,Coloring Book for Me & Mandala,FAMILY,401.211,Varies with device,1000.0,Free,0.0,Everyone,Entertainment,2018-07-18,Varies with device,Varies with device
4.1,APUS File Manager (Explorer),TOOLS,498.894,10M,5000.0,Free,0.0,Everyone,Tools,2018-08-02,2.8.9.1004,4.0.3 and up
4.3,Easy Language Translator,TOOLS,191.621,6.1M,1000.0,Free,0.0,Everyone,Tools,2018-05-29,1.43,4.0 and up
4.4,"CallApp: Caller ID, Blocker & Phone Call Recorder",COMMUNICATION,483.782,20M,1000.0,Free,0.0,Everyone,Communication,2018-07-29,1.286,4.1 and up
4.5,Piano Free - Keyboard with Magic Tiles Music Games,GAME,785.622,Varies with device,5000.0,Free,0.0,Everyone,Music,2018-06-29,1.35.2,4.1 and up
4.7,Anime Love Story Games: ✨Shadowtime✨,FAMILY,198.48,82M,500.0,Free,0.0,Everyone,Simulation,2018-08-03,20,4.1 and up
4.5,Checkers,GAME,375.996,3.3M,1000.0,Free,0.0,Everyone,Board,2018-08-06,1.48.0,4.1 and up
3.3,Scratch Logo Quiz. Challenging brain puzzle,GAME,152.102,18M,1000.0,Free,0.0,Teen,Trivia,2018-06-30,4.16,4.1 and up
4.3,Red Transporte DF,MAPS_AND_NAVIGATION,11.1,15M,50.0,Free,0.0,Everyone,Maps & Navigation,2018-04-28,2.10.0 Summer,4.0.3 and up
4.0,Periscope - Live Video,SOCIAL,479.939,15M,1000.0,Free,0.0,Mature 17+,Social,2018-07-09,1.23.3.0,4.4 and up
4.1,PDF Reader – PDF Editor 2018,TOOLS,1.648,36M,50.0,Free,0.0,Everyone,Tools,2018-07-31,9.5.8,4.1 and up
4.5,Citymapper - Transit Navigation,MAPS_AND_NAVIGATION,65.448,Varies with device,500.0,Free,0.0,Everyone,Maps & Navigation,2018-08-02,Varies with device,Varies with device
3.9,"Dollar General - Digital Coupons, Ads And More",SHOPPING,16.678,Varies with device,500.0,Free,0.0,Everyone,Shopping,2018-07-25,Varies with device,Varies with device
4.7,Krazy Coupon Lady,SHOPPING,10.318,32M,100.0,Free,0.0,Everyone,Shopping,2018-06-19,2.1.8,4.4 and up
4.0,Sharaf DG,SHOPPING,7.006,12M,50.0,Free,0.0,Everyone,Shopping,2018-05-12,3.1,4.4 and up
4.7,Daily Horoscope,LIFESTYLE,407.589,Varies with device,1000.0,Free,0.0,Everyone,Lifestyle,2018-07-20,Varies with device,Varies with device
4.5,DHgate-Shop Wholesale Prices,SHOPPING,104.068,37M,500.0,Free,0.0,Teen,Shopping,2018-08-01,4.5.1,4.1 and up
4.4,DH Texas Poker - Texas Hold'em,GAME,562.345,Varies with device,1000.0,Free,0.0,Teen,Casino,2018-07-23,Varies with device,Varies with device
4.4,DEER HUNTER CLASSIC,GAME,3941.129,77M,5000.0,Free,0.0,Teen,Action,2018-07-16,3.12.0,3.0 and up
4.2,Dungeon Hunter Champions: Epic Online Action RPG,FAMILY,26.307,Varies with device,100.0,Free,0.0,Teen,Role Playing,2018-07-26,1.1.40,4.0.3 and up
4.2,Desperate Housewives: The Game,FAMILY,10.44,27M,50.0,Free,0.0,Teen,Role Playing,2018-08-06,18.30.22,4.4 and up
4.3,Bike Unchained,SPORTS,83.545,23M,500.0,Free,0.0,Everyone,Sports,2018-07-31,1.193,4.0 and up
4.4,"Red Bull TV: Live Sports, Music & Entertainment",FAMILY,42.069,Varies with device,100.0,Free,0.0,Teen,Entertainment,2018-08-03,Varies with device,Varies with device
4.2,Castle Defense : Invasion,FAMILY,1.484,41M,10.0,Free,0.0,Everyone,Strategy,2018-07-15,1.2.1,4.0.3 and up
4.5,Texas HoldEm Poker Deluxe,GAME,396.09,26M,1000.0,Free,0.0,Teen,Casino,2018-05-30,1.7.0,4.0.3 and up
4.7,Idle Heroes,FAMILY,417.197,99M,1000.0,Free,0.0,Everyone 10+,Role Playing,2018-05-30,1.14.0,2.3 and up
4.7,Deck Heroes: Legacy,GAME,466.495,52M,1000.0,Free,0.0,Teen,Card,2018-07-16,11.7.5,2.3.3 and up
4.7,Duolingo: Learn Languages Free,FAMILY,6297.59,Varies with device,10000.0,Free,0.0,Everyone,Education;Education,2018-08-06,Varies with device,Varies with device
4.5,"Free phone calls, free texting SMS on free number",SOCIAL,412.888,35M,1000.0,Free,0.0,Everyone,Social,2018-07-31,3.8.1,4.1 and up
4.2,DiskDigger photo recovery,TOOLS,227.798,Varies with device,5000.0,Free,0.0,Everyone,Tools,2018-08-06,Varies with device,Varies with device
4.3,Phone Tracker : Family Locator,SOCIAL,231.446,5.4M,1000.0,Free,0.0,Everyone,Social,2018-08-02,4.81,4.0 and up
4.4,Meme Generator Free,FAMILY,303.394,53M,1000.0,Free,0.0,Mature 17+,Entertainment,2018-08-03,4.426,4.1 and up
4.8,Stop Smoking - EasyQuit free,HEALTH_AND_FITNESS,39.068,4.0M,50.0,Free,0.0,Everyone,Health & Fitness,2018-07-07,1.2.2,4.1 and up
4.2,FIFA Soccer,SPORTS,3909.032,51M,10000.0,Free,0.0,Everyone,Sports,2018-07-31,10.5.00,4.1 and up
4.5,Archery Physics Objects Destruction Apple shooter,GAME,6.026,39M,10.0,Free,0.0,Teen,Action,2018-07-07,1.04,4.1 and up
4.5,Story Saver for Instagram,PHOTOGRAPHY,41.331,5.0M,500.0,Free,0.0,Everyone,Photography,2018-07-31,1.4.4,4.0.3 and up
4.6,Cameringo+ Filters Camera,PHOTOGRAPHY,28.107,5.7M,50.0,Paid,2.99,Everyone,Photography,2018-06-11,2.8.26,4.0 and up
4.4,Whoscall - Caller ID & Block,COMMUNICATION,552.635,29M,1000.0,Free,0.0,Everyone,Communication,2018-08-01,6.19.1,4.1 and up
4.1,Cooking in the Kitchen,FAMILY,217.736,87M,1000.0,Free,0.0,Everyone,Casual;Pretend Play,2018-08-02,1.1.64,4.1 and up
4.3,Automatic Call Recorder,TOOLS,1648.515,7.1M,10000.0,Free,0.0,Everyone,Tools,2018-08-02,5.42.1,2.3 and up
4.4,Boomerang from Instagram,PHOTOGRAPHY,928.72,Varies with device,5000.0,Free,0.0,Everyone,Photography,2018-07-16,Varies with device,Varies with device
4.2,Shopee: No.1 Belanja Online,SHOPPING,609.186,30M,1000.0,Free,0.0,Everyone,Shopping,2018-07-23,2.25.17,4.1 and up
4.3,Lep's World 3 🍀🍀🍀,GAME,771.001,52M,5000.0,Free,0.0,Everyone 10+,Action,2018-06-11,2.0.1.3,4.1 and up
4.5,Robbery Bob,GAME,617.732,44M,1000.0,Free,0.0,Everyone 10+,Action,2018-07-29,1.18.4,4.1 and up
4.3,Google Sheets,PRODUCTIVITY,496.397,Varies with device,10000.0,Free,0.0,Everyone,Productivity,2018-08-06,Varies with device,Varies with device
4.8,Video Downloader - for Instagram Repost App,VIDEO_PLAYERS,332.623,4.6M,1000.0,Free,0.0,Everyone,Video Players & Editors,2018-07-27,1.1.58,4.1 and up
4.5,Nyan Cat: Lost In Space,GAME,371.318,90M,1000.0,Free,0.0,Everyone 10+,Arcade,2018-06-08,10.1.6,4.1 and up
4.6,HOLLA Live: Meet New People via Random Video Chat,SOCIAL,216.513,Varies with device,500.0,Free,0.0,Mature 17+,Social,2018-08-06,Varies with device,Varies with device
4.7,"Quik – Free Video Editor for photos, clips, music",VIDEO_PLAYERS,696.665,91M,1000.0,Free,0.0,Everyone,Video Players & Editors,2018-07-05,4.7.4.3869-7b2372c3e,5.0 and up
3.7,Dating.dk,SOCIAL,2.111,11M,10.0,Free,0.0,Mature 17+,Social,2018-08-06,4.1.23,4.4 and up
4.1,Discovery K!ds Play!,FAMILY,19.388,35M,100.0,Free,0.0,Everyone,Entertainment;Music & Video,2018-05-03,2.1.0.2173,4.0.3 and up
4.2,GetThemAll Any File Downloader,TOOLS,91.186,6.3M,500.0,Free,0.0,Everyone,Tools,2018-05-22,2.0.9,4.0 and up
4.3,Downloader & Private Browser,TOOLS,1072.565,Varies with device,5000.0,Free,0.0,Everyone,Tools,2018-07-25,Varies with device,Varies with device
3.8,Download All Files,TOOLS,120.494,2.3M,1000.0,Free,0.0,Everyone,Tools,2018-06-13,2.0.7,4.1 and up
4.0,Fast Download Manager,TOOLS,18.478,1.7M,100.0,Free,0.0,Everyone,Tools,2018-08-04,1.0.5,2.3 and up
4.0,Turbo Download Manager (and Browser),TOOLS,32.879,3.2M,500.0,Free,0.0,Everyone,Tools,2018-08-04,5.19,4.0.3 and up
3.9,Download Blazer,TOOLS,34.612,2.4M,500.0,Free,0.0,Everyone,Tools,2018-06-12,2.0.7,4.1 and up
4.1,FrostWire: Torrent Downloader & Music Player,VIDEO_PLAYERS,253.207,13M,1000.0,Free,0.0,Everyone,Video Players & Editors,2018-08-02,2.0.7,4.4 and up
3.9,Turbo Downloader,TOOLS,23.348,3.2M,500.0,Free,0.0,Everyone,Tools,2018-07-04,3.48,4.0.3 and up
4.5,+Download 4 Instagram Twitter,SOCIAL,40.467,22M,100.0,Free,0.0,Everyone,Social,2018-08-02,5.03,4.1 and up
4.2,Video Downloader,VIDEO_PLAYERS,58.981,5.4M,1000.0,Free,0.0,Everyone,Video Players & Editors,2018-08-03,1.0.8,4.4 and up
3.9,Download Manager - File & Video,TOOLS,8.78,5.0M,100.0,Free,0.0,Everyone,Tools,2018-06-13,2.7.5,4.2 and up
2.5,Dagens Nyheter,NEWS_AND_MAGAZINES,2.055,17M,10.0,Free,0.0,Everyone,News & Magazines,2018-07-04,4.2.7,4.4 and up
4.6,Dragon Nest M,FAMILY,11.872,62M,10.0,Free,0.0,Teen,Role Playing,2018-07-17,1.2.0,4.3 and up
4.5,Guardian Hunter: SuperBrawlRPG,FAMILY,364.013,27M,100.0,Free,0.0,Everyone 10+,Role Playing,2018-08-06,14.4.4.00,4.1 and up
4.4,Destiny Ninja Shall we date otome games love story,GAME,13.079,30M,50.0,Free,0.0,Everyone 10+,Adventure,2018-04-20,1.6.2,4.0 and up
4.7,Darkness Rises,FAMILY,456.474,86M,500.0,Free,0.0,Teen,Role Playing,2018-07-24,1.2.0,4.4 and up
4.4,NARUTO X BORUTO NINJA VOLTAGE,GAME,267.395,71M,500.0,Free,0.0,Everyone 10+,Action,2018-07-19,1.1.7,4.4 and up
4.0,Sword Art Online: Integral Factor,FAMILY,45.359,32M,100.0,Free,0.0,Everyone 10+,Role Playing,2018-07-26,1.0.9,4.4 and up
4.3,Google Docs,PRODUCTIVITY,815.974,Varies with device,10000.0,Free,0.0,Everyone,Productivity,2018-08-06,Varies with device,Varies with device
4.1,"Microsoft To-Do: List, Task & Reminder",PRODUCTIVITY,14.432,16M,100.0,Free,0.0,Everyone,Productivity,2018-07-31,1.36.82,4.4 and up
4.5,"Any.do: To-do list, Calendar, Reminders & Planner",PRODUCTIVITY,298.854,Varies with device,1000.0,Free,0.0,Everyone,Productivity,2018-08-05,Varies with device,Varies with device
4.3,PDF Reader - Scan、Edit & Share,BUSINESS,54.52,Varies with device,1000.0,Free,0.0,Everyone,Business,2018-07-30,3.12.4,Varies with device
4.3,Notepad & To do list,PRODUCTIVITY,226.295,4.2M,1000.0,Free,0.0,Everyone,Productivity,2018-06-06,4.3.19,2.3.3 and up
4.3,"Polaris Office - Word, Docs, Sheets, Slide, PDF",PRODUCTIVITY,549.9,60M,1000.0,Free,0.0,Everyone,Productivity,2018-07-18,7.3.30,4.1 and up
4.4,Google Keep,PRODUCTIVITY,691.474,Varies with device,10000.0,Free,0.0,Everyone,Productivity,2018-08-06,Varies with device,Varies with device
4.5,Do It Later: Tasks & To-Dos,PRODUCTIVITY,123.412,Varies with device,5000.0,Free,0.0,Everyone,Productivity,2018-04-13,Varies with device,Varies with device
4.5,Todoist: To-do lists for task management & errands,PRODUCTIVITY,155.998,12M,1000.0,Free,0.0,Everyone,Productivity,2018-08-05,12.8.2,4.4 and up
4.2,To-Do Calendar Planner,PRODUCTIVITY,30.291,Varies with device,100.0,Free,0.0,Everyone,Productivity,2018-05-29,Varies with device,Varies with device
4.0,Kung Fu Do Fighting,GAME,271.214,Varies with device,1000.0,Free,0.0,Teen,Arcade,2018-07-25,Varies with device,Varies with device
4.6,"My Effectiveness: To do, Tasks",PRODUCTIVITY,14.089,8.4M,50.0,Free,0.0,Everyone,Productivity,2018-08-05,0.21.1,4.1 and up
4.5,NoteToDo. Notes. To do list,PRODUCTIVITY,57.449,5.0M,100.0,Free,0.0,Everyone,Productivity,2018-08-04,1.2.187-83,4.0 and up
4.7,"Memory Helper - To do list, Notepad, Notes, Memo",PRODUCTIVITY,7.566,4.0M,50.0,Free,0.0,Everyone,Productivity,2018-07-21,67,4.1 and up
4.3,"2Do - Reminders, To-do List & Notes",PRODUCTIVITY,4.649,30M,10.0,Free,0.0,Everyone,Productivity,2018-06-19,2.8.12,5.0 and up
4.6,"TickTick: To Do List with Reminder, Day Planner",PRODUCTIVITY,25.37,Varies with device,100.0,Free,0.0,Everyone,Productivity,2018-08-06,Varies with device,Varies with device
4.6,"Notes : Colorful Notepad Note,To Do,Reminder,Memo",LIFESTYLE,10.484,9.0M,100.0,Free,0.0,Everyone,Lifestyle,2018-06-09,1.4.9,4.1 and up
4.3,MyLifeOrganized: To-Do List,PRODUCTIVITY,4.441,Varies with device,10.0,Free,0.0,Everyone,Productivity,2018-06-18,Varies with device,Varies with device
4.6,ColorNote Notepad Notes,PRODUCTIVITY,2401.017,Varies with device,10000.0,Free,0.0,Everyone,Productivity,2018-06-27,Varies with device,Varies with device
4.4,Do I Snore or Grind,MEDICAL,2.295,19M,10.0,Free,0.0,Everyone,Medical,2018-07-09,0.3.1,5.0 and up
3.9,How well do you know me?,GAME,1.29,6.4M,10.0,Free,0.0,Everyone,Word,2018-07-26,2.3.0,4.1 and up
4.3,Apex Launcher,PERSONALIZATION,266.434,Varies with device,1000.0,Free,0.0,Everyone,Personalization,2018-08-04,Varies with device,Varies with device
4.5,DO YOU KNOW THE WAY Soundboard,FAMILY,1.007,5.2M,10.0,Free,0.0,Everyone,Entertainment,2018-07-01,7,4.1 and up
4.3,All Type DP,FAMILY,1.853,5.8M,50.0,Free,0.0,Everyone,Entertainment,2018-05-10,1.8,4.0 and up
4.4,Dp For WhatsApp,PERSONALIZATION,1.623,11M,100.0,Free,0.0,Mature 17+,Personalization,2018-06-23,2.7,4.0.3 and up
4.3,Download Instant DP (Full HD),TOOLS,1.283,4.4M,10.0,Free,0.0,Everyone,Tools,2018-08-04,4.1.0,4.1 and up
4.7,Profile pictures for WhatsApp,PERSONALIZATION,10.786,9.4M,50.0,Free,0.0,Mature 17+,Personalization,2018-05-20,2.3.1,4.3 and up
4.1,Best DP and Status (Daily Updates Photos),FAMILY,3.003,3.2M,100.0,Free,0.0,Everyone,Entertainment,2018-05-07,1.8,4.0 and up
4.6,Qeek for Instagram - Zoom profile insta DP,SOCIAL,12.111,9.1M,50.0,Free,0.0,Everyone,Social,2018-05-03,1.47,4.3 and up
4.3,Dash Quest Heroes,GAME,8.432,59M,50.0,Free,0.0,Everyone 10+,Adventure,2018-07-16,1.4.0,4.1 and up
4.3,SONIC Drive-In,FOOD_AND_DRINK,19.373,43M,100.0,Free,0.0,Everyone,Food & Drink,2018-07-31,3.3.6,4.4 and up
4.4,DRAGON QUEST VI,FAMILY,3.358,17M,10.0,Paid,14.99,Everyone,Role Playing,2018-08-01,1.0.4,2.3 and up
3.6,McDonald's,FOOD_AND_DRINK,145.646,42M,1000.0,Free,0.0,Everyone,Food & Drink,2018-07-31,5.15.0,4.4 and up
3.8,Taco Bell,LIFESTYLE,28.14,16M,100.0,Free,0.0,Everyone,Lifestyle,2018-07-30,5.0.4,4.2 and up
3.8,CHRONO TRIGGER (Upgrade Ver.),FAMILY,11.25,6.3M,10.0,Paid,9.99,Everyone 10+,Role Playing,2018-06-12,2.0.4,4.2 and up
4.6,RPG Dragon Lapis,FAMILY,13.492,56M,10.0,Free,0.0,Teen,Role Playing,2018-07-09,1.1.4g,4.1 and up
3.4,Wendy’s – Food and Offers,FOOD_AND_DRINK,6.512,18M,100.0,Free,0.0,Everyone,Food & Drink,2018-04-12,5.7.0,4.4 and up
4.2,Dunkin' Donuts,FOOD_AND_DRINK,68.27,66M,100.0,Free,0.0,Everyone,Food & Drink,2018-06-20,5.0.0,4.4 and up
3.8,SUBWAY®,FOOD_AND_DRINK,21.381,41M,100.0,Free,0.0,Everyone,Food & Drink,2018-07-24,7.9.0.0,4.4 and up
4.4,Monster Fishing 2018,SPORTS,32.881,76M,100.0,Free,0.0,Everyone,Sports,2018-08-07,0.0.80,4.1 and up
4.2,Panera Bread,FOOD_AND_DRINK,10.225,36M,100.0,Free,0.0,Everyone,Food & Drink,2018-08-06,4.4.2,5.0 and up
4.5,Starbucks,FOOD_AND_DRINK,455.496,35M,1000.0,Free,0.0,Everyone,Food & Drink,2018-08-01,4.11.1,4.4 and up
4.6,Dr. Driving 2,GAME,358.633,19M,1000.0,Free,0.0,Everyone,Racing,2018-05-03,1.32,4.0.3 and up
4.5,Anti-virus Dr.Web Light,TOOLS,1094.094,Varies with device,10000.0,Free,0.0,Everyone,Tools,2018-07-10,Varies with device,Varies with device
3.7,dr.fone - Recovery & Transfer wirelessly & Backup,TOOLS,23.347,7.6M,500.0,Free,0.0,Everyone,Tools,2018-05-28,3.2.0.169,2.3 and up
4.1,Dr. Truck Driver : Real Truck Simulator 3D,FAMILY,1.626,96M,10.0,Free,0.0,Everyone 10+,Simulation,2018-07-05,1.8,4.1 and up
4.0,Dr. Panda Town,FAMILY,36.578,Varies with device,100.0,Free,0.0,Everyone,Education;Pretend Play,2018-08-03,Varies with device,Varies with device
4.6,Dr. Parker : Real car parking simulation,GAME,15.829,95M,100.0,Free,0.0,Everyone,Racing,2018-07-24,1.29,4.0 and up
4.5,Dr. Battery - Fast Charger - Super Cleaner 2018,TOOLS,101.738,10M,100.0,Free,0.0,Everyone,Tools,2018-07-26,2.2.82,4.0 and up
4.4,"Dr. Safety - Antivirus, Booster, Cleaner, AppLock",TOOLS,372.553,21M,1000.0,Free,0.0,Everyone,Tools,2018-08-06,3.0.1114,4.1 and up
3.3,DR TV,VIDEO_PLAYERS,6.716,4.7M,50.0,Free,0.0,Mature 17+,Video Players & Editors,2018-06-25,3.0.6,4.4 and up
4.2,Real Car Dr Parking Master: Parking Games 2018,FAMILY,3.345,27M,100.0,Free,0.0,Everyone,Simulation,2018-05-12,1,4.1 and up
4.2,Doctor Kids,FAMILY,200.45,25M,1000.0,Free,0.0,Everyone,Casual;Pretend Play,2018-07-26,1.39,4.1 and up
4.5,Dr.Web Security Space,TOOLS,594.406,Varies with device,1000.0,Free,0.0,Everyone,Tools,2018-07-20,Varies with device,Varies with device
4.5,Dr. Cares - Amy's Pet Clinic 🐈 🐕,FAMILY,3.58,60M,10.0,Free,0.0,Everyone,Casual,2018-04-30,1.8,4.4 and up
3.8,Dr.Android Repair Master 2017,PRODUCTIVITY,1.205,4.3M,10.0,Free,0.0,Everyone,Productivity,2018-06-10,2,4.0 and up
4.4,Dr. Booster - Boost Game Speed,TOOLS,138.872,22M,1000.0,Free,0.0,Everyone,Tools,2018-05-15,2.0.1077,4.1 and up
4.4,Dr. Panda Ice Cream Truck Free,FAMILY,23.022,80M,100.0,Free,0.0,Everyone,Role Playing;Pretend Play,2018-08-02,2.16,4.1 and up
4.1,NDS Emulator - For Android 6,GAME,14.002,19M,100.0,Free,0.0,Everyone,Arcade,2018-07-26,pb1.0.0.1,4.0.3 and up
4.1,Free DS Emulator,GAME,22.896,19M,100.0,Free,0.0,Everyone,Arcade,2018-07-26,pb1.0.0.1,4.0.3 and up
4.1,DS file,PRODUCTIVITY,10.676,12M,100.0,Free,0.0,Everyone,Productivity,2018-05-23,4.11.0,4.1 and up
4.0,DS finder,TOOLS,2.596,32M,50.0,Free,0.0,Everyone,Tools,2018-07-19,2.0.1,5.0 and up
3.4,DS get,TOOLS,71.852,22M,500.0,Free,0.0,Everyone,Tools,2018-05-23,1.12.0,4.1 and up
3.2,DS cloud,TOOLS,4.908,38M,50.0,Free,0.0,Everyone,Tools,2018-05-23,2.8.0,4.0 and up
3.8,DS photo,VIDEO_PLAYERS,7.335,Varies with device,100.0,Free,0.0,Everyone,Video Players & Editors,2018-07-17,Varies with device,Varies with device
3.8,DS video,VIDEO_PLAYERS,12.443,Varies with device,100.0,Free,0.0,Everyone,Video Players & Editors,2018-08-06,Varies with device,Varies with device
3.9,DS note,PRODUCTIVITY,2.046,60M,10.0,Free,0.0,Everyone,Productivity,2018-06-11,1.10.1,4.4 and up
3.6,DS cam,PRODUCTIVITY,3.227,35M,50.0,Free,0.0,Everyone,Productivity,2018-07-26,3.0.1,4.1 and up
3.9,DS Barometer - Altimeter and Weather Information,WEATHER,2.962,4.2M,10.0,Free,0.0,Everyone,Weather,2018-07-09,3.67,2.3.3 and up
3.8,RetroArch,GAME,21.423,84M,100.0,Free,0.0,Everyone,Action,2018-05-04,1.7.3,2.3 and up
4.6,Draft Simulator for FUT 18,SPORTS,162.933,100M,500.0,Free,0.0,Everyone,Sports,2018-05-11,25.7,4.1 and up
4.6,Bloons TD 5,FAMILY,190.086,94M,100.0,Paid,2.99,Everyone,Strategy,2018-07-13,3.16,2.3.3 and up
4.4,Soccer Manager 2018,SPORTS,63.779,95M,100.0,Free,0.0,Everyone,Sports,2018-07-16,1.5.6,5.0 and up
4.5,Online Soccer Manager (OSM),SPORTS,1312.936,21M,1000.0,Free,0.0,Everyone,Sports,2018-07-31,3.4.06,4.4 and up
4.4,PES CLUB MANAGER,SPORTS,783.025,Varies with device,1000.0,Free,0.0,Everyone,Sports,2018-06-07,1.7.2,4.2 and up
4.7,Riptide GP: Renegade,GAME,4.328,Varies with device,10.0,Paid,2.99,Everyone 10+,Racing,2018-06-01,1.2.1,4.1 and up
4.6,Wheelie Challenge,GAME,137.338,51M,500.0,Free,0.0,Everyone,Racing,2018-07-13,1.44,4.1 and up
4.4,Top Soccer Manager,SPORTS,199.739,66M,1000.0,Free,0.0,Everyone,Sports,2018-08-06,1.18.8,4.0.3 and up
4.7,WhatsVPN - Unlimited Free VPN,TOOLS,24.985,7.8M,50.0,Free,0.0,Everyone,Tools,2018-07-27,2.2.927,4.1 and up
4.5,Cache Cleaner-DU Speed Booster (booster & cleaner),TOOLS,12759.815,15M,10000.0,Free,0.0,Everyone,Tools,2018-07-25,3.1.2,4.0 and up
3.5,du app,LIFESTYLE,7.578,25M,100.0,Free,0.0,Everyone,Lifestyle,2018-07-24,3.98,4.2 and up
4.5,DU Battery Saver - Battery Charger & Battery Life,TOOLS,13479.633,14M,10000.0,Free,0.0,Everyone,Tools,2018-06-05,4.8.7.8,4.0 and up
4.6,DU Antivirus Security - Applock & Privacy Guard,TOOLS,436.615,10M,1000.0,Free,0.0,Everyone,Tools,2018-06-05,3.3.1,4.0.3 and up
4.5,DU Cleaner – Memory cleaner & clean phone cache,TOOLS,465.831,8.9M,1000.0,Free,0.0,Everyone,Tools,2018-07-23,1.5.9.9,4.0 and up
4.6,Caller ID & Call Block - DU Caller,COMMUNICATION,93.93,14M,500.0,Free,0.0,Everyone,Communication,2018-08-01,4.0.8,4.2 and up
4.5,Lock Screen - DU Locker & Lock screen wallpaper,TOOLS,5.174,4.7M,10.0,Free,0.0,Everyone,Tools,2018-04-26,2.0.0,4.0 and up
4.7,Weather Forecast Pro,WEATHER,14.051,8.7M,10.0,Paid,3.99,Everyone,Weather,2018-08-04,8.5,4.0 and up
4.5,Sword of Chaos - Lame du Chaos,GAME,23.599,96M,10.0,Free,0.0,Teen,Action,2018-06-01,11.0.2,4.0 and up
4.7,Clean My Android,PRODUCTIVITY,101.163,6.2M,500.0,Free,0.0,Everyone,Productivity,2018-07-31,1.4.5.2,4.1 and up
4.3,Star Chart,FAMILY,128.808,Varies with device,1000.0,Free,0.0,Everyone,Education;Education,2018-08-02,Varies with device,Varies with device
4.6,APUS Booster - Space Cleaner & Booster,PRODUCTIVITY,1048.766,13M,1000.0,Free,0.0,Everyone,Productivity,2018-08-03,2.6.28,4.0.3 and up
4.7,"GO Security－AntiVirus, AppLock, Booster",TOOLS,1251.479,Varies with device,1000.0,Free,0.0,Everyone,Tools,2018-07-24,Varies with device,Varies with device
3.6,iSmart DV,VIDEO_PLAYERS,5.692,31M,100.0,Free,0.0,Everyone,Video Players & Editors,2018-07-27,R1.4.14.B1.4,4.1 and up
3.1,XDV,PHOTOGRAPHY,6.827,8.7M,100.0,Free,0.0,Everyone,Photography,2018-04-20,1.9.5,2.3 and up
3.6,GoAction,VIDEO_PLAYERS,1.522,65M,10.0,Free,0.0,Everyone,Video Players & Editors,2018-07-17,V1.5.3,4.4 and up
2.5,SportLook,PHOTOGRAPHY,1.283,8.2M,10.0,Free,0.0,Everyone,Photography,2018-06-21,1.2.7,4.1 and up
4.4,DW - Breaking World News,NEWS_AND_MAGAZINES,17.671,17M,100.0,Free,0.0,Everyone 10+,News & Magazines,2018-08-06,2.3.10,4.2 and up
4.3,DW Contacts & Phone & Dialer,COMMUNICATION,21.186,10M,100.0,Free,0.0,Everyone,Communication,2018-08-04,Varies with device,Varies with device
4.8,German Listening,FAMILY,18.298,8.0M,50.0,Free,0.0,Everyone,Education,2018-07-23,2.94,2.3.3 and up
4.4,Hausa Radio,NEWS_AND_MAGAZINES,3.375,4.2M,10.0,Free,0.0,Everyone,News & Magazines,2018-07-31,4.1,4.1 and up
4.2,PORTABLE SOCCER DX Lite,SPORTS,15.068,2.5M,100.0,Free,0.0,Everyone,Sports,2018-06-19,3.4,2.3 and up
4.3,Ouedkniss,SHOPPING,10.355,847k,100.0,Free,0.0,Teen,Shopping,2018-06-19,1.5.1,4.0 and up
4.2,My Ooredoo Algeria,TOOLS,3.606,17M,10.0,Free,0.0,Everyone,Tools,2018-06-24,1.22.1,4.4 and up
4.4,NBA LIVE Mobile Basketball,SPORTS,1690.802,58M,5000.0,Free,0.0,Everyone,Sports,2018-05-21,2.3.1,4.0 and up
4.4,Need for Speed™ No Limits,GAME,3344.3,22M,5000.0,Free,0.0,Everyone 10+,Racing,2018-07-24,2.12.1,4.1 and up
4.5,Real Racing 3,FAMILY,354.454,71M,1000.0,Free,0.0,Everyone,Racing;Action & Adventure,2018-07-02,6.4.0,4.1 and up
4.5,Madden NFL Football,FAMILY,1455.952,Varies with device,1000.0,Free,0.0,Everyone,Sports;Action & Adventure,2018-05-15,4.3.6,4.0 and up
4.3,The Simpsons™: Tapped Out,FAMILY,636.995,49M,1000.0,Free,0.0,Teen,Casual,2018-07-31,4.34.0,4.0.3 and up
4.4,Plants vs. Zombies™ 2,FAMILY,567.632,15M,1000.0,Free,0.0,Everyone 10+,Casual,2018-06-12,6.8.1,4.1 and up
4.5,Star Wars™: Galaxy of Heroes,FAMILY,1461.698,67M,1000.0,Free,0.0,Everyone 10+,Role Playing,2018-05-21,0.12.334385,4.1 and up
4.0,Dungeon Keeper,FAMILY,69.574,45M,50.0,Free,0.0,Everyone 10+,Strategy,2018-05-24,1.8.91,4.1 and up
4.0,TETRIS,FAMILY,199.808,57M,1000.0,Free,0.0,Everyone,Puzzle,2018-06-14,3.0.10,3.0 and up
4.4,Bejeweled Classic,FAMILY,203.101,Varies with device,500.0,Free,0.0,Everyone,Casual,2018-05-31,Varies with device,4.1 and up
4.4,TETRIS Blitz,FAMILY,201.631,96M,500.0,Free,0.0,Everyone,Puzzle,2018-06-01,4.4.4,4.1 and up
4.2,Bejeweled Blitz,FAMILY,222.664,98M,1000.0,Free,0.0,Everyone,Puzzle,2018-08-01,2.6.0.125,4.0.3 and up
4.2,Heroes of Dragon Age,GAME,70.389,28M,100.0,Free,0.0,Teen,Action,2018-05-09,5.3.1,2.3.3 and up
3.9,SCRABBLE,GAME,172.281,50M,500.0,Free,0.0,Everyone,Word,2018-08-01,5.27.0.729,4.1 and up
4.5,Asphalt Xtreme: Rally Racing,GAME,567.984,39M,1000.0,Free,0.0,Everyone,Racing,2018-07-16,1.7.3b,4.0.3 and up
4.4,League of Stickman 2018- Ninja Arena PVP(Dreamsky),GAME,32.496,99M,100.0,Paid,0.99,Teen,Action,2018-07-03,5.3.3,2.3 and up
4.3,Modern Combat 5: eSports FPS,GAME,2903.386,58M,10000.0,Free,0.0,Mature 17+,Action,2018-07-24,3.2.1c,4.0 and up
4.5,Bejeweled Stars: Free Match 3,FAMILY,85.484,Varies with device,100.0,Free,0.0,Everyone,Puzzle;Brain Games,2018-08-02,2.17.1,4.1 and up
4.4,Stickman Legends: Shadow Wars,GAME,38.419,100M,100.0,Paid,0.99,Everyone 10+,Action,2018-08-03,2.3.24,4.1 and up
4.2,MLB Perfect Inning 2018,SPORTS,42.767,72M,100.0,Free,0.0,Everyone,Sports,2018-07-26,2.0.5,4.3 and up
4.4,Gear.Club - True Racing,GAME,140.658,37M,100.0,Free,0.0,Everyone,Racing,2018-08-01,1.21.2,4.3 and up
4.1,Real Football,SPORTS,585.564,33M,1000.0,Free,0.0,Everyone,Sports,2018-06-01,1.5.0,4.0.3 and up
4.6,eBay Kleinanzeigen for Germany,SHOPPING,318.142,Varies with device,1000.0,Free,0.0,Teen,Shopping,2018-08-03,Varies with device,Varies with device
4.2,বাংলাflix,FAMILY,1.111,7.3M,10.0,Free,0.0,Everyone,Entertainment,2018-06-05,3.6.1,4.1 and up
4.2,TN Patta Chitta EC Info,TOOLS,1.611,2.7M,10.0,Free,0.0,Everyone,Tools,2018-08-06,5,4.4 and up
3.3,My EF,FAMILY,4.114,14M,10.0,Free,0.0,Everyone,Education,2018-07-10,3.29,4.2 and up
3.6,EF English Live for phone,FAMILY,2.21,15M,10.0,Free,0.0,Everyone,Education,2018-07-24,3.1.0,5.0 and up
4.6,English Conversation Courses,FAMILY,22.165,6.8M,100.0,Free,0.0,Everyone,Education,2018-06-28,4.1806.3,4.0 and up
3.4,Alipay,FINANCE,42.497,61M,100.0,Free,0.0,Teen,Finance,2018-07-02,10.1.28.560,4.3 and up
4.4,MY LITTLE PONY: Magic Princess,FAMILY,1309.728,Varies with device,5000.0,Free,0.0,Everyone,Casual,2018-07-11,Varies with device,Varies with device
4.2,LA Stories 4 New Order Sandbox 2018,GAME,17.453,99M,100.0,Free,0.0,Mature 17+,Racing,2018-06-01,1.06,2.3 and up
4.2,Propertyfinder,LIFESTYLE,1.506,11M,10.0,Free,0.0,Everyone,Lifestyle,2018-08-07,6.5.2,4.4 and up
4.5,Miraculous Ladybug & Cat Noir - The Official Game,GAME,185.382,99M,1000.0,Free,0.0,Everyone,Action,2018-07-30,1.0.6,4.4 and up
4.0,Home Pony 2,FAMILY,20.977,26M,100.0,Free,0.0,Everyone,Simulation,2018-06-18,1.4.5,4.0 and up
4.2,Soldiers of Glory: Modern War,FAMILY,64.815,23M,500.0,Free,0.0,Teen,Strategy,2018-06-01,1.7.5,2.3 and up
3.9,Masterchef Cooking Games: Fun Restaurant & Kitchen,FAMILY,1.036,33M,10.0,Free,0.0,Everyone,Casual,2018-07-06,2.6,2.3 and up
4.5,Guess The Emoji,GAME,76.627,23M,500.0,Free,0.0,Everyone,Word,2018-07-03,8.16g,4.2 and up
4.4,Grand Bat Superhero Flying Assault Rescue Mission,GAME,1.094,37M,50.0,Free,0.0,Teen,Action,2018-07-09,1.1,4.1 and up
4.2,Zombie Frontier,GAME,326.689,20M,1000.0,Free,0.0,Teen,Action,2018-05-30,1.31,4.2 and up
4.2,eHub,BUSINESS,6.969,4.8M,10.0,Free,0.0,Everyone,Business,2018-06-29,3.9.11,4.4 and up
4.1,Voice Changer,FAMILY,138.05,5.7M,1000.0,Free,0.0,Everyone,Entertainment;Music & Video,2018-04-19,2.4,4.0.3 and up
4.1,100 Doors of Revenge,FAMILY,105.766,48M,1000.0,Free,0.0,Teen,Puzzle,2018-05-24,2.2.2,4.4 and up
3.8,EI Mobile,FINANCE,4.231,82M,10.0,Free,0.0,Everyone,Finance,2018-07-19,4.3.0,4.2 and up
3.0,TAMAGO,FAMILY,42.515,1.6M,500.0,Free,0.0,Everyone,Casual,2018-05-23,1.0.3,2.3.3 and up
4.3,Ei Samay - Bengali News Paper,NEWS_AND_MAGAZINES,20.62,Varies with device,100.0,Free,0.0,Everyone,News & Magazines,2018-07-17,Varies with device,Varies with device
4.5,Disaster Will Strike,FAMILY,14.692,45M,100.0,Free,0.0,Everyone,Puzzle,2018-07-19,1.173.126,4.1 and up
4.0,Survival: Prison Escape,GAME,127.81,33M,1000.0,Free,0.0,Mature 17+,Action,2018-08-01,1.8.8,4.4 and up
3.7,Esporte Interativo Plus,SPORTS,27.179,20M,100.0,Free,0.0,Everyone,Sports,2018-07-30,5.12.1,4.1 and up
3.9,Surprise Eggs,FAMILY,81.543,Varies with device,1000.0,Free,0.0,Everyone,Casual;Pretend Play,2018-07-19,Varies with device,Varies with device
4.4,PJ Masks: Moonlight Heroes,FAMILY,87.045,99M,1000.0,Free,0.0,Everyone,Casual;Action & Adventure,2018-06-05,2.0.1,4.0.3 and up
4.1,PJ Masks: HQ,FAMILY,13.731,55M,100.0,Free,0.0,Everyone,Entertainment;Action & Adventure,2018-06-22,1.2.1,4.0 and up
4.4,Bad Piggies HD,FAMILY,764.967,69M,1000.0,Free,0.0,Everyone,Puzzle,2018-07-05,2.3.4,4.1 and up
4.3,Footej Camera,PHOTOGRAPHY,13.258,Varies with device,100.0,Free,0.0,Everyone,Photography,2018-06-20,2.3.0 build 180,5.0 and up
4.0,Sport Car Simulator,FAMILY,48.731,68M,500.0,Free,0.0,Everyone,Simulation,2018-04-19,4.0.5,4.1 and up
4.2,Booking Revolution,SPORTS,140.883,59M,500.0,Free,0.0,Teen,Sports,2018-07-21,1.932,4.0 and up
3.6,Lily & Leo - Crazy Circus Day,FAMILY,8.091,43M,100.0,Free,0.0,Everyone,Casual;Pretend Play,2018-06-05,1.0.8,4.1 and up
4.8,TeamWard – live help for LoL,FAMILY,3.136,2.7M,10.0,Free,0.0,Everyone,Entertainment,2018-06-27,2.19.6,4.0.3 and up
4.3,OffRoad US Army Train Driving Simulator,FAMILY,1.216,59M,50.0,Free,0.0,Everyone 10+,Simulation,2018-06-11,1.3,4.1 and up
4.0,Do Not Disturb! 2 - Challenge Your Prank Skills!,FAMILY,34.417,48M,100.0,Free,0.0,Everyone,Educational,2018-08-06,1.0.9,4.1 and up
4.2,WiFi Tether Router,COMMUNICATION,5.599,1.3M,10.0,Paid,2.9,Everyone,Communication,2018-07-02,6.2.7,1.6 and up
4.4,Local weather Forecast,WEATHER,5.482,12M,100.0,Free,0.0,Everyone,Weather,2018-08-07,2.42,4.0.3 and up
4.3,Smoke Effect Name Art Maker-Avatar Text Art Editor,PERSONALIZATION,1.961,6.6M,10.0,Free,0.0,Everyone,Personalization,2018-06-29,1,4.1 and up
4.4,The Emirates App,TRAVEL_AND_LOCAL,22.776,55M,100.0,Free,0.0,Everyone,Travel & Local,2018-08-06,4.7.1,5.0 and up
4.3,Racing Moto,GAME,697.805,7.4M,5000.0,Free,0.0,Everyone,Racing,2018-07-03,1.2.13,3.0 and up
4.1,Airplane Pilot Car Transporter,FAMILY,182.363,62M,1000.0,Free,0.0,Everyone,Simulation,2018-07-27,2.1.8,4.1 and up
4.1,SIM Card Info,TOOLS,4.234,1.9M,100.0,Free,0.0,Everyone,Tools,2018-05-25,5.3.9,4.0 and up
4.6,Exiled Kingdoms RPG,FAMILY,49.21,99M,100.0,Free,0.0,Everyone 10+,Role Playing,2018-07-05,1.2.1107,4.1 and up
3.1,EL AL Flights,TRAVEL_AND_LOCAL,1.563,36M,10.0,Free,0.0,Everyone,Travel & Local,2018-05-24,4.3,4.2 and up
4.1,El Nuevo Día,NEWS_AND_MAGAZINES,8.011,13M,50.0,Free,0.0,Everyone 10+,News & Magazines,2018-06-13,4.11.2,4.1 and up
3.4,EL NORTE,NEWS_AND_MAGAZINES,2.436,Varies with device,10.0,Free,0.0,Everyone,News & Magazines,2018-06-26,Varies with device,Varies with device
4.3,Tigo Money El Salvador,FINANCE,4.642,3.5M,10.0,Free,0.0,Everyone,Finance,2018-07-23,5.0.0,4.2 and up
4.5,Adivina el cantante de Trap y Reggaeton,GAME,1.914,24M,10.0,Free,0.0,Everyone,Trivia,2018-06-29,3.6.7z,4.0.3 and up
4.8,Fernanfloo,GAME,526.595,49M,1000.0,Free,0.0,Everyone 10+,Arcade,2018-06-26,2.9,4.0.3 and up
4.4,Weather 14 Days,WEATHER,279.917,Varies with device,1000.0,Free,0.0,Everyone,Weather,2018-07-18,Varies with device,Varies with device
4.6,Real Madrid App,SPORTS,161.423,73M,500.0,Free,0.0,Everyone,Sports,2018-08-01,6.5.3,5.0 and up
4.2,Weather by eltiempo.es,WEATHER,67.854,Varies with device,500.0,Free,0.0,Everyone,Weather,2018-08-02,Varies with device,Varies with device
4.4,The Game of Life,GAME,18.652,63M,10.0,Paid,2.99,Everyone,Board,2018-07-04,2.1.2,4.4 and up
4.2,Spanish English Translator,BOOKS_AND_REFERENCE,87.919,Varies with device,1000.0,Free,0.0,Teen,Books & Reference,2018-05-28,Varies with device,Varies with device
4.7,The Holy Rosary,LIFESTYLE,56.197,15M,100.0,Free,0.0,Everyone,Lifestyle,2018-08-06,1.6.17,1.6 and up
4.5,Western Union US - Send Money Transfers Quickly,FINANCE,80.904,16M,500.0,Free,0.0,Everyone,Finance,2018-07-05,5.7,4.1 and up
4.2,"Maps, GPS Navigation & Directions, Street View",MAPS_AND_NAVIGATION,207.44,6.4M,1000.0,Free,0.0,Everyone,Maps & Navigation,2018-07-23,7.0.3,4.0 and up
4.5,Human Anatomy Atlas 2018: Complete 3D Human Body,MEDICAL,2.923,25M,10.0,Paid,24.99,Everyone,Medical,2018-05-25,2018.5.47,5.0 and up
4.7,Narcos: Cartel Wars,FAMILY,244.797,52M,500.0,Free,0.0,Teen,Strategy,2018-07-30,1.24.09,4.0.3 and up
4.6,Live Hold’em Pro Poker - Free Casino Games,GAME,1123.19,Varies with device,1000.0,Free,0.0,Teen,Card,2018-08-07,Varies with device,Varies with device
4.5,Connect'Em,FAMILY,49.381,6.8M,100.0,Free,0.0,Everyone,Puzzle,2018-06-25,1.0.17,2.0 and up
4.6,HAWK – Force of an Arcade Shooter. Shoot 'em up,GAME,190.274,46M,500.0,Free,0.0,Everyone,Arcade,2018-07-09,Varies with device,4.1 and up
4.3,Poker Live! 3D Texas Hold'em,GAME,6.143,37M,10.0,Free,0.0,Teen,Casino,2018-07-25,Varies with device,4.0.3 and up
4.3,"CBS Sports App - Scores, News, Stats & Watch Live",SPORTS,91.035,Varies with device,500.0,Free,0.0,Everyone,Sports,2018-08-04,Varies with device,5.0 and up
4.4,Elevator Simulator Lift EM ALL,FAMILY,2.941,28M,10.0,Free,0.0,Teen,Simulation,2018-07-31,2.4.1343-prod,4.0.3 and up
4.5,Dragonplay™ Poker Texas Holdem,GAME,197.979,Varies with device,100.0,Free,0.0,Teen,Card,2018-08-07,Varies with device,Varies with device
4.1,Punch em,GAME,2.208,4.4M,50.0,Free,0.0,Everyone,Arcade,2018-05-24,2.0.8,4.1 and up
4.4,Zynga Poker – Texas Holdem,GAME,1986.068,52M,5000.0,Free,0.0,Teen,Casino,2018-07-25,21.54,4.1 and up
4.3,Boyaa Poker (En) – Social Texas Hold’em,GAME,71.468,51M,100.0,Free,0.0,Teen,Card,2018-06-12,5.8.0,4.1 and up
4.5,World Series of Poker – WSOP Free Texas Holdem,GAME,910.051,76M,1000.0,Free,0.0,Teen,Card,2018-08-02,5.11.0,4.1 and up
4.2,Yahoo Fantasy Sports - #1 Rated Fantasy App,SPORTS,277.939,Varies with device,500.0,Free,0.0,Mature 17+,Sports,2018-08-02,Varies with device,Varies with device
4.3,Rage Fight of Streets - Beat Em Up Game,GAME,1.489,67M,10.0,Free,0.0,Teen,Action,2018-05-13,Varies with device,4.1 and up
4.1,HANGAME Casino - Baccarat & Texas Hold'em,GAME,8.608,46M,50.0,Free,0.0,Teen,Casino,2018-05-17,1.4.5,4.1 and up
4.6,PokerStars Play: Free Texas Holdem Poker Game,GAME,14.989,78M,50.0,Free,0.0,Teen,Card,2018-07-06,1.9.2,4.0.3 and up
4.4,Instabridge - Free WiFi Passwords and Hotspots,TOOLS,211.308,Varies with device,1000.0,Free,0.0,Everyone,Tools,2018-08-02,Varies with device,4.1 and up
4.4,Big Fish Casino – Play Slots & Vegas Games,GAME,382.1,Varies with device,1000.0,Free,0.0,Teen,Casino,2018-07-11,Varies with device,Varies with device
4.6,TRANSFORMERS: Forged to Fight,GAME,291.941,90M,1000.0,Free,0.0,Everyone 10+,Action,2018-07-27,6.3.2,4.0.3 and up
4.3,Texas Holdem & Omaha Poker: Pokerist,GAME,187.2,28M,1000.0,Free,0.0,Teen,Card,2018-07-31,18.4.0,4.1 and up
4.5,Telemundo Deportes - En Vivo,SPORTS,36.255,25M,100.0,Free,0.0,Everyone,Sports,2018-08-01,5.10.5,4.1 and up
4.0,Holy Knight EN,FAMILY,26.202,41M,100.0,Free,0.0,Teen,Role Playing,2018-05-05,1.1.700,2.3 and up
4.6,Hello English: Learn English,FAMILY,750.321,Varies with device,1000.0,Free,0.0,Everyone,Education,2018-08-07,Varies with device,Varies with device
4.5,Dictionary - Merriam-Webster,BOOKS_AND_REFERENCE,454.412,Varies with device,1000.0,Free,0.0,Everyone,Books & Reference,2018-05-18,Varies with device,Varies with device
4.3,Words With Friends – Play Free,GAME,711.719,Varies with device,1000.0,Free,0.0,Everyone,Word,2018-07-11,Varies with device,Varies with device
4.3,FRANCE 24,NEWS_AND_MAGAZINES,47.069,Varies with device,500.0,Free,0.0,Everyone 10+,News & Magazines,2018-06-25,Varies with device,Varies with device
4.9,JW Library,BOOKS_AND_REFERENCE,922.752,Varies with device,1000.0,Free,0.0,Everyone,Books & Reference,2018-06-15,Varies with device,Varies with device
4.5,ai.type keyboard Plus + Emoji,TOOLS,57.076,35M,10.0,Paid,4.49,Everyone,Tools,2018-07-24,Paid-9.4.1.3,4.1 and up
4.1,Edmodo,FAMILY,200.214,18M,1000.0,Free,0.0,Everyone,Education,2018-08-06,9.12.6,4.0.3 and up
4.5,Learn English Daily,FAMILY,7.881,53M,50.0,Free,0.0,Everyone,Education,2018-05-06,7,4.0 and up
4.2,Orfox: Tor Browser for Android,COMMUNICATION,44.233,31M,1000.0,Free,0.0,Everyone,Communication,2018-07-02,Fennec-52.9.0esr/TorBrowser-7.5-1/Orfox-1.5.4-RC-1,4.0.3 and up
4.4,"NewsDog - Latest News, Breaking News, Local News",NEWS_AND_MAGAZINES,291.901,4.3M,1000.0,Free,0.0,Mature 17+,News & Magazines,2018-07-20,2.6.0,4.1 and up
4.3,"busuu: Learn Languages - Spanish, English & More",FAMILY,207.294,21M,1000.0,Free,0.0,Everyone 10+,Education,2018-08-01,13.9.0.161,5.0 and up
4.4,Classic Words Solo,GAME,135.739,Varies with device,500.0,Free,0.0,Everyone,Word,2018-08-07,Varies with device,Varies with device
4.4,"Ginger Keyboard - Emoji, GIFs, Themes & Games",PRODUCTIVITY,162.831,43M,500.0,Free,0.0,Everyone,Productivity,2018-08-01,8.1.01,4.1 and up
4.2,"Univision Deportes: Liga MX, MLS, Fútbol En Vivo",SPORTS,75.566,Varies with device,500.0,Free,0.0,Everyone,Sports,2018-07-23,Varies with device,Varies with device
4.5,Chess Free,GAME,1375.988,15M,5000.0,Free,0.0,Everyone,Board,2018-06-07,2.72,4.1 and up
4.1,Oxford Dictionary of English : Free,BOOKS_AND_REFERENCE,364.452,7.1M,1000.0,Free,0.0,Everyone,Books & Reference,2018-07-11,9.1.363,4.1 and up
4.4,English Hindi Dictionary,BOOKS_AND_REFERENCE,384.368,Varies with device,1000.0,Free,0.0,Everyone,Books & Reference,2018-08-04,Varies with device,Varies with device
4.4,Masha and the Bear,FAMILY,15.105,36M,100.0,Free,0.0,Everyone,Education,2018-06-11,3.1.8,4.3 and up
4.3,Free games: Masha and the Bear,FAMILY,34.514,60M,500.0,Free,0.0,Everyone,Puzzle;Brain Games,2018-07-20,1.2.8,4.1 and up
4.1,Masha and the Bear Child Games,FAMILY,288.606,92M,1000.0,Free,0.0,Everyone,Adventure;Education,2018-05-08,2.7.4,4.0 and up
4.3,Masha and Bear: Cooking Dash,FAMILY,151.374,54M,1000.0,Free,0.0,Everyone,Role Playing;Brain Games,2018-06-05,1.2.7,4.1 and up
4.5,Masha and the Bear: Evolution,FAMILY,2.062,42M,50.0,Free,0.0,Everyone,Strategy;Education,2018-06-14,1.0.9,4.0 and up
4.6,Masha and the Bear. Games for kids,FAMILY,6.231,31M,100.0,Free,0.0,Everyone,Educational;Pretend Play,2018-07-13,2.6,4.0.3 and up
4.6,Masha and The Bear Jam Day Match 3 games for kids,FAMILY,50.06,98M,100.0,Free,0.0,Everyone,Puzzle;Brain Games,2018-08-07,1.4.83,4.1 and up
4.7,Where's My Water?,FAMILY,188.74,69M,100.0,Paid,1.99,Everyone,Puzzle;Brain Games,2018-07-05,1.16.0,4.2 and up
4.3,Frozen Free Fall,FAMILY,1574.546,37M,5000.0,Free,0.0,Everyone,Puzzle;Action & Adventure,2018-07-27,6.7.0,4.2 and up
4.5,Masha and the Bear: House Cleaning Games for Girls,FAMILY,43.852,77M,1000.0,Free,0.0,Everyone,Role Playing;Pretend Play,2018-07-19,1.9.10,4.1 and up
4.3,Masha and The Bear Puzzle Game,FAMILY,13.33,73M,100.0,Free,0.0,Everyone,Puzzle;Brain Games,2018-05-24,2,4.1 and up
4.5,Masha and the Bear. Educational Games,FAMILY,46.369,33M,1000.0,Free,0.0,Everyone,Educational;Brain Games,2018-07-13,2.3,4.0.3 and up
3.5,Bluetooth Pair,TOOLS,1.96,2.7M,100.0,Free,0.0,Everyone,Tools,2018-08-04,2.5,4.1 and up
4.6,Masha and the Bear: Good Night!,FAMILY,29.155,83M,100.0,Free,0.0,Everyone,Educational;Pretend Play,2018-07-26,1.0.4,4.1 and up
4.5,Masha and the Bear: Climb Racing and Car Games,FAMILY,2.2,73M,100.0,Free,0.0,Everyone,Racing;Pretend Play,2018-07-23,1.1.0,4.1 and up
4.3,Episode - Choose Your Story,FAMILY,1842.381,Varies with device,5000.0,Free,0.0,Teen,Simulation,2018-07-31,Varies with device,Varies with device
4.1,What's Your Story?™ ft Charmed,FAMILY,39.661,47M,100.0,Free,0.0,Teen,Role Playing,2018-08-02,1.10.4,5.0 and up
4.3,Operate Now: Hospital,FAMILY,254.861,52M,1000.0,Free,0.0,Teen,Simulation,2018-08-01,1.20.3,4.4 and up
3.6,ER Surgery Simulator,FAMILY,19.601,56M,100.0,Free,0.0,Everyone 10+,Casual,2018-06-06,1.0.4,4.1 and up
3.5,Dentist Surgery ER Emergency Doctor Hospital Games,FAMILY,2.58,53M,10.0,Free,0.0,Everyone,Simulation,2018-07-06,10,4.1 and up
3.9,Eye Transplant : ER Emergency Hospital,FAMILY,1.938,62M,100.0,Free,0.0,Teen,Educational,2018-05-25,1.6,4.1 and up
3.8,Hospital ER Emergency Heart Surgery: Doctor Games,FAMILY,1.652,71M,10.0,Free,0.0,Everyone,Simulation,2018-07-11,10,4.1 and up
3.6,Doctor X - ER On Wheels,FAMILY,12.781,51M,100.0,Free,0.0,Everyone,Casual;Pretend Play,2018-06-06,1.0.9,4.1 and up
3.7,Plastic Surgery Surgeon Simulator Er Doctor Games,FAMILY,3.482,37M,50.0,Free,0.0,Everyone,Casual,2018-08-07,1.6,4.4 and up
4.2,ER Injection Simulator: Blood Test Doctor Hospital,FAMILY,3.263,47M,100.0,Free,0.0,Everyone 10+,Role Playing,2018-05-29,2.6.4,4.1 and up
3.9,Heart Surgery Doctor - ER Emergency Game,FAMILY,2.51,48M,50.0,Free,0.0,Everyone 10+,Educational,2018-07-19,2.1,4.1 and up
4.0,Virtual Mom Surgery Doctor : ER Emergency Hospital,FAMILY,1.13,77M,10.0,Free,0.0,Teen,Educational,2018-05-15,1.4,4.0 and up
3.1,ER Doctor Kids Emergency Room,FAMILY,4.798,30M,50.0,Free,0.0,Teen,Casual,2018-06-13,1.9,4.0.3 and up
3.9,ER Doctor City Emergency - Surgery City Doc FREE,FAMILY,1.909,84M,10.0,Free,0.0,Teen,Educational,2018-06-13,2.1,4.0.3 and up
4.1,The NBC App - Watch Live TV and Full Episodes,FAMILY,58.104,17M,500.0,Free,0.0,Teen,Entertainment,2018-07-05,4.18.1,4.1 and up
4.4,Scanner Radio - Fire and Police Scanner,FAMILY,175.509,Varies with device,1000.0,Free,0.0,Everyone,Entertainment,2018-08-07,Varies with device,Varies with device
4.3,Voxer Walkie Talkie Messenger,COMMUNICATION,230.564,Varies with device,1000.0,Free,0.0,Everyone,Communication,2018-07-31,Varies with device,Varies with device
4.7,ES File Explorer/Manager PRO,PRODUCTIVITY,81.614,6.6M,50.0,Paid,2.99,Everyone,Productivity,2018-07-11,Pro 1.1.4.1,4.0 and up
4.4,RAR,TOOLS,669.901,Varies with device,5000.0,Free,0.0,Everyone,Tools,2018-08-07,Varies with device,Varies with device
4.7,Advanced calculator fx 991 es plus & 991 ms plus,FAMILY,7.252,9.2M,50.0,Free,0.0,Everyone,Education,2018-08-02,3.3.1-build-02-08-2018-19-release,4.0 and up
4.8,File Manager by Xiaomi: release file storage space,TOOLS,337.532,15M,1000.0,Free,0.0,Everyone,Tools,2018-07-11,V1-180703,4.4 and up
4.6,Castle Clash: Epic Empire ES,FAMILY,584.07,24M,500.0,Free,0.0,Everyone 10+,Strategy,2018-07-18,1.4.1,4.1 and up
4.6,School scientific calculator fx 500 es plus 500 ms,FAMILY,1.553,9.2M,10.0,Free,0.0,Everyone,Education,2018-08-02,3.3.1-build-02-08-2018-19-release,4.0 and up
4.5,Esto Es Guerra TVN,FAMILY,1.303,13M,10.0,Free,0.0,Everyone,Entertainment,2018-07-24,1.7.2,4.1 and up
4.3,Economic Times : Market News,NEWS_AND_MAGAZINES,93.708,Varies with device,500.0,Free,0.0,Everyone,News & Magazines,2018-07-09,Varies with device,Varies with device
4.2,ET Markets : NSE & BSE India,FINANCE,24.98,9.2M,100.0,Free,0.0,Everyone,Finance,2018-07-16,2.1.3,4.1 and up
3.9,HBO NOW: Stream TV & Movies,FAMILY,61.23,Varies with device,1000.0,Free,0.0,Teen,Entertainment,2018-07-19,Varies with device,Varies with device
4.5,MAPS.ME – Offline Map and Travel Navigation,TRAVEL_AND_LOCAL,932.87,Varies with device,5000.0,Free,0.0,Everyone,Travel & Local,2018-07-27,8.3.3-Google,4.0.3 and up
3.7,Google Arts & Culture,FAMILY,24.137,Varies with device,500.0,Free,0.0,Everyone,Education,2018-06-25,Varies with device,Varies with device
4.4,"Moneycontrol – Stocks, Sensex, Mutual Funds, IPO",FINANCE,281.635,Varies with device,500.0,Free,0.0,Everyone,Finance,2018-08-06,Varies with device,Varies with device
4.2,CNBC: Breaking Business News & Live Market Data,FINANCE,24.666,Varies with device,100.0,Free,0.0,Everyone,Finance,2018-07-13,Varies with device,Varies with device
4.3,Google Earth,TRAVEL_AND_LOCAL,2339.098,Varies with device,10000.0,Free,0.0,Everyone,Travel & Local,2018-06-18,9.2.17.13,4.1 and up
4.6,"Groupon - Shop Deals, Discounts & Coupons",SHOPPING,1371.082,Varies with device,5000.0,Free,0.0,Teen,Shopping,2018-08-03,Varies with device,Varies with device
4.5,"Photo Lab Picture Editor: face effects, art frames",PHOTOGRAPHY,1536.512,Varies with device,5000.0,Free,0.0,Everyone,Photography,2018-07-17,Varies with device,Varies with device
3.9,Google News,NEWS_AND_MAGAZINES,878.065,13M,100000.0,Free,0.0,Teen,News & Magazines,2018-08-01,5.2.0,4.4 and up
4.3,Empires and Allies,FAMILY,398.746,Varies with device,1000.0,Free,0.0,Everyone 10+,Strategy,2018-08-06,Varies with device,4.1 and up
4.4,Beauty and the Beast,FAMILY,70.883,31M,100.0,Free,0.0,Everyone,Puzzle;Creativity,2018-08-07,1.7.6,4.2 and up
4.0,Hornet - Gay Social Network,SOCIAL,163.679,Varies with device,500.0,Free,0.0,Mature 17+,Social,2018-08-01,Varies with device,Varies with device
4.3,iTranslate Translator & Dictionary,PRODUCTIVITY,201.718,35M,1000.0,Free,0.0,Everyone,Productivity,2018-07-11,4.6.15,4.1 and up
4.2,MomentCam Cartoons & Stickers,PHOTOGRAPHY,1260.143,Varies with device,5000.0,Free,0.0,Everyone,Photography,2018-07-12,Varies with device,Varies with device
4.2,News by The Times of India Newspaper - Latest News,NEWS_AND_MAGAZINES,522.205,Varies with device,1000.0,Free,0.0,Everyone,News & Magazines,2018-08-07,Varies with device,Varies with device
4.8,Amino: Communities and Chats,SOCIAL,1264.084,62M,1000.0,Free,0.0,Teen,Social,2018-08-07,1.8.19179,4.0.3 and up
4.6,Nike Training Club - Workouts & Fitness Plans,HEALTH_AND_FITNESS,251.618,93M,1000.0,Free,0.0,Everyone,Health & Fitness,2018-07-18,5.14.0,5.0 and up
4.5,Pocket Mortys,FAMILY,174.215,93M,1000.0,Free,0.0,Everyone,Simulation,2018-08-03,2.5.2,4.1 and up
4.1,Epson iPrint,TOOLS,108.169,Varies with device,1000.0,Free,0.0,Everyone,Tools,2018-06-25,Varies with device,Varies with device
4.7,Offline Maps & Navigation,TRAVEL_AND_LOCAL,193.364,33M,500.0,Free,0.0,Everyone,Travel & Local,2018-06-07,17.4.1,4.0.3 and up
4.2,Voice changer with effects,FAMILY,1260.903,8.7M,5000.0,Free,0.0,Everyone,Entertainment,2018-08-02,3.4.8,4.1 and up
4.6,Fitness & Bodybuilding,HEALTH_AND_FITNESS,95.201,61M,500.0,Free,0.0,Everyone,Health & Fitness,2018-07-09,2.4.1,4.1 and up
4.5,A+ Gallery - Photos & Videos,PHOTOGRAPHY,223.941,Varies with device,1000.0,Free,0.0,Everyone,Photography,2018-08-06,Varies with device,Varies with device
4.1,taxi.eu,TRAVEL_AND_LOCAL,1.865,22M,10.0,Free,0.0,Everyone,Travel & Local,2018-06-28,10.7.1388,4.4 and up
4.1,Speed Racing Ultimate 2,GAME,66.894,Varies with device,100.0,Free,0.0,Everyone 10+,Racing,2018-07-21,Varies with device,Varies with device
4.2,I Know Stuff,GAME,214.923,Varies with device,500.0,Free,0.0,Everyone,Trivia,2018-07-31,9.1.3,4.1 and up
4.2,Rail Planner Eurail/Interrail,MAPS_AND_NAVIGATION,3.596,31M,100.0,Free,0.0,Everyone,Maps & Navigation,2018-06-15,3.0.1 (70),4.0 and up
4.6,Tasker,TOOLS,43.045,Varies with device,100.0,Paid,2.99,Everyone,Tools,2018-06-25,Varies with device,Varies with device
4.7,PlugShare,MAPS_AND_NAVIGATION,4.501,26M,10.0,Free,0.0,Teen,Maps & Navigation,2018-07-25,3.5.1,4.0.3 and up
4.3,Bird - Enjoy The Ride,TRAVEL_AND_LOCAL,2.649,25M,50.0,Free,0.0,Everyone,Travel & Local,2018-08-03,4.1.1,4.4 and up
4.8,Home Workout - No Equipment,HEALTH_AND_FITNESS,432.16,15M,1000.0,Free,0.0,Everyone,Health & Fitness,2018-06-28,Varies with device,Varies with device
3.5,myChevrolet,LIFESTYLE,6.747,Varies with device,100.0,Free,0.0,Everyone,Lifestyle,2018-06-11,Varies with device,Varies with device
4.0,Electric Car Taxi Driver: NY City Cab Taxi Games,FAMILY,5.886,54M,100.0,Free,0.0,Everyone,Simulation,2018-05-28,1.2,4.0 and up
4.6,PokeType - Dex,FAMILY,36.813,33M,50.0,Free,0.0,Everyone,Entertainment,2018-05-01,4.2.0,4.1 and up
4.3,Home Security Camera WardenCam - reuse old phones,HOUSE_AND_HOME,43.847,Varies with device,100.0,Free,0.0,Everyone,House & Home,2018-07-06,Varies with device,Varies with device
3.6,Survival Forest : Survivor Home Builder,FAMILY,9.389,64M,100.0,Free,0.0,Teen,Simulation,2018-05-31,1.3.4,4.0 and up
3.9,Doll House Design & Decoration 2: Girls House Game,FAMILY,2.338,45M,10.0,Free,0.0,Everyone,Simulation,2018-05-29,1.1,4.1 and up
4.2,eCooltra: scooter sharing. Share electric scooters,TRAVEL_AND_LOCAL,2.822,27M,10.0,Free,0.0,Everyone,Travel & Local,2018-07-27,1.21.2,4.1 and up
4.4,Design Home,FAMILY,539.931,69M,1000.0,Free,0.0,Everyone,Simulation,2018-08-06,1.11.01,4.2 and up
3.7,News 5 Cleveland,NEWS_AND_MAGAZINES,1.032,Varies with device,10.0,Free,0.0,Everyone,News & Magazines,2018-07-05,Varies with device,Varies with device
3.6,ABC15 Arizona,NEWS_AND_MAGAZINES,1.82,Varies with device,10.0,Free,0.0,Everyone,News & Magazines,2018-07-05,Varies with device,Varies with device
3.9,Mobile Strike,FAMILY,903.392,Varies with device,5000.0,Free,0.0,Everyone 10+,Strategy,2018-06-14,3.30.4.207,4.1 and up
3.8,European War 5:Empire,FAMILY,9.513,82M,10.0,Free,0.0,Everyone 10+,Strategy,2018-06-08,1.2.6,4.0.3 and up
4.0,Rescue Robots Survival Games,GAME,27.557,69M,500.0,Free,0.0,Teen,Action,2018-07-06,F2i,4.1 and up
4.1,Food Network,FAMILY,7.823,Varies with device,50.0,Free,0.0,Teen,Entertainment,2018-07-27,Varies with device,Varies with device
3.5,Storm Shield,WEATHER,2.0,14M,10.0,Free,0.0,Everyone,Weather,2018-07-31,4.1.12,5.0 and up
4.5,TRANSFORMERS: Earth Wars,FAMILY,256.219,95M,1000.0,Free,0.0,Everyone,Strategy,2018-07-31,1.64.0.21247,4.2 and up
3.8,WPTV 5 West Palm Beach,NEWS_AND_MAGAZINES,1.093,Varies with device,10.0,Free,0.0,Everyone 10+,News & Magazines,2018-07-05,Varies with device,Varies with device
4.1,Web Browser for Android,COMMUNICATION,55.11,4.3M,100.0,Free,0.0,Everyone,Communication,2018-06-20,2.2,4.0 and up
3.7,OMG Gross Zit - Date Nightmare,FAMILY,70.105,67M,1000.0,Free,0.0,Everyone,Casual,2018-06-06,1.0.3,4.1 and up
3.5,GO SMS PRO EMOJI PLUGIN,PERSONALIZATION,84.779,8.5M,500.0,Free,0.0,Everyone,Personalization,2018-06-04,2.4,4.0 and up
4.4,Bike Race - Bike Blast Rush,GAME,83.891,48M,1000.0,Free,0.0,Everyone,Action,2018-07-19,3.1,4.0 and up
4.0,Subway Simulator 3D,FAMILY,25.489,62M,100.0,Free,0.0,Everyone,Simulation,2018-08-06,2.9.0,4.1 and up
4.4,XE Currency,TRAVEL_AND_LOCAL,77.585,Varies with device,1000.0,Free,0.0,Everyone,Travel & Local,2018-07-31,Varies with device,Varies with device
4.5,Deus Ex GO,FAMILY,9.699,23M,10.0,Paid,0.99,Teen,Puzzle,2018-07-23,2.1.111374,4.2 and up
4.3,BakaReader EX,BOOKS_AND_REFERENCE,8.894,2.3M,10.0,Free,0.0,Everyone,Books & Reference,2018-07-23,1.1.51,4.0 and up
4.4,Eyes - The Scary Horror Game Adventure,GAME,499.483,99M,1000.0,Free,0.0,Teen,Adventure,2018-08-02,5.6.14,4.1 and up
4.4,Jungle Monkey Run,GAME,54.082,21M,1000.0,Free,0.0,Everyone,Adventure,2018-07-11,1.6.8,4.0.3 and up
4.1,Etihad Airways,TRAVEL_AND_LOCAL,3.674,61M,50.0,Free,0.0,Everyone,Travel & Local,2018-07-09,1.8.1 (41),5.0 and up
3.6,EZCast – Cast Media to TV,VIDEO_PLAYERS,32.112,Varies with device,100.0,Free,0.0,Everyone,Video Players & Editors,2018-07-04,Varies with device,Varies with device
4.0,EZ Receipts,FINANCE,2.187,Varies with device,10.0,Free,0.0,Everyone,Finance,2018-08-01,Varies with device,Varies with device
4.4,"Messages, Text and Video Chat for Messenger",SOCIAL,49.58,4.0M,1000.0,Free,0.0,Everyone,Social,2018-06-04,1.24,4.1 and up
4.2,All Social Networks,SOCIAL,22.65,1.5M,100.0,Free,0.0,Everyone,Social,2018-05-21,2.4.12,4.0 and up
4.3,Premier League - Official App,SPORTS,63.782,24M,500.0,Free,0.0,Everyone,Sports,2018-08-07,1.1.5,4.1 and up
4.4,Golden HoYeah Slots - Real Casino Slots,GAME,201.537,68M,500.0,Free,0.0,Teen,Casino,2018-08-01,2.1.7,4.0.3 and up
4.3,FaFaFa™ Gold Casino: Free slot machines,GAME,11.051,44M,100.0,Free,0.0,Teen,Casino,2018-06-25,1.9.58,4.0.3 and up
4.3,Messenger Messenger,SOCIAL,38.826,7.0M,1000.0,Free,0.0,Everyone,Social,2018-08-07,1.6,4.1 and up
4.4,Farm Heroes Saga,FAMILY,7615.646,71M,10000.0,Free,0.0,Everyone,Casual,2018-08-07,5.2.6,2.3 and up
4.5,Heart of Vegas™ Slots – Free Slot Casino Games,GAME,264.282,48M,1000.0,Free,0.0,Teen,Casino,2018-07-12,3.10.43,4.0.3 and up
4.6,Fallout Shelter,FAMILY,2721.923,25M,1000.0,Free,0.0,Teen,Simulation,2018-06-11,1.13.12,4.1 and up
4.3,Authy 2-Factor Authentication,TOOLS,15.07,6.3M,100.0,Free,0.0,Everyone,Tools,2018-07-30,23.2.7,4.0.3 and up
4.1,Facejjang,PHOTOGRAPHY,100.179,96M,1000.0,Free,0.0,Everyone,Photography,2018-05-17,2.52,4.0.3 and up
4.4,Block Puzzle - Wood Legend,FAMILY,318.867,10M,1000.0,Free,0.0,Everyone,Puzzle,2018-07-06,26,4.0.3 and up
3.5,Soccer 2018,SPORTS,172.373,47M,1000.0,Free,0.0,Everyone,Sports,2018-07-12,1.3,4.3 and up
4.1,Flash Light on Call & SMS,TOOLS,25.438,3.2M,100.0,Free,0.0,Everyone,Tools,2018-04-24,1.2.3,4.0.3 and up
4.2,Facebook Creator,SOCIAL,3.895,Varies with device,100.0,Free,0.0,Teen,Social,2018-06-27,176.0.0.29.0,4.4 and up
4.3,Swift for Facebook Lite,SOCIAL,9.562,5.8M,50.0,Free,0.0,Teen,Social,2018-05-31,4.1.0,Varies with device
4.5,Friendly for Facebook,SOCIAL,42.621,23M,100.0,Free,0.0,Teen,Social,2018-08-07,2.1.05,4.4 and up
4.0,Facebook Pages Manager,BUSINESS,1279.8,Varies with device,5000.0,Free,0.0,Everyone,Business,2018-08-06,Varies with device,Varies with device
4.3,Faster for Facebook Lite,SOCIAL,24.456,4.6M,100.0,Free,0.0,Teen,Social,2018-05-29,4.7,4.1 and up
4.1,Facebook Ads Manager,BUSINESS,19.051,Varies with device,100.0,Free,0.0,Everyone,Business,2018-08-01,99.0.0.35.75,4.1 and up
4.3,Lite for Facebook Messenger,COMMUNICATION,76.498,4.3M,100.0,Free,0.0,Teen,Communication,2018-06-20,6.3.2,Varies with device
4.7,Profile Tracker - Who Viewed My Facebook Profile,SOCIAL,37.09,4.8M,50.0,Free,0.0,Teen,Social,2018-08-01,5.4,4.1 and up
4.1,Pink Color for Facebook,SOCIAL,5.285,4.0M,50.0,Free,0.0,Everyone,Social,2018-07-01,2.0.5,4.1 and up
4.1,Messenger,SOCIAL,68.025,3.9M,1000.0,Free,0.0,Everyone,Social,2018-04-16,1,4.1 and up
4.6,Who Viewed My Facebook Profile - Stalkers Visitors,SOCIAL,273.244,9.9M,500.0,Free,0.0,Everyone,Social,2018-06-24,4.1.1,4.0.3 and up
4.2,Messenger Kids – Safer Messaging and Video Chat,FAMILY,3.478,Varies with device,50.0,Free,0.0,Everyone,Communication;Creativity,2018-08-06,33.0.0.22.76,4.4 and up
4.3,Phoenix - Facebook & Messenger,SOCIAL,9.606,3.4M,10.0,Free,0.0,Teen,Social,2018-07-18,2.2.0717,5.0 and up
4.2,Faster Social for Facebook,SOCIAL,1.236,3.3M,10.0,Free,0.0,Teen,Social,2018-08-02,1.8,4.3 and up
4.7,FC Barcelona Official Keyboard,SPORTS,5.229,20M,50.0,Free,0.0,Everyone,Sports,2018-05-17,2.1.0.0.15734,4.1 and up
4.6,FC Bayern Munich,SPORTS,37.14,71M,100.0,Free,0.0,Everyone,Sports,2018-08-01,1.3.11,4.1 and up
4.6,1. FC Köln App,SPORTS,2.019,41M,10.0,Free,0.0,Everyone,Sports,2018-07-20,1.13.0,4.4 and up
4.3,File Commander - File Manager/Explorer,BUSINESS,758.59,12M,10000.0,Free,0.0,Everyone,Business,2018-08-02,Varies with device,4.1 and up
4.9,FC Porto,SPORTS,15.883,21M,10.0,Free,0.0,Everyone,Sports,2018-06-19,2.6.0,4.0.3 and up
4.5,Chelsea FC Official Keyboard,PRODUCTIVITY,91.397,14M,100.0,Free,0.0,Everyone,Productivity,2018-07-03,3.4.4,5.0 and up
4.8,The 5th Stand,SPORTS,1.697,17M,10.0,Free,0.0,Everyone,Sports,2018-07-31,1.2.677,4.4 and up
4.5,FC Zenit official Android app,SPORTS,5.675,49M,10.0,Free,0.0,Everyone,Sports,2018-04-18,3.0.10,4.1 and up
4.1,Mobile FC,SPORTS,5.015,57M,10.0,Free,0.0,Everyone,Sports,2018-05-25,125,4.0.3 and up
4.1,"FirstCry Baby & Kids Shopping, Fashion & Parenting",SHOPPING,41.074,16M,500.0,Free,0.0,Everyone,Shopping,2018-06-27,68,4.1 and up
3.9,Female Daily,BEAUTY,4.354,42M,10.0,Free,0.0,Teen,Beauty,2018-08-06,2.5.1,4.0.3 and up
4.6,Financial Calculator India,FINANCE,13.819,3.9M,100.0,Free,0.0,Everyone,Finance,2018-07-04,3.3,4.0 and up
4.6,Fire Emblem Heroes,FAMILY,407.694,Varies with device,500.0,Free,0.0,Teen,Simulation,2018-07-19,2.7.1,4.2 and up
4.5,Garena Free Fire,GAME,5534.114,53M,10000.0,Free,0.0,Teen,Action,2018-08-03,1.21.0,4.0.3 and up
4.5,Burn Your Fat With Me! FG,HEALTH_AND_FITNESS,38.487,60M,100.0,Free,0.0,Teen,Health & Fitness,2018-07-03,5.1.0,4.1 and up
4.3,BROTHER IN WARS: GUNNER CITY WARLORDS,GAME,8.649,39M,100.0,Free,0.0,Teen,Action,2018-07-26,1.0.3,4.2 and up
4.5,Angry Birds Space HD,GAME,43.645,46M,500.0,Free,0.0,Everyone,Arcade,2018-05-25,2.2.13,4.1 and up
3.8,Police Car Driver,GAME,83.671,30M,1000.0,Free,0.0,Everyone 10+,Racing,2018-05-04,9,4.1 and up
4.2,Crazy Bike attack Racing New: motorcycle racing,GAME,20.364,45M,500.0,Free,0.0,Everyone,Racing,2018-07-12,1.2.1,4.1 and up
4.1,Fields of Battle,GAME,71.476,50M,100.0,Free,0.0,Everyone 10+,Action,2018-04-21,2.14,4.0 and up
4.0,Family Guy The Quest for Stuff,GAME,995.002,Varies with device,1000.0,Free,0.0,Mature 17+,Adventure,2018-07-25,1.73.0,4.1 and up
4.1,Leghe Fantagazzetta,SPORTS,79.464,27M,100.0,Free,0.0,Everyone,Sports,2018-08-06,5.0.8,4.4 and up
3.7,Scary Video Maker,FAMILY,9.296,28M,50.0,Free,0.0,Teen,Entertainment,2018-07-24,1.14,4.1 and up
4.3,PBS KIDS Games,FAMILY,12.919,94M,100.0,Free,0.0,Everyone,Educational;Education,2018-06-06,1.15.2,4.4 and up
4.5,Family Guy- Another Freakin' Mobile Game,FAMILY,221.691,94M,500.0,Free,0.0,Teen,Puzzle,2018-08-06,1.20.22,4.0.3 and up
4.3,Shoot Hunter-Gun Killer,GAME,320.334,27M,5000.0,Free,0.0,Teen,Action,2018-08-08,1.1.2,4.1 and up
4.2,Strike! Ten Pin Bowling,SPORTS,18.584,49M,500.0,Free,0.0,Everyone,Sports,2018-06-27,1.7.0,4.1 and up
4.4,Talking Tom Bubble Shooter,FAMILY,687.136,54M,5000.0,Free,0.0,Everyone,Casual,2018-05-25,1.5.3.20,4.1 and up
4.4,Talking Husky Dog,FAMILY,26.545,40M,100.0,Free,0.0,Everyone,Casual,2018-07-20,2.08,4.1 and up
4.2,Bubble Bird Rescue,FAMILY,70.753,14M,500.0,Free,0.0,Everyone,Puzzle,2018-08-07,1.8.6,4.0.3 and up
3.3,Real Airplane Flight Simulator: Pilot Games,FAMILY,21.735,37M,100.0,Free,0.0,Everyone,Simulation,2018-07-11,1.0.03,4.0 and up
3.9,Dolphin and fish coloring book,FAMILY,2.249,Varies with device,50.0,Free,0.0,Everyone,Art & Design;Creativity,2018-05-15,Varies with device,4.1 and up
4.0,WeFi - Free Fast WiFi Connect & Find Wi-Fi Map,COMMUNICATION,13.469,5.1M,100.0,Free,0.0,Everyone,Communication,2018-06-05,4.7.0.2200000,4.0 and up
2.1,Candy simply-Fi,LIFESTYLE,2.39,35M,10.0,Free,0.0,Everyone,Lifestyle,2018-07-17,1.8.4.7,4.4 and up
4.5,Wi-Fi Master,TOOLS,3.673,5.8M,50.0,Free,0.0,Everyone,Tools,2018-07-24,1.2.1,4.1 and up
3.9,TownWiFi | Wi-Fi Everywhere,COMMUNICATION,2.372,58M,50.0,Free,0.0,Everyone,Communication,2018-08-02,4.2.1,4.2 and up
4.2,osmino Wi-Fi: free WiFi,TOOLS,134.203,4.1M,1000.0,Free,0.0,Everyone,Tools,2018-08-07,6.06.14,4.4 and up
4.2,FJ 4x4 Cruiser Snow Driving,FAMILY,1.619,43M,50.0,Free,0.0,Everyone,Simulation,2018-06-04,1.3,4.0 and up
4.3,Cake Shop - Kids Cooking,FAMILY,30.668,33M,500.0,Free,0.0,Everyone,Casual;Pretend Play,2018-07-16,2.1.3181,4.0.3 and up
4.1,Fun Kid Racing - Motocross,FAMILY,59.768,Varies with device,1000.0,Free,0.0,Everyone,Racing;Action & Adventure,2018-08-07,3.53,4.2 and up
4.0,Motocross Beach Jumping 3D,FAMILY,105.954,43M,1000.0,Free,0.0,Teen,Simulation,2018-06-05,1.7.3,4.1 and up
3.5,Offroad drive : 4x4 driving game,GAME,2.071,36M,10.0,Free,0.0,Everyone,Racing,2018-06-29,1.0.3,4.1 and up
4.4,Rope Hero: Vice Town,GAME,452.589,99M,1000.0,Free,0.0,Mature 17+,Action,2018-07-01,2.2,4.0 and up
4.2,Drive 4x4 Luxury SUV Jeep,GAME,2.183,46M,50.0,Free,0.0,Everyone,Racing,2018-07-10,1.12,2.3 and up
3.9,Funny Jokes,FAMILY,2.505,2.9M,10.0,Free,0.0,Mature 17+,Entertainment,2018-06-18,1.2,4.1 and up
4.0,Navy Gunner Shoot War 3D,GAME,103.199,44M,1000.0,Free,0.0,Teen,Action,2018-08-02,1.0.7.8,4.2 and up
4.4,FK,MEDICAL,1.517,8.5M,10.0,Free,0.0,Everyone,Medical,2018-07-13,2.5.9,2.3 and up
4.4,Fairy Kingdom: World of Magic and Farming,FAMILY,129.542,63M,100.0,Free,0.0,Everyone,Strategy;Creativity,2018-07-23,2.4.9,4.0.3 and up
4.8,Kernel Manager for Franco Kernel ✨,TOOLS,12.7,10M,10.0,Paid,3.49,Everyone,Tools,2018-08-03,3.2.5,5.0 and up
4.0,Toy Truck Rally 3D,GAME,301.895,25M,5000.0,Free,0.0,Everyone,Racing,2018-05-23,1.4.4,4.1 and up
4.1,My MLS App,LIFESTYLE,1.213,13M,10.0,Free,0.0,Everyone,Lifestyle,2018-06-04,2.8.4,4.0.3 and up
4.5,WSVN - 7 News Miami,NEWS_AND_MAGAZINES,3.32,14M,10.0,Free,0.0,Everyone,News & Magazines,2018-08-03,v4.30.0.9,5.0 and up
3.9,WICShopper,SHOPPING,3.023,Varies with device,50.0,Free,0.0,Everyone,Shopping,2018-07-26,Varies with device,Varies with device
3.9,Football Manager Mobile 2018,SPORTS,11.46,Varies with device,10.0,Paid,8.99,Everyone,Sports,2018-06-27,Varies with device,4.1 and up
4.6,Podcast App: Free & Offline Podcasts by Player FM,NEWS_AND_MAGAZINES,66.407,19M,100.0,Free,0.0,Teen,News & Magazines,2018-07-25,4.1.0.72,4.0 and up
3.9,Motorola FM Radio,VIDEO_PLAYERS,54.815,Varies with device,10000.0,Free,0.0,Everyone,Video Players & Editors,2018-05-02,Varies with device,Varies with device
4.5,Magnum 3.0 Gun Custom SImulator,GAME,16.815,59M,100.0,Free,0.0,Teen,Action,2018-08-04,1.0404,4.0.3 and up
4.6,Solitaire+,GAME,11.235,Varies with device,10.0,Paid,2.99,Everyone,Card,2018-07-30,Varies with device,Varies with device
4.4,Fresh News,NEWS_AND_MAGAZINES,2.207,9.8M,10.0,Free,0.0,Everyone,News & Magazines,2018-07-26,41,4.1 and up
4.3,Fruit Ninja Classic,GAME,85.468,36M,100.0,Paid,0.99,Everyone,Arcade,2018-06-08,2.4.1.485300,4.0.3 and up
4.3,Zombie Defense,FAMILY,275.048,41M,1000.0,Free,0.0,Teen,Strategy,2018-06-22,12.2,2.3 and up
3.8,Stylish Fonts,PERSONALIZATION,153.176,4.3M,1000.0,Free,0.0,Everyone,Personalization,2018-08-07,1.17,4.0.3 and up
4.4,Lalafo Pulsuz Elanlar,SHOPPING,61.392,Varies with device,100.0,Free,0.0,Everyone,Shopping,2018-08-08,Varies with device,Varies with device
4.4,My Earthquake Alerts - US & Worldwide Earthquakes,WEATHER,3.471,Varies with device,10.0,Free,0.0,Everyone,Weather,2018-07-24,Varies with device,Varies with device
4.2,Free Slideshow Maker & Video Editor,PHOTOGRAPHY,162.564,11M,1000.0,Free,0.0,Everyone,Photography,2018-08-05,5.2,4.0 and up
4.2,Frontline Terrorist Battle Shoot: Free FPS Shooter,GAME,9.183,49M,100.0,Free,0.0,Mature 17+,Action,2018-06-22,1.1,4.4 and up
4.4,Firefox Focus: The privacy browser,COMMUNICATION,36.981,4.0M,100.0,Free,0.0,Everyone,Communication,2018-07-06,5.2,5.0 and up
4.4,Thumbnail Maker,PHOTOGRAPHY,26.252,24M,100.0,Free,0.0,Everyone,Photography,2018-05-26,1.7,4.2 and up
4.2,MOD-MASTER for Minecraft PE (Pocket Edition) Free,TOOLS,271.908,8.1M,1000.0,Free,0.0,Everyone,Tools,2018-08-02,3.3.0,4.0 and up
4.3,MX Player Codec (ARMv7),LIBRARIES_AND_DEMO,332.083,6.3M,1000.0,Free,0.0,Everyone,Libraries & Demo,2018-04-23,1.9.19,4.0 and up
3.6,FreedomPop Messaging Phone/SIM,COMMUNICATION,9.894,39M,50.0,Free,0.0,Everyone,Communication,2018-07-26,23.01.1265.0712,4.1 and up
4.2,Fingerprint Quick Action,TOOLS,8.484,1.7M,100.0,Free,0.0,Everyone,Tools,2018-07-22,0.15.2,6.0 and up
4.5,Slickdeals: Coupons & Shopping,SHOPPING,33.599,12M,100.0,Free,0.0,Everyone,Shopping,2018-07-30,3.9,4.4 and up
4.3,Modern Strike Online,GAME,834.117,44M,1000.0,Free,0.0,Teen,Action,2018-07-30,1.25.4,4.1 and up
4.3,Big Hunter,GAME,245.455,84M,1000.0,Free,0.0,Everyone 10+,Action,2018-05-31,2.8.6,4.0 and up
4.2,Soccer Clubs Logo Quiz,GAME,21.661,16M,100.0,Free,0.0,Everyone,Trivia,2018-05-24,1.3.81,4.0 and up
4.4,Sid Story,GAME,28.51,78M,50.0,Free,0.0,Teen,Card,2018-08-01,2.6.6,4.0.3 and up
4.2,Reindeer VPN - Proxy VPN,TOOLS,7.339,4.0M,10.0,Free,0.0,Everyone,Tools,2018-05-10,1.74,4.1 and up
4.7,Inf VPN - Global Proxy & Unlimited Free WIFI VPN,TOOLS,61.445,7.8M,100.0,Free,0.0,Everyone,Tools,2018-07-26,1.9.734,4.1 and up
4.6,Fuel Rewards® program,LIFESTYLE,32.433,46M,100.0,Free,0.0,Everyone,Lifestyle,2018-06-26,2.9.1,5.0 and up
4.7,Fr Daoud Lamei,SOCIAL,2.036,6.8M,10.0,Free,0.0,Everyone,Social,2018-05-20,1.72,4.0.3 and up
4.3,Fatal Raid - No.1 Mobile FPS,GAME,56.496,81M,100.0,Free,0.0,Teen,Action,2018-08-07,1.5.447,4.0 and up
4.2,Poker Pro.Fr,GAME,5.442,17M,10.0,Free,0.0,Teen,Card,2018-05-22,4.1.3,2.3 and up
4.7,Castle Clash: RPG War and Strategy FR,FAMILY,376.223,24M,100.0,Free,0.0,Everyone,Strategy,2018-07-18,1.4.2,4.1 and up
4.2,Golden Dictionary (FR-AR),BOOKS_AND_REFERENCE,5.775,4.9M,50.0,Free,0.0,Everyone,Books & Reference,2018-07-19,7.0.4.6,4.2 and up
4.5,iHoroscope - 2018 Daily Horoscope & Astrology,LIFESTYLE,398.307,19M,1000.0,Free,0.0,Everyone,Lifestyle,2018-07-25,Varies with device,Varies with device
